location_id,name,brand,address,city,state,zip_code,phone,latitude,longitude,website,is_kroger_banner,status,status_basis,source,api_collected_at_utc
01100260,Kroger - Corner Village,KROGER,300 N Dean Rd,Auburn,AL,36830,3348211325.0,32.6105645,-85.463195,,True,active,Returned by Kroger official Locations API on 2026-09-01,Kroger official Locations API,2026-09-01T18:57:47.243730+00:00
02600854,Kroger - Decatur,KROGER,1101 Beltline RD SE STE A,Decatur,AL,35601,2563509770.0,34.5601579,-86.9763541,,True,active,Returned by Kroger official Locations API on 2026-09-01,Kroger official Locations API,2026-09-01T18:57:47.243730+00:00
02600894,Kroger - Crestwood Shopping Center,KROGER,241 Highway 31 SW Ste K,Hartselle,AL,35640,2567736413.0,34.4394583,-86.9428297,,True,active,Returned by Kroger official Locations API on 2026-09-01,Kroger official Locations API,2026-09-01T18:57:47.243730+00:00
02600517,Kroger - Kroger Moores Mill Road Huntsville,KROGER,6070 Moores Mill Rd,Huntsville,AL,35811,2568525770.0,34.800504,-86.534893,,True,active,Returned by Kroger official Locations API on 2026-09-01,Kroger official Locations API,2026-09-01T18:57:47.243730+00:00
02600508,Kroger - Kroger Oakwood Ave Huntsville,KROGER,2110 Oakwood Ave Nw,Huntsville,AL,35810,2565360715.0,34.750633,-86.600692,,True,active,Returned by Kroger official Locations API on 2026-09-01,Kroger official Locations API,2026-09-01T18:57:47.243730+00:00
02600849,Kroger - Logan Square,KROGER,8404 Memorial Pkwy Sw,Huntsville,AL,35802,2568815696.0,34.6566463,-86.5712873,,True,active,Returned by Kroger official Locations API on 2026-09-01,Kroger official Locations API,2026-09-01T18:57:47.243730+00:00
02600677,Kroger - Watercress,KROGER,7090 Highway 72 W,Huntsville,AL,35806,2567260600.0,34.757011,-86.711877,,True,active,Returned by Kroger official Locations API on 2026-09-01,Kroger official Locations API,2026-09-01T18:57:47.243730+00:00
01100310,Kroger - Lanett,KROGER,1401 S Gilmer Ave,Lanett,AL,36863,3346442100.0,32.855689,-85.190821,,True,active,Returned by Kroger official Locations API on 2026-09-01,Kroger official Locations API,2026-09-01T18:57:47.243730+00:00
02600606,Kroger - Kroger County Line Rd,KROGER,8855 Highway 72 W,Madison,AL,35758,2568704350.0,34.744504,-86.784721,,True,active,Returned by Kroger official Locations API on 2026-09-01,Kroger official Locations API,2026-09-01T18:57:47.243730+00:00
02600605,Kroger - Midtown Marketplace,KROGER,4579 Wall Triana Hwy,Madison,AL,35758,2564610914.0,34.7087169,-86.7488221,,True,active,Returned by Kroger official Locations API on 2026-09-01,Kroger official Locations API,2026-09-01T18:57:47.243730+00:00
01100631,Kroger - Tiger Town,KROGER,2460 Enterprise Dr,Opelika,AL,36801,3347372643.0,32.6207323,-85.4116953,,True,active,Returned by Kroger official Locations API on 2026-09-01,Kroger official Locations API,2026-09-01T18:57:47.243730+00:00
02500687,Kroger - Batesville AR,KROGER,303 S Saint Louis St,Batesville,AR,72501,8707932143.0,35.7761297,-91.639709,,True,active,Returned by Kroger official Locations API on 2026-09-01,Kroger official Locations API,2026-09-01T18:57:47.243730+00:00
02500637,Kroger - Benton - Military Rd,KROGER,1410 Military Rd,Benton,AR,72015,5017760301.0,34.578061,-92.5776107,,True,active,Returned by Kroger official Locations API on 2026-09-01,Kroger official Locations API,2026-09-01T18:57:47.243730+00:00
02500629,Kroger Marketplace - Benton Marketplace,KROGER,20820 Interstate 30 N,Benton,AR,72019,5015743880.0,34.61071,-92.53078,,True,active,Returned by Kroger official Locations API on 2026-09-01,Kroger official Locations API,2026-09-01T18:57:47.243730+00:00
02500465,Kroger - Blytheville,KROGER,400 W Moultrie Dr,Blytheville,AR,72315,8707637524.0,35.9371785,-89.9069518,,True,active,Returned by Kroger official Locations API on 2026-09-01,Kroger official Locations API,2026-09-01T18:57:47.243730+00:00
02500613,Kroger - Cabot,KROGER,1295 W Main St,Cabot,AR,72023,5016285185.0,34.9752199,-92.028805,,True,active,Returned by Kroger official Locations API on 2026-09-01,Kroger official Locations API,2026-09-01T18:57:47.243730+00:00
02500652,Kroger - Conway - Oak St,KROGER,101 Oak St,Conway,AR,72032,5013298009.0,35.0904062,-92.4284337,,True,active,Returned by Kroger official Locations API on 2026-09-01,Kroger official Locations API,2026-09-01T18:57:47.243730+00:00
02500625,Kroger Marketplace - Conway Marketplace,KROGER,855 Salem Rd,Conway,AR,72034,5013293628.0,35.089251,-92.4723198,,True,active,Returned by Kroger official Locations API on 2026-09-01,Kroger official Locations API,2026-09-01T18:57:47.243730+00:00
02500619,Kroger - Hot Springs - Airport,KROGER,215 Airport Rd,Hot Springs,AR,71913,5016233340.0,34.4882784,-93.087213,,True,active,Returned by Kroger official Locations API on 2026-09-01,Kroger official Locations API,2026-09-01T18:57:47.243730+00:00
02500590,Kroger - Hot Springs - Central,KROGER,3341 Central Ave,Hot Springs,AR,71913,5016240259.0,34.4738846,-93.0591943,,True,active,Returned by Kroger official Locations API on 2026-09-01,Kroger official Locations API,2026-09-01T18:57:47.243730+00:00
02500621,Kroger - Hot Springs - Mall,KROGER,4407 Central Ave,Hot Springs,AR,71913,5015257083.0,34.4503642,-93.0744193,,True,active,Returned by Kroger official Locations API on 2026-09-01,Kroger official Locations API,2026-09-01T18:57:47.243730+00:00
02500614,Kroger - Jacksonville,KROGER,103 Gregory Pl,Jacksonville,AR,72076,5019820151.0,34.8791531,-92.1101049,,True,active,Returned by Kroger official Locations API on 2026-09-01,Kroger official Locations API,2026-09-01T18:57:47.243730+00:00
02500409,Kroger Marketplace - Jonesboro Marketplace,KROGER,1725 S Caraway Rd,Jonesboro,AR,72401,8709729990.0,35.823776,-90.679944,,True,active,Returned by Kroger official Locations API on 2026-09-01,Kroger official Locations API,2026-09-01T18:57:47.243730+00:00
02500582,Kroger - Colony West,KROGER,10300 N Rodney Parham Rd,Little Rock,AR,72227,5012276364.0,34.7683326,-92.3879841,,True,active,Returned by Kroger official Locations API on 2026-09-01,Kroger official Locations API,2026-09-01T18:57:47.243730+00:00
02500550,Kroger - E Roosevelt,KROGER,1100 E Roosevelt Rd,Little Rock,AR,72206,5013750585.0,34.7248922,-92.2609776,,True,active,Returned by Kroger official Locations API on 2026-09-01,Kroger official Locations API,2026-09-01T18:57:47.243730+00:00
02500627,Kroger - Geyer Springs,KROGER,8824 Geyer Springs Rd,Little Rock,AR,72209,5015682330.0,34.6700644,-92.3458356,,True,active,Returned by Kroger official Locations API on 2026-09-01,Kroger official Locations API,2026-09-01T18:57:47.243730+00:00
02500636,Kroger - Hillcrest,KROGER,614 Beechwood St,Little Rock,AR,72205,5016660102.0,34.7567667,-92.3248647,,True,active,Returned by Kroger official Locations API on 2026-09-01,Kroger official Locations API,2026-09-01T18:57:47.243730+00:00
02500630,Kroger - Markham,KROGER,8415 W Markham St,Little Rock,AR,72205,5012277262.0,34.7518831,-92.3682139,,True,active,Returned by Kroger official Locations API on 2026-09-01,Kroger official Locations API,2026-09-01T18:57:47.243730+00:00
02500644,Kroger - The Heights,KROGER,1900 N Polk St,Little Rock,AR,72207,5016634748.0,34.7695589,-92.33521,,True,active,Returned by Kroger official Locations API on 2026-09-01,Kroger official Locations API,2026-09-01T18:57:47.243730+00:00
02500744,Kroger - The Heights Fuel,KROGER,6702 Cantrell Rd,Little Rock,AR,72207,5012744991.0,34.7685958,-92.349927,,True,active,Returned by Kroger official Locations API on 2026-09-01,Kroger official Locations API,2026-09-01T18:57:47.243730+00:00
02500622,Kroger Marketplace - Cantrell Marketplace,KROGER,14000 Cantrell Rd,Little Rock,AR,72223,5012254588.0,34.804101,-92.428925,,True,active,Returned by Kroger official Locations API on 2026-09-01,Kroger official Locations API,2026-09-01T18:57:47.243730+00:00
02500623,Kroger Marketplace - Chenal Marketplace,KROGER,16105 Chenal Pkwy Ste B,Little Rock,AR,72223,5012177910.0,34.7561924,-92.4490834,,True,active,Returned by Kroger official Locations API on 2026-09-01,Kroger official Locations API,2026-09-01T18:57:47.243730+00:00
02500606,Kroger - Maumelle,KROGER,110 Commons Dr,Maumelle,AR,72113,5012107670.0,34.8478559,-92.4084377,,True,active,Returned by Kroger official Locations API on 2026-09-01,Kroger official Locations API,2026-09-01T18:57:47.243730+00:00
02500638,Kroger - Camp Robinson,KROGER,4401 Camp Robinson Rd,North Little Rock,AR,72118,5017586858.0,34.7950808,-92.2729244,,True,active,Returned by Kroger official Locations API on 2026-09-01,Kroger official Locations API,2026-09-01T18:57:47.243730+00:00
02500642,Kroger - Indian Hills,KROGER,6929 John F Kennedy Blvd,North Little Rock,AR,72116,5018350400.0,34.8195081,-92.2386516,,True,active,Returned by Kroger official Locations API on 2026-09-01,Kroger official Locations API,2026-09-01T18:57:47.243730+00:00
02500639,Kroger - McCain,KROGER,2509 Mccain Blvd,North Little Rock,AR,72116,5017588660.0,34.7978933,-92.235763,,True,active,Returned by Kroger official Locations API on 2026-09-01,Kroger official Locations API,2026-09-01T18:57:47.243730+00:00
02500624,Kroger - Russellville,KROGER,1109 W Main St,Russellville,AR,72801,4798903400.0,35.2795664,-93.1435668,,True,active,Returned by Kroger official Locations API on 2026-09-01,Kroger official Locations API,2026-09-01T18:57:47.243730+00:00
02500469,Kroger - W Memphis,KROGER,300 S Service Rd,West Memphis,AR,72301,8707322692.0,35.167868,-90.191514,,True,active,Returned by Kroger official Locations API on 2026-09-01,Kroger official Locations API,2026-09-01T18:57:47.243730+00:00
01100397,Kroger - Butler Creek,KROGER,3330 Cobb Pkwy NW Ste 200,Acworth,GA,30101,7709758652.0,34.036344,-84.6770134,,True,active,Returned by Kroger official Locations API on 2026-09-01,Kroger official Locations API,2026-09-01T18:57:47.243730+00:00
01100291,Kroger - Cherokee Commons,KROGER,6199 Highway 92,Acworth,GA,30102,7709249102.0,34.0904699,-84.585295,,True,active,Returned by Kroger official Locations API on 2026-09-01,Kroger official Locations API,2026-09-01T18:57:47.243730+00:00
01100442,Kroger - Stilesboro Oaks,KROGER,1720 Mars Hill Rd NW,Acworth,GA,30101,7704195490.0,33.9958096,-84.7045479,,True,active,Returned by Kroger official Locations API on 2026-09-01,Kroger official Locations API,2026-09-01T18:57:47.243730+00:00
01100415,Kroger - Crabapple,KROGER,12460 Crabapple Rd,Alpharetta,GA,30004,7707402050.0,34.0857179,-84.3567523,,True,active,Returned by Kroger official Locations API on 2026-09-01,Kroger official Locations API,2026-09-01T18:57:47.243730+00:00
01100444,Kroger - Grassland Crossing,KROGER,5665 Atlanta Hwy,Alpharetta,GA,30004,7707525380.0,34.1451658,-84.2498665,,True,active,Returned by Kroger official Locations API on 2026-09-01,Kroger official Locations API,2026-09-01T18:57:47.243730+00:00
01100344,Kroger - Haynes Market,KROGER,3000 Old Alabama Rd,Alpharetta,GA,30022,7707517384.0,34.0230965,-84.2715981,,True,active,Returned by Kroger official Locations API on 2026-09-01,Kroger official Locations API,2026-09-01T18:57:47.243730+00:00
01100390,Kroger - Saddlebrook,KROGER,10945 State Bridge Rd,Alpharetta,GA,30022,7707513000.0,34.0496921,-84.2228106,,True,active,Returned by Kroger official Locations API on 2026-09-01,Kroger official Locations API,2026-09-01T18:57:47.243730+00:00
01100495,Kroger - Windward Commons,KROGER,12870 Highway 9 N,Alpharetta,GA,30004,7707723699.0,34.0963,-84.27771,,True,active,Returned by Kroger official Locations API on 2026-09-01,Kroger official Locations API,2026-09-01T18:57:47.243730+00:00
01100428,Kroger - Alps Village,KROGER,191 Alps Rd,Athens,GA,30606,7065430209.0,33.9472876,-83.4080077,,True,active,Returned by Kroger official Locations API on 2026-09-01,Kroger official Locations API,2026-09-01T18:57:47.243730+00:00
01100435,Kroger - Epps Village,KROGER,1720 Epps Bridge Pkwy,Athens,GA,30606,7065838900.0,33.9131649,-83.4463404,,True,active,Returned by Kroger official Locations API on 2026-09-01,Kroger official Locations API,2026-09-01T18:57:47.243730+00:00
01100665,Kroger Marketplace - College Station,KROGER,2040 Barnett Shoals Rd,Athens,GA,30605,7065341660.0,33.9230575,-83.34312,,True,active,Returned by Kroger official Locations API on 2026-09-01,Kroger official Locations API,2026-09-01T18:57:47.243730+00:00
01100618,Kroger Marketplace - Trail Creek Village,KROGER,700 Highway 29 N,Athens,GA,30601,7067153738.0,33.9956197,-83.3342437,,True,active,Returned by Kroger official Locations API on 2026-09-01,Kroger official Locations API,2026-09-01T18:57:47.243730+00:00
01100298,Kroger - Ansley Mall,KROGER,1700 Monroe Dr NE,Atlanta,GA,30324,4048720782.0,33.80054,-84.3730262,,True,active,Returned by Kroger official Locations API on 2026-09-01,Kroger official Locations API,2026-09-01T18:57:47.243730+00:00
01100465,Kroger - Cascade Corners,KROGER,3425 Cascade Rd SW,Atlanta,GA,30311,4045058855.0,33.724311,-84.4990675,,True,active,Returned by Kroger official Locations API on 2026-09-01,Kroger official Locations API,2026-09-01T18:57:47.243730+00:00
01100412,Kroger - Cascade-Citi Center,KROGER,590 Cascade Ave SW,Atlanta,GA,30310,4047561140.0,33.7374549,-84.433074,,True,active,Returned by Kroger official Locations API on 2026-09-01,Kroger official Locations API,2026-09-01T18:57:47.243730+00:00
01100461,Kroger - Edgewood,KROGER,1225 Caroline St NE,Atlanta,GA,30307,4048804105.0,33.756079,-84.3480363,,True,active,Returned by Kroger official Locations API on 2026-09-01,Kroger official Locations API,2026-09-01T18:57:47.243730+00:00
01100685,Kroger - Embry Village,KROGER,3559 Chamblee Tucker Rd,Atlanta,GA,30341,7702436211.0,33.883897,-84.247698,,True,active,Returned by Kroger official Locations API on 2026-09-01,Kroger official Locations API,2026-09-01T18:57:47.243730+00:00
01100350,Kroger - Fountain Oaks,KROGER,4920 Roswell Rd,Atlanta,GA,30342,4048433080.0,33.8898191,-84.3834045,,True,active,Returned by Kroger official Locations API on 2026-09-01,Kroger official Locations API,2026-09-01T18:57:47.243730+00:00
01100672,Kroger - Glenwood Kroger,KROGER,800 Glenwood Ave SE,Atlanta,GA,30316,4704475030.0,33.742558,-84.35962,,True,active,Returned by Kroger official Locations API on 2026-09-01,Kroger official Locations API,2026-09-01T18:57:47.243730+00:00
01100462,Kroger - Greenbriar Crossing,KROGER,3030 Headland Dr SW,Atlanta,GA,30311,4043440177.0,33.6868782,-84.4877367,,True,active,Returned by Kroger official Locations API on 2026-09-01,Kroger official Locations API,2026-09-01T18:57:47.243730+00:00
01100346,Kroger - Howell Mill Square,KROGER,1715 Howell Mill Rd NW,Atlanta,GA,30318,4043557886.0,33.8018234,-84.4124991,,True,active,Returned by Kroger official Locations API on 2026-09-01,Kroger official Locations API,2026-09-01T18:57:47.243730+00:00
01100364,Kroger - Metropolitan Citi-Center,KROGER,2685 Metropolitan Pkwy SW,Atlanta,GA,30315,4047617409.0,33.682837,-84.409058,,True,active,Returned by Kroger official Locations API on 2026-09-01,Kroger official Locations API,2026-09-01T18:57:47.243730+00:00
01100324,Kroger - Orchard Park,KROGER,2090 Dunwoody Club Dr,Atlanta,GA,30350,7703919035.0,33.9608906,-84.3011506,,True,active,Returned by Kroger official Locations API on 2026-09-01,Kroger official Locations API,2026-09-01T18:57:47.243730+00:00
01100695,Kroger - Ponce,KROGER,725 Ponce de Leon Ave NE,Atlanta,GA,30306,4703514222.0,33.771651,-84.363357,,True,active,Returned by Kroger official Locations API on 2026-09-01,Kroger official Locations API,2026-09-01T18:57:47.243730+00:00
01100488,Kroger - Ripplewater Village,KROGER,1160 Moreland Ave SE,Atlanta,GA,30316,4046248110.0,33.7224318,-84.347745,,True,active,Returned by Kroger official Locations API on 2026-09-01,Kroger official Locations API,2026-09-01T18:57:47.243730+00:00
01100655,Kroger - Sage Hill,KROGER,1799 Briarcliff Rd NE,Atlanta,GA,30306,4046071189.0,33.8041591,-84.3363931,,True,active,Returned by Kroger official Locations API on 2026-09-01,Kroger official Locations API,2026-09-01T18:57:47.243730+00:00
01100318,Kroger - Toco Hills,KROGER,2205 Lavista Rd NE,Atlanta,GA,30329,4046338694.0,33.815719,-84.31316,,True,active,Returned by Kroger official Locations API on 2026-09-01,Kroger official Locations API,2026-09-01T18:57:47.243730+00:00
01100664,Kroger - Eisenhower Crossing,KROGER,3942 Harper Franklin Ave,Augusta,GA,30909,7062615201.0,33.446596,-82.119164,,True,active,Returned by Kroger official Locations API on 2026-09-01,Kroger official Locations API,2026-09-01T18:57:47.243730+00:00
01100676,Kroger - Washington Walk,KROGER,2801 Washington Rd,Augusta,GA,30909,7067317300.0,33.5118756,-82.0293532,,True,active,Returned by Kroger official Locations API on 2026-09-01,Kroger official Locations API,2026-09-01T18:57:47.243730+00:00
01100622,Kroger Marketplace - Bethlehem,KROGER,995 Loganville Hwy,Bethlehem,GA,30620,4709002340.0,33.9409021,-83.76235,,True,active,Returned by Kroger official Locations API on 2026-09-01,Kroger official Locations API,2026-09-01T18:57:47.243730+00:00
01100641,Kroger Marketplace - Nixon Crossing Marketplace,KROGER,774 Highway 96,Bonaire,GA,31005,4789885700.0,32.552589,-83.659703,,True,active,Returned by Kroger official Locations API on 2026-09-01,Kroger official Locations API,2026-09-01T18:57:47.243730+00:00
01100491,Kroger - Cherokee Plaza,KROGER,3871 Peachtree Rd NE,Brookhaven,GA,30319,4042400808.0,33.85637,-84.3446936,,True,active,Returned by Kroger official Locations API on 2026-09-01,Kroger official Locations API,2026-09-01T18:57:47.243730+00:00
01100494,Kroger - Hamilton Ridge,KROGER,3300 Hamilton Mill Rd,Buford,GA,30519,7706141081.0,34.0932104,-83.9375302,,True,active,Returned by Kroger official Locations API on 2026-09-01,Kroger official Locations API,2026-09-01T18:57:47.243730+00:00
01100393,Kroger - Calhoun Place,KROGER,136 W Belmont Dr,Calhoun,GA,30701,7066254303.0,34.4780605,-84.9375148,,True,active,Returned by Kroger official Locations API on 2026-09-01,Kroger official Locations API,2026-09-01T18:57:47.243730+00:00
01100402,Kroger - Canton,KROGER,4045 Marietta Hwy,Canton,GA,30114,7703453644.0,34.193141,-84.5076025,,True,active,Returned by Kroger official Locations API on 2026-09-01,Kroger official Locations API,2026-09-01T18:57:47.243730+00:00
01100680,Kroger - Hickory Flat Commons,KROGER,6766 Hickory Flat Hwy,Canton,GA,30115,7707217300.0,34.171429,-84.4166476,,True,active,Returned by Kroger official Locations API on 2026-09-01,Kroger official Locations API,2026-09-01T18:57:47.243730+00:00
01100408,Kroger - Woodmont Village,KROGER,8020 Cumming Hwy,Canton,GA,30115,7703458451.0,34.2524835,-84.3580832,,True,active,Returned by Kroger official Locations API on 2026-09-01,Kroger official Locations API,2026-09-01T18:57:47.243730+00:00
01100367,Kroger Marketplace - Carrollton Crossing,KROGER,1355 S Park St,Carrollton,GA,30117,7708328932.0,33.5531758,-85.0751547,,True,active,Returned by Kroger official Locations API on 2026-09-01,Kroger official Locations API,2026-09-01T18:57:47.243730+00:00
01100629,Kroger Marketplace - Cartersville Marketplace,KROGER,125 Main Street Market PL SE,Cartersville,GA,30121,7703868102.0,34.171616,-84.7767,,True,active,Returned by Kroger official Locations API on 2026-09-01,Kroger official Locations API,2026-09-01T18:57:47.243730+00:00
01100429,Kroger - Cedar Plaza,KROGER,730 N Main St,Cedartown,GA,30125,7707495090.0,34.0248526,-85.2484462,,True,active,Returned by Kroger official Locations API on 2026-09-01,Kroger official Locations API,2026-09-01T18:57:47.243730+00:00
01100471,Kroger - Old National,KROGER,6055 Old National Hwy,College Park,GA,30349,7709964441.0,33.5901144,-84.4705239,,True,active,Returned by Kroger official Locations API on 2026-09-01,Kroger official Locations API,2026-09-01T18:57:47.243730+00:00
01100320,Kroger - Conyers Square,KROGER,1745 Highway 138 SE STE A,Conyers,GA,30013,7709228753.0,33.6438111,-84.0170068,,True,active,Returned by Kroger official Locations API on 2026-09-01,Kroger official Locations API,2026-09-01T18:57:47.243730+00:00
01100621,Kroger - Covington Marketplace,KROGER,3700 Salem Rd,Covington,GA,30016,6783426039.0,33.59414,-83.9682982,,True,active,Returned by Kroger official Locations API on 2026-09-01,Kroger official Locations API,2026-09-01T18:57:47.243730+00:00
01100436,Kroger - Newton Crossroads,KROGER,5341 Highway 20 S,Covington,GA,30016,7707884000.0,33.5493011,-84.0152021,,True,active,Returned by Kroger official Locations API on 2026-09-01,Kroger official Locations API,2026-09-01T18:57:47.243730+00:00
01100214,Kroger - Newton Plaza,KROGER,3139 Highway 278 NE,Covington,GA,30014,7707870724.0,33.6044583,-83.8589644,,True,active,Returned by Kroger official Locations API on 2026-09-01,Kroger official Locations API,2026-09-01T18:57:47.243730+00:00
01100432,Kroger - Greens Corner,KROGER,2325 Bethelview Rd,Cumming,GA,30040,7708881020.0,34.2384495,-84.1931129,,True,active,Returned by Kroger official Locations API on 2026-09-01,Kroger official Locations API,2026-09-01T18:57:47.243730+00:00
01100473,Kroger - Keith Bridge Commons,KROGER,2655 Freedom Pkwy,Cumming,GA,30041,7707816683.0,34.2508344,-84.0912207,,True,active,Returned by Kroger official Locations API on 2026-09-01,Kroger official Locations API,2026-09-01T18:57:47.243730+00:00
01100486,Kroger - Sharon Greens,KROGER,1595 Peachtree Pkwy,Cumming,GA,30041,6784554580.0,34.1222698,-84.1689119,,True,active,Returned by Kroger official Locations API on 2026-09-01,Kroger official Locations API,2026-09-01T18:57:47.243730+00:00
01100627,Kroger Marketplace - Bethelview Plaza,KROGER,5550 Bethelview Rd,Cumming,GA,30040,6784564052.0,34.169778,-84.185635,,True,active,Returned by Kroger official Locations API on 2026-09-01,Kroger official Locations API,2026-09-01T18:57:47.243730+00:00
01100635,Kroger - Dacula,KROGER,505 Dacula Rd,Dacula,GA,30019,6784078739.0,34.0012709,-83.9058238,,True,active,Returned by Kroger official Locations API on 2026-09-01,Kroger official Locations API,2026-09-01T18:57:47.243730+00:00
01100457,Kroger - Mountain Crossing,KROGER,2700 Braselton Hwy,Dacula,GA,30019,7706141020.0,34.0515213,-83.9302969,,True,active,Returned by Kroger official Locations API on 2026-09-01,Kroger official Locations API,2026-09-01T18:57:47.243730+00:00
01100634,Kroger - Dallas,KROGER,8876 Dallas Acworth Hwy,Dallas,GA,30132,6785747173.0,34.0107831,-84.7521,,True,active,Returned by Kroger official Locations API on 2026-09-01,Kroger official Locations API,2026-09-01T18:57:47.243730+00:00
01100673,Kroger - Dallas Commons,KROGER,455 Nathan Dean Blvd,Dallas,GA,30132,7704430811.0,33.9108875,-84.822827,,True,active,Returned by Kroger official Locations API on 2026-09-01,Kroger official Locations API,2026-09-01T18:57:47.243730+00:00
01100458,Kroger - Dalton Plaza,KROGER,1365 W Walnut Ave,Dalton,GA,30720,7062700843.0,34.7588247,-84.9944607,,True,active,Returned by Kroger official Locations API on 2026-09-01,Kroger official Locations API,2026-09-01T18:57:47.243730+00:00
01100265,Kroger - Whitfield Square,KROGER,1205 N Glenwood Ave,Dalton,GA,30721,7062267998.0,34.792096,-84.9637409,,True,active,Returned by Kroger official Locations API on 2026-09-01,Kroger official Locations API,2026-09-01T18:57:47.243730+00:00
01100670,Kroger Marketplace - Dawsonville Marketplace,KROGER,378 Marketplace Pkwy,Dawsonville,GA,30534,4703751989.0,34.350197,-84.053207,,True,active,Returned by Kroger official Locations API on 2026-09-01,Kroger official Locations API,2026-09-01T18:57:47.243730+00:00
01100475,Kroger - Chapel Hills Commons,KROGER,4919 Flat Shoals Pkwy,Decatur,GA,30034,7703228984.0,33.6791479,-84.2285409,,True,active,Returned by Kroger official Locations API on 2026-09-01,Kroger official Locations API,2026-09-01T18:57:47.243730+00:00
01100459,Kroger - North Decatur,KROGER,2875 N Decatur Rd,Decatur,GA,30033,4042945311.0,33.7918881,-84.2734003,,True,active,Returned by Kroger official Locations API on 2026-09-01,Kroger official Locations API,2026-09-01T18:57:47.243730+00:00
01100375,Kroger - Wesley Corners,KROGER,2385 Wesley Chapel Rd,Decatur,GA,30035,7709870633.0,33.7183148,-84.2174249,,True,active,Returned by Kroger official Locations API on 2026-09-01,Kroger official Locations API,2026-09-01T18:57:47.243730+00:00
01100391,Kroger - Douglas Commons,KROGER,8501 Hospital Dr,Douglasville,GA,30134,7709494091.0,33.749269,-84.7323434,,True,active,Returned by Kroger official Locations API on 2026-09-01,Kroger official Locations API,2026-09-01T18:57:47.243730+00:00
01100485,Kroger - Douglasville,KROGER,3875 Chapel Hill Rd,Douglasville,GA,30135,7709477144.0,33.6996627,-84.7186933,,True,active,Returned by Kroger official Locations API on 2026-09-01,Kroger official Locations API,2026-09-01T18:57:47.243730+00:00
01100366,Kroger - Park Plaza,KROGER,3251 Highway 5,Douglasville,GA,30135,7709201880.0,33.719279,-84.7661173,,True,active,Returned by Kroger official Locations API on 2026-09-01,Kroger official Locations API,2026-09-01T18:57:47.243730+00:00
01100616,Kroger - Ridge Crossing,KROGER,4815 Ridge Rd,Douglasville,GA,30134,7709491652.0,33.8190562,-84.8125894,,True,active,Returned by Kroger official Locations API on 2026-09-01,Kroger official Locations API,2026-09-01T18:57:47.243730+00:00
01100674,Kroger - Dublin Village,KROGER,1100 Hillcrest Pkwy,Dublin,GA,31021,4782773081.0,32.5444659,-82.9375341,,True,active,Returned by Kroger official Locations API on 2026-09-01,Kroger official Locations API,2026-09-01T18:57:47.243730+00:00
01100381,Kroger - Peachtree Hill,KROGER,3455 Peachtree Industrial Blvd,Duluth,GA,30096,7704767914.0,34.0058429,-84.1730832,,True,active,Returned by Kroger official Locations API on 2026-09-01,Kroger official Locations API,2026-09-01T18:57:47.243730+00:00
01100636,Kroger - Reynolds Crossing,KROGER,3093 Steve Reynolds Blvd,Duluth,GA,30096,7702250955.0,33.960459,-84.1437596,,True,active,Returned by Kroger official Locations API on 2026-09-01,Kroger official Locations API,2026-09-01T18:57:47.243730+00:00
01100476,Kroger - Sugarloaf Parkway,KROGER,6555 Sugarloaf Pkwy,Duluth,GA,30097,7708147190.0,33.9979602,-84.0898735,,True,active,Returned by Kroger official Locations API on 2026-09-01,Kroger official Locations API,2026-09-01T18:57:47.243730+00:00
01100210,Kroger - Georgetown,KROGER,4498 Chamblee Dunwoody Rd,Dunwoody,GA,30338,7704518350.0,33.9226262,-84.3159392,,True,active,Returned by Kroger official Locations API on 2026-09-01,Kroger official Locations API,2026-09-01T18:57:47.243730+00:00
01100427,Kroger - Fairview Oaks,KROGER,101 Fairview Rd,Ellenwood,GA,30294,7703897080.0,33.6193236,-84.2390944,,True,active,Returned by Kroger official Locations API on 2026-09-01,Kroger official Locations API,2026-09-01T18:57:47.243730+00:00
01100414,Kroger - Evans Crossing,KROGER,4355 Washington Rd,Evans,GA,30809,7068684510.0,33.5417455,-82.1321558,,True,active,Returned by Kroger official Locations API on 2026-09-01,Kroger official Locations API,2026-09-01T18:57:47.243730+00:00
01100315,Kroger - Banks Crossing,KROGER,134 Banks Xing,Fayetteville,GA,30214,7704617602.0,33.4690874,-84.4488101,,True,active,Returned by Kroger official Locations API on 2026-09-01,Kroger official Locations API,2026-09-01T18:57:47.243730+00:00
01100490,Kroger - Fayetteville Town Center,KROGER,805 Glynn St S Ste 117,Fayetteville,GA,30214,7704616880.0,33.4328996,-84.4586692,,True,active,Returned by Kroger official Locations API on 2026-09-01,Kroger official Locations API,2026-09-01T18:57:47.243730+00:00
01100416,Kroger - Clearwater Crossing,KROGER,7380 Spout Springs Rd,Flowery Branch,GA,30542,7709655640.0,34.1074935,-83.8756151,,True,active,Returned by Kroger official Locations API on 2026-09-01,Kroger official Locations API,2026-09-01T18:57:47.243730+00:00
01100632,Kroger - Royal Lakes,KROGER,4025 Winder Hwy,Flowery Branch,GA,30542,7705395020.0,34.1964071,-83.8571975,,True,active,Returned by Kroger official Locations API on 2026-09-01,Kroger official Locations API,2026-09-01T18:57:47.243730+00:00
540FC004,Kroger - - Atlanta Shed,KROGER,2000 Anvil Block Rd STE C,Forest Park,GA,30297,,33.6196964,-84.3328015,,True,active,Returned by Kroger official Locations API on 2026-09-01,Kroger official Locations API,2026-09-01T18:57:47.243730+00:00
01100437,Kroger - Thompson Bridge Commons,KROGER,3630 Thompson Bridge Rd,Gainesville,GA,30506,7705321143.0,34.3735899,-83.8698354,,True,active,Returned by Kroger official Locations API on 2026-09-01,Kroger official Locations API,2026-09-01T18:57:47.243730+00:00
01100682,Kroger Marketplace - New Holland Market,KROGER,1931 Jesse Jewell PKWY SE,Gainesville,GA,30501,4702523182.0,34.315188,-83.798172,,True,active,Returned by Kroger official Locations API on 2026-09-01,Kroger official Locations API,2026-09-01T18:57:47.243730+00:00
01100480,Kroger - Grayson Commons,KROGER,1911 Grayson Hwy,Grayson,GA,30017,7702372531.0,33.8971903,-83.961997,,True,active,Returned by Kroger official Locations API on 2026-09-01,Kroger official Locations API,2026-09-01T18:57:47.243730+00:00
01100619,Kroger - Griffin,KROGER,1524 Highway 16 W,Griffin,GA,30223,7702297427.0,33.2450201,-84.2942214,,True,active,Returned by Kroger official Locations API on 2026-09-01,Kroger official Locations API,2026-09-01T18:57:47.243730+00:00
01100644,Kroger Marketplace - Grovetown Marketplace,KROGER,435 Lewiston Rd,Grovetown,GA,30813,7066193420.0,33.48969,-82.202014,,True,active,Returned by Kroger official Locations API on 2026-09-01,Kroger official Locations API,2026-09-01T18:57:47.243730+00:00
01100487,Kroger - Hinesville,KROGER,555 W Oglethorpe Hwy,Hinesville,GA,31313,9128766010.0,31.8357763,-81.5975332,,True,active,Returned by Kroger official Locations API on 2026-09-01,Kroger official Locations API,2026-09-01T18:57:47.243730+00:00
01100686,Kroger Marketplace - Hoschton,KROGER,175 Peachtree Exchange Blvd,Hoschton,GA,30548,7069211500.0,34.090157,-83.756741,,True,active,Returned by Kroger official Locations API on 2026-09-01,Kroger official Locations API,2026-09-01T18:57:47.243730+00:00
01100620,Kroger - Burgess Crossing,KROGER,115 Bill Wigington Pkwy,Jasper,GA,30143,7066921200.0,34.4666765,-84.4625828,,True,active,Returned by Kroger official Locations API on 2026-09-01,Kroger official Locations API,2026-09-01T18:57:47.243730+00:00
01100638,Kroger - Loggins Corner,KROGER,1685 Old Pendergrass Rd,Jefferson,GA,30549,7063877600.0,34.121943,-83.607031,,True,active,Returned by Kroger official Locations API on 2026-09-01,Kroger official Locations API,2026-09-01T18:57:47.243730+00:00
01100653,Kroger - Rivermont Station,KROGER,8465 Holcomb Bridge Rd Ste 2000,Johns Creek,GA,30022,7706501000.0,33.9874062,-84.2689539,,True,active,Returned by Kroger official Locations API on 2026-09-01,Kroger official Locations API,2026-09-01T18:57:47.243730+00:00
01100373,Kroger - Crossroads South,KROGER,8059 Tara Blvd,Jonesboro,GA,30236,7704785700.0,33.5342457,-84.3664788,,True,active,Returned by Kroger official Locations API on 2026-09-01,Kroger official Locations API,2026-09-01T18:57:47.243730+00:00
01100413,Kroger - Lovejoy Village,KROGER,10375 Tara Blvd,Jonesboro,GA,30236,7704776535.0,33.4721875,-84.3384717,,True,active,Returned by Kroger official Locations API on 2026-09-01,Kroger official Locations API,2026-09-01T18:57:47.243730+00:00
01100446,Kroger - Shiloh Square,KROGER,3895 Cherokee St NW,Kennesaw,GA,30144,7702187030.0,34.0486951,-84.6033157,,True,active,Returned by Kroger official Locations API on 2026-09-01,Kroger official Locations API,2026-09-01T18:57:47.243730+00:00
01100339,Kroger - Commerce Square,KROGER,203 Commerce Ave Ste A,LaGrange,GA,30241,7068836167.0,33.0507213,-85.0217752,,True,active,Returned by Kroger official Locations API on 2026-09-01,Kroger official Locations API,2026-09-01T18:57:47.243730+00:00
01100492,Kroger - Lake City Plaza,KROGER,5664 Jonesboro Rd,Lake City,GA,30260,7709609445.0,33.60025,-84.336962,,True,active,Returned by Kroger official Locations API on 2026-09-01,Kroger official Locations API,2026-09-01T18:57:47.243730+00:00
01100440,Kroger - Cruse Crossing,KROGER,950 Herrington Rd,Lawrenceville,GA,30044,7709956200.0,33.94039,-84.0830135,,True,active,Returned by Kroger official Locations API on 2026-09-01,Kroger official Locations API,2026-09-01T18:57:47.243730+00:00
01100352,Kroger - Lawrenceville Town Center,KROGER,455 Grayson Hwy,Lawrenceville,GA,30046,7709621063.0,33.9386887,-83.9825989,,True,active,Returned by Kroger official Locations API on 2026-09-01,Kroger official Locations API,2026-09-01T18:57:47.243730+00:00
01100374,Kroger - River Exhange,KROGER,2100 Riverside Pkwy,Lawrenceville,GA,30043,7709620890.0,33.965837,-84.033938,,True,active,Returned by Kroger official Locations API on 2026-09-01,Kroger official Locations API,2026-09-01T18:57:47.243730+00:00
01100424,Kroger - Russell Ridge,KROGER,1475 Buford Dr,Lawrenceville,GA,30043,7708226580.0,34.0049769,-83.9862692,,True,active,Returned by Kroger official Locations API on 2026-09-01,Kroger official Locations API,2026-09-01T18:57:47.243730+00:00
01100639,Kroger Marketplace - Martins Chapel Marketplace,KROGER,1006 Martins Chapel Rd,Lawrenceville,GA,30045,6783436560.0,33.948666,-83.925498,,True,active,Returned by Kroger official Locations API on 2026-09-01,Kroger official Locations API,2026-09-01T18:57:47.243730+00:00
01100438,Kroger - Beaver Ruin Village,KROGER,4155 Lawrenceville Hwy NW,Lilburn,GA,30047,7707173050.0,33.9047568,-84.1211716,,True,active,Returned by Kroger official Locations API on 2026-09-01,Kroger official Locations API,2026-09-01T18:57:47.243730+00:00
01100394,Kroger - Five Forks Crossing,KROGER,3050 Five Forks Trickum Rd SW,Lilburn,GA,30047,7709789264.0,33.8844257,-84.0602468,,True,active,Returned by Kroger official Locations API on 2026-09-01,Kroger official Locations API,2026-09-01T18:57:47.243730+00:00
01100376,Kroger - Westfork,KROGER,630 Thornton Rd,Lithia Springs,GA,30122,7707326999.0,33.7898073,-84.6200042,,True,active,Returned by Kroger official Locations API on 2026-09-01,Kroger official Locations API,2026-09-01T18:57:47.243730+00:00
01100445,Kroger - Lithonia,KROGER,6678 Covington Hwy,Lithonia,GA,30058,7705937110.0,33.718677,-84.1444901,,True,active,Returned by Kroger official Locations API on 2026-09-01,Kroger official Locations API,2026-09-01T18:57:47.243730+00:00
01100679,Kroger - Loganville Crossing,KROGER,4753 Atlanta Hwy,Loganville,GA,30052,6786394474.0,33.8312195,-83.8842679,,True,active,Returned by Kroger official Locations API on 2026-09-01,Kroger official Locations API,2026-09-01T18:57:47.243730+00:00
01100443,Kroger - Midway Plaza,KROGER,910 Athens Hwy,Loganville,GA,30052,7705541100.0,33.8593373,-83.9545782,,True,active,Returned by Kroger official Locations API on 2026-09-01,Kroger official Locations API,2026-09-01T18:57:47.243730+00:00
01100464,Kroger - Mableton Crossing,KROGER,4875 Floyd Rd SW,Mableton,GA,30126,7707453100.0,33.8352744,-84.5741757,,True,active,Returned by Kroger official Locations API on 2026-09-01,Kroger official Locations API,2026-09-01T18:57:47.243730+00:00
01100328,Kroger - Baconsfield,KROGER,660 North Ave,Macon,GA,31211,4787466300.0,32.8507908,-83.6259874,,True,active,Returned by Kroger official Locations API on 2026-09-01,Kroger official Locations API,2026-09-01T18:57:47.243730+00:00
01100400,Kroger - Bridge Pointe,KROGER,4321 Hartley Bridge Rd,Macon,GA,31216,4787881010.0,32.7450367,-83.7135919,,True,active,Returned by Kroger official Locations API on 2026-09-01,Kroger official Locations API,2026-09-01T18:57:47.243730+00:00
01100411,Kroger - Eisenhower Crossing,KROGER,4628 Presidential Pkwy,Macon,GA,31206,4784053910.0,32.8191186,-83.7109451,,True,active,Returned by Kroger official Locations API on 2026-09-01,Kroger official Locations API,2026-09-01T18:57:47.243730+00:00
01100378,Kroger - North Park,KROGER,220 Tom Hill Sr Blvd,Macon,GA,31210,4784747582.0,32.8986106,-83.6914209,,True,active,Returned by Kroger official Locations API on 2026-09-01,Kroger official Locations API,2026-09-01T18:57:47.243730+00:00
01100425,Kroger - Plantation Centre,KROGER,5928 Zebulon Rd,Macon,GA,31210,4787574150.0,32.8779858,-83.7602033,,True,active,Returned by Kroger official Locations API on 2026-09-01,Kroger official Locations API,2026-09-01T18:57:47.243730+00:00
01100355,Kroger - Wesleyan Station,KROGER,4650 Forsyth Rd,Macon,GA,31210,4784747410.0,32.87326,-83.709775,,True,active,Returned by Kroger official Locations API on 2026-09-01,Kroger official Locations API,2026-09-01T18:57:47.243730+00:00
01100498,Kroger - Battle Ridge Pavilion,KROGER,1690 Powder Springs Rd SW,Marietta,GA,30064,7702185699.0,33.9084559,-84.6031124,,True,active,Returned by Kroger official Locations API on 2026-09-01,Kroger official Locations API,2026-09-01T18:57:47.243730+00:00
01100365,Kroger - Chastain,KROGER,3595 Canton Rd,Marietta,GA,30066,7709247930.0,34.0386966,-84.5309268,,True,active,Returned by Kroger official Locations API on 2026-09-01,Kroger official Locations API,2026-09-01T18:57:47.243730+00:00
01100335,Kroger - Parkaire Landing,KROGER,4880 Lower Roswell Rd,Marietta,GA,30068,7709718801.0,33.9651166,-84.4089591,,True,active,Returned by Kroger official Locations API on 2026-09-01,Kroger official Locations API,2026-09-01T18:57:47.243730+00:00
01100454,Kroger - Pavilions At East Lake,KROGER,2100 Roswell Rd Ste 2140,Marietta,GA,30062,7703211080.0,33.9675443,-84.4879663,,True,active,Returned by Kroger official Locations API on 2026-09-01,Kroger official Locations API,2026-09-01T18:57:47.243730+00:00
01100657,Kroger - Sandy Plains Centre,KROGER,2960 Shallowford Rd,Marietta,GA,30066,7709777724.0,34.0347971,-84.4666413,,True,active,Returned by Kroger official Locations API on 2026-09-01,Kroger official Locations API,2026-09-01T18:57:47.243730+00:00
01100478,Kroger - Shallowford Falls,KROGER,3162 Johnson Ferry Rd,Marietta,GA,30062,7706506673.0,34.0260671,-84.4220731,,True,active,Returned by Kroger official Locations API on 2026-09-01,Kroger official Locations API,2026-09-01T18:57:47.243730+00:00
01100730,Kroger - Terrell Mill,KROGER,1310 Powers Ferry Rd SE,Marietta,GA,30067,4044967850.0,33.919522,-84.469097,,True,active,Returned by Kroger official Locations API on 2026-09-01,Kroger official Locations API,2026-09-01T18:57:47.243730+00:00
01100356,Kroger - Village Green,KROGER,3600 Dallas Hwy SW,Marietta,GA,30064,7704240040.0,33.9553155,-84.6562344,,True,active,Returned by Kroger official Locations API on 2026-09-01,Kroger official Locations API,2026-09-01T18:57:47.243730+00:00
01100455,Kroger - West Marietta Crossing,KROGER,1000 Whitlock Ave NW,Marietta,GA,30064,7704217676.0,33.9533665,-84.5813138,,True,active,Returned by Kroger official Locations API on 2026-09-01,Kroger official Locations API,2026-09-01T18:57:47.243730+00:00
01100294,Kroger - Merchants Village,KROGER,4115 Columbia Rd,Martinez,GA,30907,7068639635.0,33.5095909,-82.1081989,,True,active,Returned by Kroger official Locations API on 2026-09-01,Kroger official Locations API,2026-09-01T18:57:47.243730+00:00
01100405,Kroger - McDonough Crossing,KROGER,301 Jonesboro Rd,McDonough,GA,30253,7709544370.0,33.4526773,-84.1695762,,True,active,Returned by Kroger official Locations API on 2026-09-01,Kroger official Locations API,2026-09-01T18:57:47.243730+00:00
01100633,Kroger Marketplace - Union Grove Marketplace,KROGER,2000 Highway 155 N,McDonough,GA,30252,6783791000.0,33.505045,-84.141482,,True,active,Returned by Kroger official Locations API on 2026-09-01,Kroger official Locations API,2026-09-01T18:57:47.243730+00:00
01100694,Kroger - Milledgeville,KROGER,2809 N Columbia St,Milledgeville,GA,31061,4784142140.0,33.153436,-83.2718596,,True,active,Returned by Kroger official Locations API on 2026-09-01,Kroger official Locations API,2026-09-01T18:57:47.243730+00:00
01100363,Kroger - Merchants Crossing,KROGER,48 Bullsboro Dr,Newnan,GA,30263,7702514791.0,33.3849519,-84.7877185,,True,active,Returned by Kroger official Locations API on 2026-09-01,Kroger official Locations API,2026-09-01T18:57:47.243730+00:00
01100647,Kroger - Newnan Crossing,KROGER,1751 Newnan Crossing Blvd E,Newnan,GA,30265,6784235841.0,33.3771758,-84.7517354,,True,active,Returned by Kroger official Locations API on 2026-09-01,Kroger official Locations API,2026-09-01T18:57:47.243730+00:00
01100420,Kroger - Thomas Crossroads,KROGER,3150 Highway 34 E,Newnan,GA,30265,7702543030.0,33.4094181,-84.6795806,,True,active,Returned by Kroger official Locations API on 2026-09-01,Kroger official Locations API,2026-09-01T18:57:47.243730+00:00
01100389,Kroger - Singleton Square,KROGER,6050 Singleton Rd,Norcross,GA,30093,7702423340.0,33.9033629,-84.1996802,,True,active,Returned by Kroger official Locations API on 2026-09-01,Kroger official Locations API,2026-09-01T18:57:47.243730+00:00
01100784,Kroger - Mundy Mill,KROGER,4085 Mundy Mill Rd,Oakwood,GA,30566,6783439680.0,34.2414814,-83.879517,,True,active,Returned by Kroger official Locations API on 2026-09-01,Kroger official Locations API,2026-09-01T18:57:47.243730+00:00
01100388,Kroger - Braelinn Village,KROGER,564 Crosstown Dr,Peachtree City,GA,30269,7704873602.0,33.3769347,-84.5645978,,True,active,Returned by Kroger official Locations API on 2026-09-01,Kroger official Locations API,2026-09-01T18:57:47.243730+00:00
01100422,Kroger - Kedron Village,KROGER,1017 N Peachtree Pkwy,Peachtree City,GA,30269,7704867200.0,33.4392281,-84.5884266,,True,active,Returned by Kroger official Locations API on 2026-09-01,Kroger official Locations API,2026-09-01T18:57:47.243730+00:00
01100407,Kroger - Perry Market,KROGER,1367 Sam Nunn Blvd,Perry,GA,31069,4789888474.0,32.4673377,-83.7414495,,True,active,Returned by Kroger official Locations API on 2026-09-01,Kroger official Locations API,2026-09-01T18:57:47.243730+00:00
01100456,Kroger - Brownsville Commons,KROGER,4400 Brownsville Rd,Powder Springs,GA,30127,7702224200.0,33.8465711,-84.6993156,,True,active,Returned by Kroger official Locations API on 2026-09-01,Kroger official Locations API,2026-09-01T18:57:47.243730+00:00
01100453,Kroger - Varner Crossing,KROGER,4150 Macland Rd,Powder Springs,GA,30127,7702225180.0,33.9033852,-84.6751671,,True,active,Returned by Kroger official Locations API on 2026-09-01,Kroger official Locations API,2026-09-01T18:57:47.243730+00:00
01100688,Kroger - Richmond Hill,KROGER,53 Exchange St,Richmond Hill,GA,31324,9124593011.0,31.9565146,-81.3196117,,True,active,Returned by Kroger official Locations API on 2026-09-01,Kroger official Locations API,2026-09-01T18:57:47.243730+00:00
01100625,Kroger Marketplace - Rincon Marketplace,KROGER,461 S Columbia Ave,Rincon,GA,31326,9125847130.0,32.274895,-81.231965,,True,active,Returned by Kroger official Locations API on 2026-09-01,Kroger official Locations API,2026-09-01T18:57:47.243730+00:00
01100319,Kroger - Merchants Square,KROGER,7125 Highway 85,Riverdale,GA,30274,7709962508.0,33.5602882,-84.4160801,,True,active,Returned by Kroger official Locations API on 2026-09-01,Kroger official Locations API,2026-09-01T18:57:47.243730+00:00
01100667,Kroger - Riverbend Center,KROGER,1476 Turner McCall Blvd SW,Rome,GA,30161,7062908039.0,34.2482846,-85.1629119,,True,active,Returned by Kroger official Locations API on 2026-09-01,Kroger official Locations API,2026-09-01T18:57:47.243730+00:00
01100441,Kroger - Centennial Village,KROGER,2300 Holcomb Bridge Rd,Roswell,GA,30076,6783527488.0,34.0052869,-84.2947367,,True,active,Returned by Kroger official Locations API on 2026-09-01,Kroger official Locations API,2026-09-01T18:57:47.243730+00:00
01100497,Kroger - Coleman Village,KROGER,900 Marietta Hwy,Roswell,GA,30075,7706409199.0,34.0040692,-84.3894126,,True,active,Returned by Kroger official Locations API on 2026-09-01,Kroger official Locations API,2026-09-01T18:57:47.243730+00:00
01100431,Kroger - Mansell Village,KROGER,570 E Crossville Rd,Roswell,GA,30075,7706402070.0,34.0401035,-84.3454897,,True,active,Returned by Kroger official Locations API on 2026-09-01,Kroger official Locations API,2026-09-01T18:57:47.243730+00:00
01100467,Kroger - City Walk,KROGER,227 Sandy Springs Pl NE,Sandy Springs,GA,30328,4042563434.0,33.92016,-84.381495,,True,active,Returned by Kroger official Locations API on 2026-09-01,Kroger official Locations API,2026-09-01T18:57:47.243730+00:00
01100645,Kroger - Berwick Marketplace,KROGER,5720 Ogeechee Rd,Savannah,GA,31405,9122353420.0,32.0272744,-81.2258292,,True,active,Returned by Kroger official Locations API on 2026-09-01,Kroger official Locations API,2026-09-01T18:57:47.243730+00:00
01100418,Kroger - Downtown Savannah,KROGER,311 E Gwinnett St,Savannah,GA,31401,9122312260.0,32.065872,-81.09263,,True,active,Returned by Kroger official Locations API on 2026-09-01,Kroger official Locations API,2026-09-01T18:57:47.243730+00:00
01100460,Kroger - Kroger Savannah,KROGER,7 Diamond CSWY,Savannah,GA,31406,9123534345.0,31.956798,-81.098033,,True,active,Returned by Kroger official Locations API on 2026-09-01,Kroger official Locations API,2026-09-01T18:57:47.243730+00:00
01100979,Kroger - McAlpin Square,KROGER,1900 E Victory Dr Ste 12,Savannah,GA,31404,9122369321.0,32.0455123,-81.0679998,,True,active,Returned by Kroger official Locations API on 2026-09-01,Kroger official Locations API,2026-09-01T18:57:47.243730+00:00
01100609,Kroger - Wilmington Island,KROGER,495 Johnny Mercer Blvd,Savannah,GA,31410,9128973532.0,32.0161529,-80.9768114,,True,active,Returned by Kroger official Locations API on 2026-09-01,Kroger official Locations API,2026-09-01T18:57:47.243730+00:00
01100697,Kroger Marketplace - Savannah Marketwalk,KROGER,318 Mall Blvd Ste 100,Savannah,GA,31406,9122009158.0,32.00588,-81.112612,,True,active,Returned by Kroger official Locations API on 2026-09-01,Kroger official Locations API,2026-09-01T18:57:47.243730+00:00
01100699,Kroger - Smyrna,KROGER,3240 S Cobb Dr SE,Smyrna,GA,30080,7704333410.0,33.8751433,-84.5336284,,True,active,Returned by Kroger official Locations API on 2026-09-01,Kroger official Locations API,2026-09-01T18:57:47.243730+00:00
01100451,Kroger - Vinings Village,KROGER,4715 S Atlanta Rd SE,Smyrna,GA,30339,4047926990.0,33.8391681,-84.4822344,,True,active,Returned by Kroger official Locations API on 2026-09-01,Kroger official Locations API,2026-09-01T18:57:47.243730+00:00
01100484,Kroger - Everson Pointe,KROGER,3035 Scenic Hwy S Ste 19,Snellville,GA,30039,7709820655.0,33.8249409,-84.0332928,,True,active,Returned by Kroger official Locations API on 2026-09-01,Kroger official Locations API,2026-09-01T18:57:47.243730+00:00
01100483,Kroger - Presidential Commons,KROGER,1670 Scenic Hwy N,Snellville,GA,30078,7709853790.0,33.882987,-84.0078343,,True,active,Returned by Kroger official Locations API on 2026-09-01,Kroger official Locations API,2026-09-01T18:57:47.243730+00:00
01100493,Kroger - Spivey Junction,KROGER,1750 Hudson Bridge Rd,Stockbridge,GA,30281,7705077732.0,33.5031974,-84.244192,,True,active,Returned by Kroger official Locations API on 2026-09-01,Kroger official Locations API,2026-09-01T18:57:47.243730+00:00
01100369,Kroger - Stockbridge Village,KROGER,3618 Highway 138 SE,Stockbridge,GA,30281,7704745377.0,33.5502535,-84.2714308,,True,active,Returned by Kroger official Locations API on 2026-09-01,Kroger official Locations API,2026-09-01T18:57:47.243730+00:00
01100354,Kroger - Crowes Crossing,KROGER,1232 S Hairston Rd,Stone Mountain,GA,30088,4042926009.0,33.7593679,-84.1950041,,True,active,Returned by Kroger official Locations API on 2026-09-01,Kroger official Locations API,2026-09-01T18:57:47.243730+00:00
01100449,Kroger - Rockbridge Village,KROGER,1227 Rockbridge Rd,Stone Mountain,GA,30087,7702251877.0,33.8411557,-84.1329874,,True,active,Returned by Kroger official Locations API on 2026-09-01,Kroger official Locations API,2026-09-01T18:57:47.243730+00:00
01100687,Kroger - Sugar Hill,KROGER,6001 Cumming Hwy,Sugar Hill,GA,30518,6785462148.0,34.1220058,-84.0766676,,True,active,Returned by Kroger official Locations API on 2026-09-01,Kroger official Locations API,2026-09-01T18:57:47.243730+00:00
01100477,Kroger - Dean Taylor Crossing,KROGER,2121 Lawrenceville Suwanee Rd,Suwanee,GA,30024,7709627958.0,34.0034773,-84.0382911,,True,active,Returned by Kroger official Locations API on 2026-09-01,Kroger official Locations API,2026-09-01T18:57:47.243730+00:00
01100434,Kroger - Johns Creek,KROGER,3651 Peachtree Pkwy,Suwanee,GA,30024,7704182377.0,34.0695235,-84.1655638,,True,active,Returned by Kroger official Locations API on 2026-09-01,Kroger official Locations API,2026-09-01T18:57:47.243730+00:00
01100426,Kroger - Suwanee,KROGER,400 Peachtree Industrial Blvd,Suwanee,GA,30024,7709324377.0,34.06363,-84.0725,,True,active,Returned by Kroger official Locations API on 2026-09-01,Kroger official Locations API,2026-09-01T18:57:47.243730+00:00
01100482,Kroger - Cofer Crossing,KROGER,4357 Lawrenceville Hwy,Tucker,GA,30084,7709341104.0,33.8550929,-84.2069937,,True,active,Returned by Kroger official Locations API on 2026-09-01,Kroger official Locations API,2026-09-01T18:57:47.243730+00:00
01100212,Kroger - Northlake Lavista,KROGER,3959 Lavista Rd Ste A,Tucker,GA,30084,7709396304.0,33.843398,-84.2558491,,True,active,Returned by Kroger official Locations API on 2026-09-01,Kroger official Locations API,2026-09-01T18:57:47.243730+00:00
01100247,Kroger - Shannon Crossing,KROGER,4550 Jonesboro Rd,Union City,GA,30291,7709690269.0,33.5657545,-84.5367834,,True,active,Returned by Kroger official Locations API on 2026-09-01,Kroger official Locations API,2026-09-01T18:57:47.243730+00:00
01100696,Kroger - Crossroads Market,KROGER,3094 Watson Blvd,Warner Robins,GA,31093,4789712320.0,32.6189172,-83.6953165,,True,active,Returned by Kroger official Locations API on 2026-09-01,Kroger official Locations API,2026-09-01T18:57:47.243730+00:00
01100257,Kroger - Parkway Station,KROGER,115 Russell Pkwy,Warner Robins,GA,31088,4789229047.0,32.5922284,-83.6255568,,True,active,Returned by Kroger official Locations API on 2026-09-01,Kroger official Locations API,2026-09-01T18:57:47.243730+00:00
01100439,Kroger - Waycross,KROGER,1606 Memorial Dr,Waycross,GA,31501,9122872270.0,31.2066164,-82.3391679,,True,active,Returned by Kroger official Locations API on 2026-09-01,Kroger official Locations API,2026-09-01T18:57:47.243730+00:00
01100430,Kroger - Toonigh Village,KROGER,5341 Old Highway 5,Woodstock,GA,30188,7709242557.0,34.141211,-84.503869,,True,active,Returned by Kroger official Locations API on 2026-09-01,Kroger official Locations API,2026-09-01T18:57:47.243730+00:00
01100463,Kroger - Towne Lake,KROGER,2295 Towne Lake Pkwy,Woodstock,GA,30189,7705172080.0,34.1125992,-84.5556694,,True,active,Returned by Kroger official Locations API on 2026-09-01,Kroger official Locations API,2026-09-01T18:57:47.243730+00:00
01100419,Kroger - Woodstock Crossing,KROGER,12050 Highway 92 Ste 112,Woodstock,GA,30188,7705912890.0,34.0864683,-84.4861092,,True,active,Returned by Kroger official Locations API on 2026-09-01,Kroger official Locations API,2026-09-01T18:57:47.243730+00:00
02400672,Kroger - Anna Plaza,KROGER,45 Plaza Dr,Anna,IL,62906,6188334519.0,37.463816,-89.2305096,,True,active,Returned by Kroger official Locations API on 2026-09-01,Kroger official Locations API,2026-09-01T18:57:47.243730+00:00
02100531,Kroger - Bartonville Square,KROGER,1405 W Garfield Ave,Bartonville,IL,61607,3096978811.0,40.6462452,-89.6750279,,True,active,Returned by Kroger official Locations API on 2026-09-01,Kroger official Locations API,2026-09-01T18:57:47.243730+00:00
02100856,Kroger - Main Street,KROGER,1502 N Main St,Bloomington,IL,61701,3098285640.0,40.4942042,-88.9948284,,True,active,Returned by Kroger official Locations API on 2026-09-01,Kroger official Locations API,2026-09-01T18:57:47.243730+00:00
02100943,Kroger - Oakland,KROGER,2507 E Oakland Ave,Bloomington,IL,61701,3096625396.0,40.4718749,-88.9543931,,True,active,Returned by Kroger official Locations API on 2026-09-01,Kroger official Locations API,2026-09-01T18:57:47.243730+00:00
02100984,Kroger - Bourbonnais,KROGER,633 Armour Rd,Bourbonnais,IL,60914,8159351650.0,41.1638537,-87.8718982,,True,active,Returned by Kroger official Locations API on 2026-09-01,Kroger official Locations API,2026-09-01T18:57:47.243730+00:00
02100317,Kroger - Canton,KROGER,1741 E Chestnut St,Canton,IL,61520,3096471598.0,40.557523,-90.00565,,True,active,Returned by Kroger official Locations API on 2026-09-01,Kroger official Locations API,2026-09-01T18:57:47.243730+00:00
02400714,Kroger - N Giant City Road,KROGER,501 N Giant City Rd,Carbondale,IL,62901,6184575313.0,37.731068,-89.182823,,True,active,Returned by Kroger official Locations API on 2026-09-01,Kroger official Locations API,2026-09-01T18:57:47.243730+00:00
02100677,Kroger - Chillicothe,KROGER,605 S 4th St,Chillicothe,IL,61523,3092746281.0,40.902739,-89.495483,,True,active,Returned by Kroger official Locations API on 2026-09-01,Kroger official Locations API,2026-09-01T18:57:47.243730+00:00
02100922,Kroger - Brettwood Village,KROGER,3070 N Water St,Decatur,IL,62526,2178751296.0,39.8779267,-88.952885,,True,active,Returned by Kroger official Locations API on 2026-09-01,Kroger official Locations API,2026-09-01T18:57:47.243730+00:00
02100946,Kroger - Mt Zion,KROGER,1818 Airport Plz,Decatur,IL,62521,2178645031.0,39.8205993,-88.8819432,,True,active,Returned by Kroger official Locations API on 2026-09-01,Kroger official Locations API,2026-09-01T18:57:47.243730+00:00
02100924,Kroger - South Shores,KROGER,255 W 1st Dr,Decatur,IL,62521,2174294998.0,39.8214416,-88.9579138,,True,active,Returned by Kroger official Locations API on 2026-09-01,Kroger official Locations API,2026-09-01T18:57:47.243730+00:00
02100705,Kroger - East Peoria,KROGER,201 S Main St,East Peoria,IL,61611,3096946298.0,40.6646016,-89.5808218,,True,active,Returned by Kroger official Locations API on 2026-09-01,Kroger official Locations API,2026-09-01T18:57:47.243730+00:00
02400642,Kroger - Shawnee Square,KROGER,601 N Commercial St,Harrisburg,IL,62946,6182528677.0,37.7456519,-88.5256494,,True,active,Returned by Kroger official Locations API on 2026-09-01,Kroger official Locations API,2026-09-01T18:57:47.243730+00:00
02400746,Kroger - S Park Ave,KROGER,1609 S Park Ave,Herrin,IL,62948,6189424954.0,37.7883833,-89.0295537,,True,active,Returned by Kroger official Locations API on 2026-09-01,Kroger official Locations API,2026-09-01T18:57:47.243730+00:00
02400380,Kroger - Marion Pavillion,KROGER,1704 W Deyoung St,Marion,IL,62959,6189936330.0,37.7427572,-88.9457042,,True,active,Returned by Kroger official Locations API on 2026-09-01,Kroger official Locations API,2026-09-01T18:57:47.243730+00:00
02100647,Kroger - Morton Village Shopping Center,KROGER,1001 W Jackson St,Morton,IL,61550,3092665366.0,40.6211009,-89.4709273,,True,active,Returned by Kroger official Locations API on 2026-09-01,Kroger official Locations API,2026-09-01T18:57:47.243730+00:00
02400711,Kroger - King City Square,KROGER,415 S 42Nd St,Mount Vernon,IL,62864,6182446210.0,38.3116131,-88.9433448,,True,active,Returned by Kroger official Locations API on 2026-09-01,Kroger official Locations API,2026-09-01T18:57:47.243730+00:00
02400660,Kroger - Jackson Square,KROGER,550 E Industrial Park Rd,Murphysboro,IL,62966,6186873481.0,37.7883258,-89.323662,,True,active,Returned by Kroger official Locations API on 2026-09-01,Kroger official Locations API,2026-09-01T18:57:47.243730+00:00
02400915,Kroger - E St Louis St,KROGER,456 E Saint Louis St,Nashville,IL,62263,6183273413.0,38.3430413,-89.3793193,,True,active,Returned by Kroger official Locations API on 2026-09-01,Kroger official Locations API,2026-09-01T18:57:47.243730+00:00
02100347,Kroger - College Avenue,KROGER,1550 E College Ave,Normal,IL,61761,3094527476.0,40.5118284,-88.9561112,,True,active,Returned by Kroger official Locations API on 2026-09-01,Kroger official Locations API,2026-09-01T18:57:47.243730+00:00
02100704,Kroger - Kroger Ottawa,KROGER,2701 Columbus St,Ottawa,IL,61350,8154344400.0,41.370338,-88.838075,,True,active,Returned by Kroger official Locations API on 2026-09-01,Kroger official Locations API,2026-09-01T18:57:47.243730+00:00
02100933,Kroger - Ottawa South,KROGER,301 E Mckinley Rd,Ottawa,IL,61350,8154342001.0,41.3236542,-88.8360123,,True,active,Returned by Kroger official Locations API on 2026-09-01,Kroger official Locations API,2026-09-01T18:57:47.243730+00:00
02100923,Kroger - Pekin,KROGER,1607 Broadway St,Pekin,IL,61554,3093535300.0,40.5688641,-89.6284805,,True,active,Returned by Kroger official Locations API on 2026-09-01,Kroger official Locations API,2026-09-01T18:57:47.243730+00:00
02100917,Kroger - Lake Street,KROGER,801 W Lake Ave,Peoria,IL,61614,3096822173.0,40.7414064,-89.6042446,,True,active,Returned by Kroger official Locations API on 2026-09-01,Kroger official Locations API,2026-09-01T18:57:47.243730+00:00
02100918,Kroger - Lindbergh Drive,KROGER,9219 N Lindbergh Dr,Peoria,IL,61615,3096918701.0,40.7998179,-89.6117665,,True,active,Returned by Kroger official Locations API on 2026-09-01,Kroger official Locations API,2026-09-01T18:57:47.243730+00:00
02100953,Kroger - Sterling Locust Street,KROGER,2301 Locust St,Sterling,IL,61081,8156256405.0,41.8092328,-89.7009851,,True,active,Returned by Kroger official Locations API on 2026-09-01,Kroger official Locations API,2026-09-01T18:57:47.243730+00:00
02100982,Kroger - Streator,KROGER,2399 N Bloomington St,Streator,IL,61364,8156727871.0,41.1492535,-88.833386,,True,active,Returned by Kroger official Locations API on 2026-09-01,Kroger official Locations API,2026-09-01T18:57:47.243730+00:00
02100888,Kroger - Grand Plaza Shopping Center,KROGER,201 E Bidwell St,Taylorville,IL,62568,2178242911.0,39.560418,-89.294203,,True,active,Returned by Kroger official Locations API on 2026-09-01,Kroger official Locations API,2026-09-01T18:57:47.243730+00:00
02400687,Kroger - W Frankfort Plaza,KROGER,10 West Frankfort Plz,W Frankfort,IL,62896,6189374621.0,37.8956537,-88.9494096,,True,active,Returned by Kroger official Locations API on 2026-09-01,Kroger official Locations API,2026-09-01T18:57:47.243730+00:00
02100657,Kroger - Cherry Tree Shopping Center,KROGER,20 Cherry Tree Shopping Ctr,Washington,IL,61571,3094448585.0,40.706467,-89.4468667,,True,active,Returned by Kroger official Locations API on 2026-09-01,Kroger official Locations API,2026-09-01T18:57:47.243730+00:00
02100991,Kroger - Auburn,KROGER,1005 W 7Th St,Auburn,IN,46706,2609202165.0,41.3645251,-85.072349,,True,active,Returned by Kroger official Locations API on 2026-09-01,Kroger official Locations API,2026-09-01T18:57:47.243730+00:00
02100985,Kroger - Avon,KROGER,108 N Avon Ave,Avon,IN,46123,3172724130.0,39.764633,-86.401149,,True,active,Returned by Kroger official Locations API on 2026-09-01,Kroger official Locations API,2026-09-01T18:57:47.243730+00:00
01400406,Kroger - Batesville,KROGER,1034 State Road 229,Batesville,IN,47006,8129336200.0,39.3123314,-85.2148866,,True,active,Returned by Kroger official Locations API on 2026-09-01,Kroger official Locations API,2026-09-01T18:57:47.243730+00:00
02100330,Kroger - Bloomington,KROGER,1825 Kinser Pike,Bloomington,IN,47404,8123356760.0,39.1877202,-86.5400509,,True,active,Returned by Kroger official Locations API on 2026-09-01,Kroger official Locations API,2026-09-01T18:57:47.243730+00:00
02100900,Kroger - Bloomington South,KROGER,4025 S Old State Road 37,Bloomington,IN,47401,8128037240.0,39.1202673,-86.5293917,,True,active,Returned by Kroger official Locations API on 2026-09-01,Kroger official Locations API,2026-09-01T18:57:47.243730+00:00
02100960,Kroger - Highland Village,KROGER,500 S Liberty Dr,Bloomington,IN,47403,8123491385.0,39.1626033,-86.5805358,,True,active,Returned by Kroger official Locations API on 2026-09-01,Kroger official Locations API,2026-09-01T18:57:47.243730+00:00
02100928,Kroger - Jackson Creek,KROGER,1175 S College Mall Rd,Bloomington,IN,47401,8123335766.0,39.1537098,-86.4952801,,True,active,Returned by Kroger official Locations API on 2026-09-01,Kroger official Locations API,2026-09-01T18:57:47.243730+00:00
02100091,Kroger - Seminary Square,KROGER,528 S College Ave,Bloomington,IN,47403,8123393351.0,39.1598625,-86.5356065,,True,active,Returned by Kroger official Locations API on 2026-09-01,Kroger official Locations API,2026-09-01T18:57:47.243730+00:00
02100414,Kroger - Bluffton,KROGER,1555 S Harrison Plz,Bluffton,IN,46714,2608243700.0,40.7204247,-85.1672322,,True,active,Returned by Kroger official Locations API on 2026-09-01,Kroger official Locations API,2026-09-01T18:57:47.243730+00:00
02100248,Kroger - Forest Park Plaza,KROGER,100 Forest Park Plz,Brazil,IN,47834,8124462231.0,39.524706,-87.115888,,True,active,Returned by Kroger official Locations API on 2026-09-01,Kroger official Locations API,2026-09-01T18:57:47.243730+00:00
02100215,Kroger - Brownsburg,KROGER,975 N Green St,Brownsburg,IN,46112,3178526076.0,39.856306,-86.389359,,True,active,Returned by Kroger official Locations API on 2026-09-01,Kroger official Locations API,2026-09-01T18:57:47.243730+00:00
02100959,Kroger - Carmel Rangeline Road,KROGER,1217 S Rangeline Rd,Carmel,IN,46032,3178464818.0,39.9626058,-86.1253498,,True,active,Returned by Kroger official Locations API on 2026-09-01,Kroger official Locations API,2026-09-01T18:57:47.243730+00:00
02400762,Kroger - Clark Station,KROGER,305 E Lewis And Clark Pkwy,Clarksville,IN,47129,8129481728.0,38.310988,-85.7704604,,True,active,Returned by Kroger official Locations API on 2026-09-01,Kroger official Locations API,2026-09-01T18:57:47.243730+00:00
02100874,Kroger - Columbia City,KROGER,621 Country Side Dr,Columbia City,IN,46725,2602443290.0,41.1718108,-85.4824052,,True,active,Returned by Kroger official Locations API on 2026-09-01,Kroger official Locations API,2026-09-01T18:57:47.243730+00:00
02100710,Kroger Marketplace - Columbus Marketplace,KROGER,3060 N National Rd,Columbus,IN,47201,8123769451.0,39.2280428,-85.9023068,,True,active,Returned by Kroger official Locations API on 2026-09-01,Kroger official Locations API,2026-09-01T18:57:47.243730+00:00
01400827,Kroger - Connersville In,KROGER,516 W 30Th St,Connersville,IN,47331,7658275550.0,39.673009,-85.134549,,True,active,Returned by Kroger official Locations API on 2026-09-01,Kroger official Locations API,2026-09-01T18:57:47.243730+00:00
02100948,Kroger - Crawfordsville Square,KROGER,1660 Crawfordsville Square Dr,Crawfordsville,IN,47933,7653621084.0,40.02181,-86.900954,,True,active,Returned by Kroger official Locations API on 2026-09-01,Kroger official Locations API,2026-09-01T18:57:47.243730+00:00
02100947,Kroger - Danville Shopping Center,KROGER,785 E Main St,Danville,IN,46122,3177458020.0,39.756901,-86.509336,,True,active,Returned by Kroger official Locations API on 2026-09-01,Kroger official Locations API,2026-09-01T18:57:47.243730+00:00
02100407,Kroger - Decatur,KROGER,929 S 13Th St,Decatur,IN,46733,2607249925.0,40.8195723,-84.9359387,,True,active,Returned by Kroger official Locations API on 2026-09-01,Kroger official Locations API,2026-09-01T18:57:47.243730+00:00
02100886,Kroger - Hively,KROGER,130 W Hively Ave,Elkhart,IN,46517,5742946130.0,41.661767,-85.9662341,,True,active,Returned by Kroger official Locations API on 2026-09-01,Kroger official Locations API,2026-09-01T18:57:47.243730+00:00
02100895,Kroger - 116th Cumberland Road,KROGER,9799 E 116Th St,Fishers,IN,46037,3179135500.0,39.9548712,-85.9961063,,True,active,Returned by Kroger official Locations API on 2026-09-01,Kroger official Locations API,2026-09-01T18:57:47.243730+00:00
02100869,Kroger Marketplace - 116th Olio Road,KROGER,11700 Olio Rd,Fishers,IN,46037,3175988400.0,39.9577601,-85.9186702,,True,active,Returned by Kroger official Locations API on 2026-09-01,Kroger official Locations API,2026-09-01T18:57:47.243730+00:00
02100744,Kroger Marketplace - Kroger 116th and Allisonville Rd,KROGER,7450 Fishers Station Dr,Fishers,IN,46038,3175790201.0,39.9582932,-86.037009,,True,active,Returned by Kroger official Locations API on 2026-09-01,Kroger official Locations API,2026-09-01T18:57:47.243730+00:00
02100424,Kroger - Chestnut Plaza,KROGER,10230 Chestnut Plaza Dr,Fort Wayne,IN,46814,2606256031.0,41.0766873,-85.2761883,,True,active,Returned by Kroger official Locations API on 2026-09-01,Kroger official Locations API,2026-09-01T18:57:47.243730+00:00
02100425,Kroger - Georgetown,KROGER,6310 E State Blvd,Fort Wayne,IN,46815,2607495102.0,41.0999773,-85.0590253,,True,active,Returned by Kroger official Locations API on 2026-09-01,Kroger official Locations API,2026-09-01T18:57:47.243730+00:00
02100405,Kroger - North Clinton,KROGER,4120 N Clinton St,Fort Wayne,IN,46805,2604847021.0,41.1153329,-85.1293036,,True,active,Returned by Kroger official Locations API on 2026-09-01,Kroger official Locations API,2026-09-01T18:57:47.243730+00:00
02100929,Kroger - Southgate Plaza,KROGER,218 E Pettit Ave,Fort Wayne,IN,46806,2607457800.0,41.036179,-85.134261,,True,active,Returned by Kroger official Locations API on 2026-09-01,Kroger official Locations API,2026-09-01T18:57:47.243730+00:00
02100973,Kroger - St Joe Center,KROGER,6002 Saint Joe Center Rd,Fort Wayne,IN,46835,2604859611.0,41.1331416,-85.0651037,,True,active,Returned by Kroger official Locations API on 2026-09-01,Kroger official Locations API,2026-09-01T18:57:47.243730+00:00
02100410,Kroger - Waynedale,KROGER,7008 Bluffton Rd,Fort Wayne,IN,46809,2607474161.0,41.0177854,-85.1700156,,True,active,Returned by Kroger official Locations API on 2026-09-01,Kroger official Locations API,2026-09-01T18:57:47.243730+00:00
02100412,Kroger - West State,KROGER,1125 W State Blvd,Fort Wayne,IN,46808,2604263453.0,41.094969,-85.1573858,,True,active,Returned by Kroger official Locations API on 2026-09-01,Kroger official Locations API,2026-09-01T18:57:47.243730+00:00
02100972,Kroger Marketplace - Dupont Village Marketplace,KROGER,601 E Dupont Rd,Fort Wayne,IN,46825,2606374504.0,41.1796728,-85.1331647,,True,active,Returned by Kroger official Locations API on 2026-09-01,Kroger official Locations API,2026-09-01T18:57:47.243730+00:00
02100990,Kroger Marketplace - Village Of Coventry,KROGER,5725 Coventry Ln,Fort Wayne,IN,46804,2604322305.0,41.034139,-85.259299,,True,active,Returned by Kroger official Locations API on 2026-09-01,Kroger official Locations API,2026-09-01T18:57:47.243730+00:00
02100979,Kroger Marketplace - Kroger Marketplace Franklin,KROGER,970 N Morton St,Franklin,IN,46131,3177366004.0,39.488689,-86.067105,,True,active,Returned by Kroger official Locations API on 2026-09-01,Kroger official Locations API,2026-09-01T18:57:47.243730+00:00
02100879,Kroger - Goshen,KROGER,209 Chicago Ave,Goshen,IN,46526,5745339949.0,41.5873538,-85.844172,,True,active,Returned by Kroger official Locations API on 2026-09-01,Kroger official Locations API,2026-09-01T18:57:47.243730+00:00
02100961,Kroger - Greencastle,KROGER,821 Indianapolis Rd,Greencastle,IN,46135,7656538032.0,39.645654,-86.8478,,True,active,Returned by Kroger official Locations API on 2026-09-01,Kroger official Locations API,2026-09-01T18:57:47.243730+00:00
02100952,Kroger - Greenfield,KROGER,1571 N State St,Greenfield,IN,46140,3174623451.0,39.8060736,-85.7667669,,True,active,Returned by Kroger official Locations API on 2026-09-01,Kroger official Locations API,2026-09-01T18:57:47.243730+00:00
02100909,Kroger - Meridian Park,KROGER,3100 Meridian Parke Dr,Greenwood,IN,46142,3178875745.0,39.618869,-86.159976,,True,active,Returned by Kroger official Locations API on 2026-09-01,Kroger official Locations API,2026-09-01T18:57:47.243730+00:00
02100735,Kroger - Smokey Row Kroger,KROGER,5961 N State Road 135,Greenwood,IN,46143,3175303086.0,39.562096,-86.155648,,True,active,Returned by Kroger official Locations API on 2026-09-01,Kroger official Locations API,2026-09-01T18:57:47.243730+00:00
02100864,Kroger - Whiteland,KROGER,2200 Independence Dr,Greenwood,IN,46143,3178834140.0,39.583908,-86.102744,,True,active,Returned by Kroger official Locations API on 2026-09-01,Kroger official Locations API,2026-09-01T18:57:47.243730+00:00
02100841,Kroger - Kroger Huntington,KROGER,2718 Guilford St,Huntington,IN,46750,2603561811.0,40.8998128,-85.5082001,,True,active,Returned by Kroger official Locations API on 2026-09-01,Kroger official Locations API,2026-09-01T18:57:47.243730+00:00
540FC213,Kroger - - Indianapolis Spoke,KROGER,9222 E 33rd St,Indianapolis,IN,46235,9999999999.0,39.818066,-86.004202,,True,active,Returned by Kroger official Locations API on 2026-09-01,Kroger official Locations API,2026-09-01T18:57:47.243730+00:00
02100100,Kroger - 10th Shortridge,KROGER,7101 E 10Th St,Indianapolis,IN,46219,3173521721.0,39.7808002,-86.0419191,,True,active,Returned by Kroger official Locations API on 2026-09-01,Kroger official Locations API,2026-09-01T18:57:47.243730+00:00
02100086,Kroger - 65th Keystone Kroger,KROGER,2629 E 65th St,Indianapolis,IN,46220,3172551498.0,39.875377,-86.118948,,True,active,Returned by Kroger official Locations API on 2026-09-01,Kroger official Locations API,2026-09-01T18:57:47.243730+00:00
02100804,Kroger - 71st Binford,KROGER,5810 E 71St St,Indianapolis,IN,46220,3178459653.0,39.8848466,-86.0689009,,True,active,Returned by Kroger official Locations API on 2026-09-01,Kroger official Locations API,2026-09-01T18:57:47.243730+00:00
02100962,Kroger - 71st Georgetown,KROGER,5025 W 71st St,Indianapolis,IN,46268,3173478480.0,39.880687,-86.246119,,True,active,Returned by Kroger official Locations API on 2026-09-01,Kroger official Locations API,2026-09-01T18:57:47.243730+00:00
02100993,Kroger - Bluff Southport,KROGER,1330 W Southport Rd,Indianapolis,IN,46217,3178844245.0,39.665062,-86.182627,,True,active,Returned by Kroger official Locations API on 2026-09-01,Kroger official Locations API,2026-09-01T18:57:47.243730+00:00
02100945,Kroger - East Washington,KROGER,10450 E Washington St,Indianapolis,IN,46229,3178952245.0,39.776627,-85.981621,,True,active,Returned by Kroger official Locations API on 2026-09-01,Kroger official Locations API,2026-09-01T18:57:47.243730+00:00
02100965,Kroger - Geist Plaza,KROGER,9835 Fall Creek Rd,Indianapolis,IN,46256,3175773481.0,39.8977178,-85.9938276,,True,active,Returned by Kroger official Locations API on 2026-09-01,Kroger official Locations API,2026-09-01T18:57:47.243730+00:00
02100001,Kroger - Indy Downtown,KROGER,524 E 16Th St,Indianapolis,IN,46202,3179236858.0,39.7892121,-86.1481049,,True,active,Returned by Kroger official Locations API on 2026-09-01,Kroger official Locations API,2026-09-01T18:57:47.243730+00:00
02100339,Kroger - Kroger Indianapolis,KROGER,227 W Michigan St,Indianapolis,IN,46204,3172625215.0,39.7751497,-86.1635739,,True,active,Returned by Kroger official Locations API on 2026-09-01,Kroger official Locations API,2026-09-01T18:57:47.243730+00:00
02100989,Kroger - Kroger Southport and Franklin Rd,KROGER,8130 E Southport Rd,Indianapolis,IN,46259,3172454453.0,39.6686363,-86.0220336,,True,active,Returned by Kroger official Locations API on 2026-09-01,Kroger official Locations API,2026-09-01T18:57:47.243730+00:00
02100820,Kroger - Linwood Plaza,KROGER,4445 E 10Th St,Indianapolis,IN,46201,3173591166.0,39.7792825,-86.0936388,,True,active,Returned by Kroger official Locations API on 2026-09-01,Kroger official Locations API,2026-09-01T18:57:47.243730+00:00
02100992,Kroger - Madison Edgewood,KROGER,5911 Madison Ave,Indianapolis,IN,46227,3177834947.0,39.6803674,-86.129457,,True,active,Returned by Kroger official Locations API on 2026-09-01,Kroger official Locations API,2026-09-01T18:57:47.243730+00:00
02100110,Kroger - Marwood,KROGER,3361 Kentucky Ave,Indianapolis,IN,46221,3172401580.0,39.7145622,-86.2350196,,True,active,Returned by Kroger official Locations API on 2026-09-01,Kroger official Locations API,2026-09-01T18:57:47.243730+00:00
02100998,Kroger - Nora Kroger,KROGER,1365 E 86th St,Indianapolis,IN,46240,3172171190.0,39.911294,-86.137924,,True,active,Returned by Kroger official Locations API on 2026-09-01,Kroger official Locations API,2026-09-01T18:57:47.243730+00:00
02100927,Kroger - Southern Plaza,KROGER,4202 S East St,Indianapolis,IN,46227,3177814245.0,39.705573,-86.150698,,True,active,Returned by Kroger official Locations API on 2026-09-01,Kroger official Locations API,2026-09-01T18:57:47.243730+00:00
02100500,Kroger - Speedway Plaza,KROGER,5718 Crawfordsville Rd,Indianapolis,IN,46224,3172405000.0,39.799522,-86.261061,,True,active,Returned by Kroger official Locations API on 2026-09-01,Kroger official Locations API,2026-09-01T18:57:47.243730+00:00
02100862,Kroger - Sunnyside,KROGER,11101 Pendleton Pike,Indianapolis,IN,46236,3178233240.0,39.861992,-85.97021,,True,active,Returned by Kroger official Locations API on 2026-09-01,Kroger official Locations API,2026-09-01T18:57:47.243730+00:00
02100116,Kroger - Twin Aire,KROGER,680 Twin Aire Dr,Indianapolis,IN,46203,3172641762.0,39.7577922,-86.1149198,,True,active,Returned by Kroger official Locations API on 2026-09-01,Kroger official Locations API,2026-09-01T18:57:47.243730+00:00
02100016,Kroger - West Michigan,KROGER,2630 W Michigan St,Indianapolis,IN,46222,3176322113.0,39.7757725,-86.2046486,,True,active,Returned by Kroger official Locations API on 2026-09-01,Kroger official Locations API,2026-09-01T18:57:47.243730+00:00
02100905,Kroger - West Pointe Commons,KROGER,8150 Rockville Rd,Indianapolis,IN,46214,3172719591.0,39.765706,-86.305982,,True,active,Returned by Kroger official Locations API on 2026-09-01,Kroger official Locations API,2026-09-01T18:57:47.243730+00:00
02100066,Kroger - Westgate Plaza,KROGER,5173 W Washington St,Indianapolis,IN,46241,3172442290.0,39.7526095,-86.2467582,,True,active,Returned by Kroger official Locations API on 2026-09-01,Kroger official Locations API,2026-09-01T18:57:47.243730+00:00
02100906,Kroger - Willow Lake Plaza,KROGER,2550 Lake Circle Dr,Indianapolis,IN,46268,3178792460.0,39.913772,-86.20546,,True,active,Returned by Kroger official Locations API on 2026-09-01,Kroger official Locations API,2026-09-01T18:57:47.243730+00:00
02100894,Kroger Marketplace - Claybrooke Commons,KROGER,8745 S Emerson Ave,Indianapolis,IN,46237,3178843320.0,39.6394349,-86.0811469,,True,active,Returned by Kroger official Locations API on 2026-09-01,Kroger official Locations API,2026-09-01T18:57:47.243730+00:00
02100995,Kroger Marketplace - Ross Park,KROGER,5350 E Thompson Rd,Indianapolis,IN,46237,3177813560.0,39.6960329,-86.0764127,,True,active,Returned by Kroger official Locations API on 2026-09-01,Kroger official Locations API,2026-09-01T18:57:47.243730+00:00
02400776,Kroger Marketplace - Kroger Jeffersonville Commons,KROGER,1027 Jeffersonville Commons Dr,Jeffersonville,IN,47130,8122835222.0,38.335005,-85.712037,,True,active,Returned by Kroger official Locations API on 2026-09-01,Kroger official Locations API,2026-09-01T18:57:47.243730+00:00
02100418,Kroger - Kendallville,KROGER,310 W North St,Kendallville,IN,46755,2603479155.0,41.453011,-85.2718497,,True,active,Returned by Kroger official Locations API on 2026-09-01,Kroger official Locations API,2026-09-01T18:57:47.243730+00:00
02100109,Kroger - Dixon Road Kroger,KROGER,605 N Dixon Rd,Kokomo,IN,46901,7654572514.0,40.492186,-86.166237,,True,active,Returned by Kroger official Locations API on 2026-09-01,Kroger official Locations API,2026-09-01T18:57:47.243730+00:00
02100071,Kroger - Maplecrest Plaza Kroger,KROGER,2821 S Washington St,Kokomo,IN,46902,7654537556.0,40.454248,-86.131256,,True,active,Returned by Kroger official Locations API on 2026-09-01,Kroger official Locations API,2026-09-01T18:57:47.243730+00:00
02100966,Kroger - LaPorte,KROGER,55 Pine Lake Ave,Laporte,IN,46350,2193621591.0,41.6146564,-86.7262024,,True,active,Returned by Kroger official Locations API on 2026-09-01,Kroger official Locations API,2026-09-01T18:57:47.243730+00:00
01400361,Kroger - Lawrenceburg Kroger,KROGER,880 W Eads Pkwy,Lawrenceburg,IN,47025,8125327340.0,39.0848434,-84.8778069,,True,active,Returned by Kroger official Locations API on 2026-09-01,Kroger official Locations API,2026-09-01T18:57:47.243730+00:00
02100940,Kroger - Lebanon,KROGER,2420 N Lebanon St,Lebanon,IN,46052,7654827274.0,40.0694,-86.474554,,True,active,Returned by Kroger official Locations API on 2026-09-01,Kroger official Locations API,2026-09-01T18:57:47.243730+00:00
02100842,Kroger - Kroger Ligonier,KROGER,903 Lincolnway S,Ligonier,IN,46767,2603617007.0,41.4582556,-85.5849008,,True,active,Returned by Kroger official Locations API on 2026-09-01,Kroger official Locations API,2026-09-01T18:57:47.243730+00:00
02400741,Kroger - River Pointe SC,KROGER,525 E Clifty Dr,Madison,IN,47250,8122735913.0,38.7815374,-85.3789826,,True,active,Returned by Kroger official Locations API on 2026-09-01,Kroger official Locations API,2026-09-01T18:57:47.243730+00:00
02100907,Kroger - Martinsville,KROGER,380 E Ruth Rusie Way,Martinsville,IN,46151,7653427151.0,39.4120332,-86.4255569,,True,active,Returned by Kroger official Locations API on 2026-09-01,Kroger official Locations API,2026-09-01T18:57:47.243730+00:00
02100938,Kroger - Merrifield,KROGER,906 S Merrifield Ave,Mishawaka,IN,46544,5742561229.0,41.6535893,-86.1656694,,True,active,Returned by Kroger official Locations API on 2026-09-01,Kroger official Locations API,2026-09-01T18:57:47.243730+00:00
02100889,Kroger - Town Country,KROGER,2330 Hickory Rd,Mishawaka,IN,46545,5742554488.0,41.6812511,-86.1957761,,True,active,Returned by Kroger official Locations API on 2026-09-01,Kroger official Locations API,2026-09-01T18:57:47.243730+00:00
02100138,Kroger - Monticello Kroger,KROGER,916 N Main St,Monticello,IN,47960,5745837896.0,40.7568674,-86.7666627,,True,active,Returned by Kroger official Locations API on 2026-09-01,Kroger official Locations API,2026-09-01T18:57:47.243730+00:00
02100921,Kroger - Mooresville,KROGER,530 S Indiana St,Mooresville,IN,46158,3178310241.0,39.6049052,-86.3767898,,True,active,Returned by Kroger official Locations API on 2026-09-01,Kroger official Locations API,2026-09-01T18:57:47.243730+00:00
02400396,Kroger - New Albany Plaza,KROGER,200 New Albany Plz,New Albany,IN,47150,8129482817.0,38.3052496,-85.8379847,,True,active,Returned by Kroger official Locations API on 2026-09-01,Kroger official Locations API,2026-09-01T18:57:47.243730+00:00
02400744,Kroger - Silver Run,KROGER,2864 Charlestown Rd,New Albany,IN,47150,8129447016.0,38.3319483,-85.7980611,,True,active,Returned by Kroger official Locations API on 2026-09-01,Kroger official Locations API,2026-09-01T18:57:47.243730+00:00
02100920,Kroger - Trojan Plaza,KROGER,120 S Memorial Dr,New Castle,IN,47362,7655297396.0,39.9302526,-85.3796051,,True,active,Returned by Kroger official Locations API on 2026-09-01,Kroger official Locations API,2026-09-01T18:57:47.243730+00:00
02100857,Kroger - New Haven,KROGER,821 Lincoln Hwy W,New Haven,IN,46774,2607494828.0,41.0688777,-85.0412966,,True,active,Returned by Kroger official Locations API on 2026-09-01,Kroger official Locations API,2026-09-01T18:57:47.243730+00:00
02100980,Kroger - Hazel Dell Crossing Kroger,KROGER,14800 Hazel Dell Xing,Noblesville,IN,46062,3178441004.0,40.0032906,-86.0680296,,True,active,Returned by Kroger official Locations API on 2026-09-01,Kroger official Locations API,2026-09-01T18:57:47.243730+00:00
02100957,Kroger - Noblesville,KROGER,172 W Logan St,Noblesville,IN,46060,3177763344.0,40.049903,-86.0197449,,True,active,Returned by Kroger official Locations API on 2026-09-01,Kroger official Locations API,2026-09-01T18:57:47.243730+00:00
02100898,Kroger Marketplace - Noblesville Marketplace,KROGER,14744 Union Market Dr,Noblesville,IN,46060,3175652853.0,40.0020893,-85.979297,,True,active,Returned by Kroger official Locations API on 2026-09-01,Kroger official Locations API,2026-09-01T18:57:47.243730+00:00
02100902,Kroger - Peru Kroger,KROGER,930 W Main St,Peru,IN,46970,7654721274.0,40.7461832,-86.095908,,True,active,Returned by Kroger official Locations API on 2026-09-01,Kroger official Locations API,2026-09-01T18:57:47.243730+00:00
02100118,Kroger - Plainfield Plaza,KROGER,1930 E Main St,Plainfield,IN,46168,3178397961.0,39.712073,-86.3754749,,True,active,Returned by Kroger official Locations API on 2026-09-01,Kroger official Locations API,2026-09-01T18:57:47.243730+00:00
02100963,Kroger - Plymouth,KROGER,2001 N Michigan St,Plymouth,IN,46563,5749362040.0,41.3581574,-86.3135178,,True,active,Returned by Kroger official Locations API on 2026-09-01,Kroger official Locations API,2026-09-01T18:57:47.243730+00:00
02100914,Kroger - Richmond,KROGER,3701 National Rd E,Richmond,IN,47374,7659351244.0,39.8292847,-84.8507171,,True,active,Returned by Kroger official Locations API on 2026-09-01,Kroger official Locations API,2026-09-01T18:57:47.243730+00:00
02100427,Kroger - Rochester,KROGER,2040 Peace Tree Vlg,Rochester,IN,46975,5746887070.0,41.0523808,-86.2208984,,True,active,Returned by Kroger official Locations API on 2026-09-01,Kroger official Locations API,2026-09-01T18:57:47.243730+00:00
02100096,Kroger - Rushville,KROGER,202 S Main St,Rushville,IN,46173,7659325511.0,39.606164,-85.4430252,,True,active,Returned by Kroger official Locations API on 2026-09-01,Kroger official Locations API,2026-09-01T18:57:47.243730+00:00
02100974,Kroger - Shelbyville,KROGER,1601 E Michigan Rd,Shelbyville,IN,46176,3174212350.0,39.5177121,-85.7545916,,True,active,Returned by Kroger official Locations API on 2026-09-01,Kroger official Locations API,2026-09-01T18:57:47.243730+00:00
02100903,Kroger - Ireland,KROGER,1217 E Ireland Rd,South Bend,IN,46614,5742910666.0,41.6304983,-86.232032,,True,active,Returned by Kroger official Locations API on 2026-09-01,Kroger official Locations API,2026-09-01T18:57:47.243730+00:00
02100911,Kroger - Ft Harrison Kroger,KROGER,2140 Fort Harrison Rd,Terre Haute,IN,47804,8124666861.0,39.5077907,-87.3842228,,True,active,Returned by Kroger official Locations API on 2026-09-01,Kroger official Locations API,2026-09-01T18:57:47.243730+00:00
02100981,Kroger - Kroger Plaza Terre Haute,KROGER,2650 Wabash Ave,Terre Haute,IN,47803,8122324519.0,39.472939,-87.377247,,True,active,Returned by Kroger official Locations API on 2026-09-01,Kroger official Locations API,2026-09-01T18:57:47.243730+00:00
02100987,Kroger - Wabash Valley Plaza US41 South,KROGER,4714 S US Highway 41,Terre Haute,IN,47802,8122358141.0,39.408507,-87.408593,,True,active,Returned by Kroger official Locations API on 2026-09-01,Kroger official Locations API,2026-09-01T18:57:47.243730+00:00
02100875,Kroger - Wabash Kroger,KROGER,1309 N Cass St,Wabash,IN,46992,2605632616.0,40.8158535,-85.8337123,,True,active,Returned by Kroger official Locations API on 2026-09-01,Kroger official Locations API,2026-09-01T18:57:47.243730+00:00
02100837,Kroger - Kroger Warsaw,KROGER,2211 E Center St,Warsaw,IN,46580,5742678848.0,41.239491,-85.826686,,True,active,Returned by Kroger official Locations API on 2026-09-01,Kroger official Locations API,2026-09-01T18:57:47.243730+00:00
02100970,Kroger - 161st Spring Mill Kroger,KROGER,150 W 161St St,Westfield,IN,46074,3178676314.0,40.0219555,-86.1614019,,True,active,Returned by Kroger official Locations API on 2026-09-01,Kroger official Locations API,2026-09-01T18:57:47.243730+00:00
02100983,Kroger - Carey Road Kroger,KROGER,17447 Carey Rd,Westfield,IN,46074,3178671002.0,40.040947,-86.1054867,,True,active,Returned by Kroger official Locations API on 2026-09-01,Kroger official Locations API,2026-09-01T18:57:47.243730+00:00
02100333,Kroger - Kroger Boone Village,KROGER,5 Boone Vlg,Zionsville,IN,46077,3178732366.0,39.95092,-86.27676,,True,active,Returned by Kroger official Locations API on 2026-09-01,Kroger official Locations API,2026-09-01T18:57:47.243730+00:00
02100332,Kroger - Kroger Michigan Rd and 106,KROGER,10679 N Michigan Rd,Zionsville,IN,46077,3177332560.0,39.943416,-86.236097,,True,active,Returned by Kroger official Locations API on 2026-09-01,Kroger official Locations API,2026-09-01T18:57:47.243730+00:00
02900796,Kroger - Diederich,KROGER,370 Diederich Blvd,Ashland,KY,41101,6063258911.0,38.501485,-82.6816677,,True,active,Returned by Kroger official Locations API on 2026-09-01,Kroger official Locations API,2026-09-01T18:57:47.243730+00:00
02900783,Kroger - Mid Town,KROGER,711 Martin Luther King Jr Blvd,Ashland,KY,41101,6063258231.0,38.4776993,-82.6497272,,True,active,Returned by Kroger official Locations API on 2026-09-01,Kroger official Locations API,2026-09-01T18:57:47.243730+00:00
02400408,Kroger - W John Rowan,KROGER,102 W John Rowan Blvd,Bardstown,KY,40004,5023482977.0,37.8287354,-85.4644758,,True,active,Returned by Kroger official Locations API on 2026-09-01,Kroger official Locations API,2026-09-01T18:57:47.243730+00:00
01400359,Kroger - Bellevue Kroger,KROGER,53 Donnermeyer Dr,Bellevue,KY,41073,8594914210.0,39.0992898,-84.48185,,True,active,Returned by Kroger official Locations API on 2026-09-01,Kroger official Locations API,2026-09-01T18:57:47.243730+00:00
02600535,Kroger - ByPass - Riverside,KROGER,350 US 31W Byp,Bowling Green,KY,42101,2707965987.0,36.9965152,-86.4246741,,True,active,Returned by Kroger official Locations API on 2026-09-01,Kroger official Locations API,2026-09-01T18:57:47.243730+00:00
02600509,Kroger - Campbell Lane,KROGER,711 Campbell Ln,Bowling Green,KY,42104,2707830701.0,36.9597657,-86.4666655,,True,active,Returned by Kroger official Locations API on 2026-09-01,Kroger official Locations API,2026-09-01T18:57:47.243730+00:00
02600585,Kroger - Scottsville Road,KROGER,2945 Scottsville Rd,Bowling Green,KY,42104,2707809887.0,36.9432576,-86.4254048,,True,active,Returned by Kroger official Locations API on 2026-09-01,Kroger official Locations API,2026-09-01T18:57:47.243730+00:00
02400903,Kroger - Riverridge Plaza,KROGER,568 Bypass Rd,Brandenburg,KY,40108,2704225464.0,37.9821953,-86.1628622,,True,active,Returned by Kroger official Locations API on 2026-09-01,Kroger official Locations API,2026-09-01T18:57:47.243730+00:00
01400434,Kroger - Burlington,KROGER,1751 Patrick Dr,Burlington,KY,41005,8595864450.0,39.0180491,-84.6924703,,True,active,Returned by Kroger official Locations API on 2026-09-01,Kroger official Locations API,2026-09-01T18:57:47.243730+00:00
02400369,Kroger - Green River Plaza,KROGER,399 Campbellsville Byp Ste 100,Campbellsville,KY,42718,2704656065.0,37.3413652,-85.3655237,,True,active,Returned by Kroger official Locations API on 2026-09-01,Kroger official Locations API,2026-09-01T18:57:47.243730+00:00
02400710,Kroger - Hwy 227,KROGER,2549 Us Highway 227,Carrollton,KY,41008,5027325380.0,38.6576786,-85.1312397,,True,active,Returned by Kroger official Locations API on 2026-09-01,Kroger official Locations API,2026-09-01T18:57:47.243730+00:00
01400410,Kroger - Cold Spring,KROGER,375 Cross Roads Blvd,Cold Spring,KY,41076,8594481170.0,39.00629,-84.420587,,True,active,Returned by Kroger official Locations API on 2026-09-01,Kroger official Locations API,2026-09-01T18:57:47.243730+00:00
01400946,Kroger - Highland Hts Cold Sp,KROGER,70 Martha Layne Collins Blvd,Cold Spring,KY,41076,8597818808.0,39.0257363,-84.4535666,,True,active,Returned by Kroger official Locations API on 2026-09-01,Kroger official Locations API,2026-09-01T18:57:47.243730+00:00
02400719,Kroger - Forest Hills SC,KROGER,1019 Cumberland Falls Hwy,Corbin,KY,40701,6065261717.0,36.9282786,-84.1050693,,True,active,Returned by Kroger official Locations API on 2026-09-01,Kroger official Locations API,2026-09-01T18:57:47.243730+00:00
02400760,Kroger - Parkway SC,KROGER,14889 N Us Highway 25 E,Corbin,KY,40701,6065288630.0,36.9592084,-84.0752841,,True,active,Returned by Kroger official Locations API on 2026-09-01,Kroger official Locations API,2026-09-01T18:57:47.243730+00:00
01400381,Kroger - 15th Madison,KROGER,1525 Madison Ave,Covington,KY,41011,8594311607.0,39.072869,-84.50848,,True,active,Returned by Kroger official Locations API on 2026-09-01,Kroger official Locations API,2026-09-01T18:57:47.243730+00:00
01400392,Kroger - Latonia,KROGER,4303 Winston Ave,Covington,KY,41015,8596550700.0,39.0415197,-84.5091933,,True,active,Returned by Kroger official Locations API on 2026-09-01,Kroger official Locations API,2026-09-01T18:57:47.243730+00:00
02400733,Kroger - Ridgefield KY,KROGER,200 Skywatch Dr,Danville,KY,40422,8592363987.0,37.6182779,-84.782804,,True,active,Returned by Kroger official Locations API on 2026-09-01,Kroger official Locations API,2026-09-01T18:57:47.243730+00:00
01400971,Kroger - Kroger Edgewood Marketplace,KROGER,3073 Dixie Hwy,Edgewood,KY,41018,8593440222.0,39.019678,-84.588002,,True,active,Returned by Kroger official Locations API on 2026-09-01,Kroger official Locations API,2026-09-01T18:57:47.243730+00:00
02400717,Kroger - Dolphin Hills,KROGER,3040 Dolphin Dr,Elizabethtown,KY,42701,2707374715.0,37.711977,-85.836152,,True,active,Returned by Kroger official Locations API on 2026-09-01,Kroger official Locations API,2026-09-01T18:57:47.243730+00:00
02400362,Kroger - Towne Center,KROGER,111 Towne Dr,Elizabethtown,KY,42701,2707371707.0,37.734737,-85.888467,,True,active,Returned by Kroger official Locations API on 2026-09-01,Kroger official Locations API,2026-09-01T18:57:47.243730+00:00
02400747,Kroger Marketplace - Kroger Marketplace Elizabethtown,KROGER,1479 Patriot Pkwy,Elizabethtown,KY,42701,2706002911.0,37.7151742,-85.9016523,,True,active,Returned by Kroger official Locations API on 2026-09-01,Kroger official Locations API,2026-09-01T18:57:47.243730+00:00
01400364,Kroger - Mt Zion,KROGER,9950 Berberich Dr,Florence,KY,41042,8593723460.0,38.9579368,-84.6246617,,True,active,Returned by Kroger official Locations API on 2026-09-01,Kroger official Locations API,2026-09-01T18:57:47.243730+00:00
01400466,Kroger Marketplace - Florence Marketplace,KROGER,7685 Mall Rd,Florence,KY,41042,8597955800.0,38.9969875,-84.6562035,,True,active,Returned by Kroger official Locations API on 2026-09-01,Kroger official Locations API,2026-09-01T18:57:47.243730+00:00
01400477,Kroger - Ft Mitchell,KROGER,2150 Dixie Hwy,Fort Mitchell,KY,41017,8593310080.0,39.048838,-84.55298,,True,active,Returned by Kroger official Locations API on 2026-09-01,Kroger official Locations API,2026-09-01T18:57:47.243730+00:00
02400397,Kroger - Brighton Park,KROGER,300 Brighton Park Blvd,Frankfort,KY,40601,5026954860.0,38.1991665,-84.8263297,,True,active,Returned by Kroger official Locations API on 2026-09-01,Kroger official Locations API,2026-09-01T18:57:47.243730+00:00
02400368,Kroger - Franklin Square,KROGER,1309 US Highway 127 S Ste H,Frankfort,KY,40601,5028750124.0,38.1654418,-84.8953392,,True,active,Returned by Kroger official Locations API on 2026-09-01,Kroger official Locations API,2026-09-01T18:57:47.243730+00:00
02400779,Kroger Marketplace - Marketplace Circle,KROGER,106 Market Place Cir,Georgetown,KY,40324,5028634807.0,38.186407,-84.568318,,True,active,Returned by Kroger official Locations API on 2026-09-01,Kroger official Locations API,2026-09-01T18:57:47.243730+00:00
02400363,Kroger - Harrodsburg Marketplace,KROGER,844 S College St,Harrodsburg,KY,40330,8597340078.0,37.7461291,-84.8438973,,True,active,Returned by Kroger official Locations API on 2026-09-01,Kroger official Locations API,2026-09-01T18:57:47.243730+00:00
01400409,Kroger Marketplace - Hebron KY Marketplace,KROGER,3105 N Bend Rd,Hebron,KY,41048,8599624900.0,39.0644282,-84.7069317,,True,active,Returned by Kroger official Locations API on 2026-09-01,Kroger official Locations API,2026-09-01T18:57:47.243730+00:00
02600522,Kroger - Hopkinsville,KROGER,1213 Skyline Dr,Hopkinsville,KY,42240,2708857606.0,36.8403472,-87.4764941,,True,active,Returned by Kroger official Locations API on 2026-09-01,Kroger official Locations API,2026-09-01T18:57:47.243730+00:00
540FC309,Kroger - - Mt Zion Spirits mCFC,KROGER,251 E Mount Zion Rd ste FC215,Independence,KY,41051,,38.956028,-84.612121,,True,active,Returned by Kroger official Locations API on 2026-09-01,Kroger official Locations API,2026-09-01T18:57:47.243730+00:00
540FC215,Kroger - - Mt Zion Spoke,KROGER,"251 E Mount Zion Rd, suite FC215",Independence,KY,41051,9999999999.0,38.956015,-84.612124,,True,active,Returned by Kroger official Locations API on 2026-09-01,Kroger official Locations API,2026-09-01T18:57:47.243730+00:00
01400475,Kroger Marketplace - Independence Marketplace,KROGER,1700 Declaration Dr,Independence,KY,41051,8598981600.0,38.9286769,-84.5483376,,True,active,Returned by Kroger official Locations API on 2026-09-01,Kroger official Locations API,2026-09-01T18:57:47.243730+00:00
02400394,Kroger - Hwy 53,KROGER,2034 S Highway 53,La Grange,KY,40031,5022220269.0,38.393055,-85.3674363,,True,active,Returned by Kroger official Locations API on 2026-09-01,Kroger official Locations API,2026-09-01T18:57:47.243730+00:00
02400794,Kroger - Kroger Buckner,KROGER,2835 S Highway 393,LaGrange,KY,40031,5025304803.0,38.3804931,-85.4270019,,True,active,Returned by Kroger official Locations API on 2026-09-01,Kroger official Locations API,2026-09-01T18:57:47.243730+00:00
02400913,Kroger - Anderson Crossing,KROGER,1300 Anderson Crossing Dr,Lawrenceburg,KY,40342,5028590234.0,38.0170723,-84.9102055,,True,active,Returned by Kroger official Locations API on 2026-09-01,Kroger official Locations API,2026-09-01T18:57:47.243730+00:00
02400730,Kroger - E Main St,KROGER,705 E Main St,Lebanon,KY,40033,2706923591.0,37.5768044,-85.2340663,,True,active,Returned by Kroger official Locations API on 2026-09-01,Kroger official Locations API,2026-09-01T18:57:47.243730+00:00
02400359,Kroger - Bryan Station,KROGER,1650 Bryan Station Rd,Lexington,KY,40505,8592935969.0,38.05921,-84.461204,,True,active,Returned by Kroger official Locations API on 2026-09-01,Kroger official Locations API,2026-09-01T18:57:47.243730+00:00
02400737,Kroger - Chinoe,KROGER,1060 Chinoe Rd Ste 190,Lexington,KY,40502,8593354706.0,37.9968605,-84.4786723,,True,active,Returned by Kroger official Locations API on 2026-09-01,Kroger official Locations API,2026-09-01T18:57:47.243730+00:00
02400361,Kroger - Gardenside - Power Alley,KROGER,1808 Alexandria Dr,Lexington,KY,40504,8592763556.0,38.0375535,-84.550596,,True,active,Returned by Kroger official Locations API on 2026-09-01,Kroger official Locations API,2026-09-01T18:57:47.243730+00:00
02400808,Kroger - Harrodsburg Fuel,KROGER,4225 Harrodsburg Rd,Lexington,KY,40513,8592864379.0,37.9986829,-84.5799526,,True,active,Returned by Kroger official Locations API on 2026-09-01,Kroger official Locations API,2026-09-01T18:57:47.243730+00:00
02400721,Kroger - Hartland Parkway,KROGER,4750 Hartland Pkwy,Lexington,KY,40515,8592732557.0,37.9620466,-84.4796292,,True,active,Returned by Kroger official Locations API on 2026-09-01,Kroger official Locations API,2026-09-01T18:57:47.243730+00:00
02400784,Kroger - Lexington,KROGER,704 Euclid Ave,Lexington,KY,40502,8596873260.0,38.0306743,-84.4929085,,True,active,Returned by Kroger official Locations API on 2026-09-01,Kroger official Locations API,2026-09-01T18:57:47.243730+00:00
02400768,Kroger - Meadowthorpe SC,KROGER,1600 Leestown Rd,Lexington,KY,40511,8592590933.0,38.0653327,-84.5271941,,True,active,Returned by Kroger official Locations API on 2026-09-01,Kroger official Locations API,2026-09-01T18:57:47.243730+00:00
02400371,Kroger - Millpond Center,KROGER,3650 Boston Rd,Lexington,KY,40514,8592238088.0,37.9790016,-84.5501227,,True,active,Returned by Kroger official Locations API on 2026-09-01,Kroger official Locations API,2026-09-01T18:57:47.243730+00:00
02400352,Kroger - Regency Center,KROGER,150 W Lowry Ln Ste 190,Lexington,KY,40503,8592786228.0,38.0064996,-84.5217367,,True,active,Returned by Kroger official Locations API on 2026-09-01,Kroger official Locations API,2026-09-01T18:57:47.243730+00:00
02400347,Kroger - Tates Creek,KROGER,4101 Tates Creek Centre Dr,Lexington,KY,40517,8592731100.0,37.9705806,-84.4986704,,True,active,Returned by Kroger official Locations API on 2026-09-01,Kroger official Locations API,2026-09-01T18:57:47.243730+00:00
02400767,Kroger Marketplace - Beaumont Centre,KROGER,3175 Beaumont Centre Cir,Lexington,KY,40513,8592191091.0,38.0228609,-84.5592469,,True,active,Returned by Kroger official Locations API on 2026-09-01,Kroger official Locations API,2026-09-01T18:57:47.243730+00:00
02400407,Kroger Marketplace - Man-O-War,KROGER,3101 Richmond Rd,Lexington,KY,40509,8592686006.0,38.003241,-84.444936,,True,active,Returned by Kroger official Locations API on 2026-09-01,Kroger official Locations API,2026-09-01T18:57:47.243730+00:00
02400797,Kroger Marketplace - Newtown Springs Marketplace,KROGER,760 Newtown Springs Dr,Lexington,KY,40511,8594028625.0,38.0819078,-84.488239,,True,active,Returned by Kroger official Locations API on 2026-09-01,Kroger official Locations API,2026-09-01T18:57:47.243730+00:00
02400331,Kroger - Laurel Plaza,KROGER,1805 N Main St,London,KY,40741,6068644311.0,37.1387268,-84.1001766,,True,active,Returned by Kroger official Locations API on 2026-09-01,Kroger official Locations API,2026-09-01T18:57:47.243730+00:00
02400409,Kroger - London Marketplace,KROGER,1732 Highway 192 W,London,KY,40741,6068781254.0,37.1068358,-84.0902733,,True,active,Returned by Kroger official Locations API on 2026-09-01,Kroger official Locations API,2026-09-01T18:57:47.243730+00:00
540FC214,Kroger - - Louisville Spoke,KROGER,4325 Robards Ln,Louisville,KY,40218,9999999999.0,38.19714,-85.690893,,True,active,Returned by Kroger official Locations API on 2026-09-01,Kroger official Locations API,2026-09-01T18:57:47.243730+00:00
02400350,Kroger - Auburndale,KROGER,5533 New Cut Rd,Louisville,KY,40214,5023617446.0,38.1445097,-85.7734632,,True,active,Returned by Kroger official Locations API on 2026-09-01,Kroger official Locations API,2026-09-01T18:57:47.243730+00:00
02400502,Kroger - Ballardsville Kroger,KROGER,10010 Ballardsville Rd,Louisville,KY,40241,5023573500.0,38.3149495,-85.559538,,True,active,Returned by Kroger official Locations API on 2026-09-01,Kroger official Locations API,2026-09-01T18:57:47.243730+00:00
02400729,Kroger - Bashford Manor,KROGER,3616 Buechel Byp,Louisville,KY,40218,5024566522.0,38.1981914,-85.6636624,,True,active,Returned by Kroger official Locations API on 2026-09-01,Kroger official Locations API,2026-09-01T18:57:47.243730+00:00
02400327,Kroger - Broadway,KROGER,2710 W Broadway,Louisville,KY,40211,5027783346.0,38.2485162,-85.7969256,,True,active,Returned by Kroger official Locations API on 2026-09-01,Kroger official Locations API,2026-09-01T18:57:47.243730+00:00
02400360,Kroger - Cedar Springs,KROGER,6900 Bardstown Rd,Louisville,KY,40291,5022392115.0,38.146193,-85.5879364,,True,active,Returned by Kroger official Locations API on 2026-09-01,Kroger official Locations API,2026-09-01T18:57:47.243730+00:00
02400752,Kroger - Central Station,KROGER,3165 S 2Nd St,Louisville,KY,40208,5023686075.0,38.2025911,-85.7613734,,True,active,Returned by Kroger official Locations API on 2026-09-01,Kroger official Locations API,2026-09-01T18:57:47.243730+00:00
02400224,Kroger - Cliftboro Plaza,KROGER,2200 Brownsboro Rd,Louisville,KY,40206,5028971133.0,38.257894,-85.7042945,,True,active,Returned by Kroger official Locations API on 2026-09-01,Kroger official Locations API,2026-09-01T18:57:47.243730+00:00
02400376,Kroger - Festival On The Court,KROGER,4501 Outer Loop,Louisville,KY,40219,5029692855.0,38.1399491,-85.6795056,,True,active,Returned by Kroger official Locations API on 2026-09-01,Kroger official Locations API,2026-09-01T18:57:47.243730+00:00
02400753,Kroger - Germantown Square SC,KROGER,1265 Goss Ave,Louisville,KY,40217,5026340724.0,38.226478,-85.730608,,True,active,Returned by Kroger official Locations API on 2026-09-01,Kroger official Locations API,2026-09-01T18:57:47.243730+00:00
02400339,Kroger - Highlands Kroger,KROGER,2440 Bardstown Rd,Louisville,KY,40205,5024599805.0,38.22326,-85.68745,,True,active,Returned by Kroger official Locations API on 2026-09-01,Kroger official Locations API,2026-09-01T18:57:47.243730+00:00
02400186,Kroger - Holiday Manor Shopping Center,KROGER,2219 Holiday Manor Ctr,Louisville,KY,40222,5024256960.0,38.2839231,-85.6306183,,True,active,Returned by Kroger official Locations API on 2026-09-01,Kroger official Locations API,2026-09-01T18:57:47.243730+00:00
02400365,Kroger - Louisville,KROGER,6745 Beulah Church Rd,Louisville,KY,40228,5023570900.0,38.12007,-85.61221,,True,active,Returned by Kroger official Locations API on 2026-09-01,Kroger official Locations API,2026-09-01T18:57:47.243730+00:00
02400346,Kroger - McMahan Plaza,KROGER,3039 Breckenridge Ln,Louisville,KY,40220,5024526445.0,38.217455,-85.626244,,True,active,Returned by Kroger official Locations API on 2026-09-01,Kroger official Locations API,2026-09-01T18:57:47.243730+00:00
02400763,Kroger - N 35th St,KROGER,520 N 35Th St,Louisville,KY,40212,5027763713.0,38.2703515,-85.805585,,True,active,Returned by Kroger official Locations API on 2026-09-01,Kroger official Locations API,2026-09-01T18:57:47.243730+00:00
02400309,Kroger - Plainview Village,KROGER,9812 Linn Station Rd,Louisville,KY,40223,5024230943.0,38.2259742,-85.5761691,,True,active,Returned by Kroger official Locations API on 2026-09-01,Kroger official Locations API,2026-09-01T18:57:47.243730+00:00
02400292,Kroger - Pleasure Ridge Plaza,KROGER,7509 Terry Rd,Louisville,KY,40258,5029358954.0,38.1425588,-85.8702299,,True,active,Returned by Kroger official Locations API on 2026-09-01,Kroger official Locations API,2026-09-01T18:57:47.243730+00:00
02400400,Kroger - Poplar Level,KROGER,4009 Poplar Level Rd,Louisville,KY,40213,5024543914.0,38.2020235,-85.7077707,,True,active,Returned by Kroger official Locations API on 2026-09-01,Kroger official Locations API,2026-09-01T18:57:47.243730+00:00
02400739,Kroger - Shops of Forest Springs,KROGER,12450 La Grange Rd,Louisville,KY,40245,5022411311.0,38.290685,-85.508474,,True,active,Returned by Kroger official Locations API on 2026-09-01,Kroger official Locations API,2026-09-01T18:57:47.243730+00:00
02400366,Kroger - Southgate,KROGER,5001 Mud Ln,Louisville,KY,40229,5029627744.0,38.0892166,-85.6706097,,True,active,Returned by Kroger official Locations API on 2026-09-01,Kroger official Locations API,2026-09-01T18:57:47.243730+00:00
02400707,Kroger - Springhurst,KROGER,9440 Brownsboro Rd,Louisville,KY,40241,5024258542.0,38.3053948,-85.5751607,,True,active,Returned by Kroger official Locations API on 2026-09-01,Kroger official Locations API,2026-09-01T18:57:47.243730+00:00
02400379,Kroger - Stony Brook,KROGER,9080 Taylorsville Rd,Louisville,KY,40299,5024918805.0,38.212642,-85.591978,,True,active,Returned by Kroger official Locations API on 2026-09-01,Kroger official Locations API,2026-09-01T18:57:47.243730+00:00
02400743,Kroger - Tyler Center,KROGER,12611 Taylorsville Rd Ste 102,Louisville,KY,40299,5022610251.0,38.1887948,-85.5190563,,True,active,Returned by Kroger official Locations API on 2026-09-01,Kroger official Locations API,2026-09-01T18:57:47.243730+00:00
02400780,Kroger - Valley Commons,KROGER,10645 Dixie Hwy,Louisville,KY,40272,5029375205.0,38.098672,-85.8696973,,True,active,Returned by Kroger official Locations API on 2026-09-01,Kroger official Locations API,2026-09-01T18:57:47.243730+00:00
02400764,Kroger - Westport Plaza,KROGER,9501 Westport Rd,Louisville,KY,40241,5024250065.0,38.2883838,-85.5745714,,True,active,Returned by Kroger official Locations API on 2026-09-01,Kroger official Locations API,2026-09-01T18:57:47.243730+00:00
02400785,Kroger Marketplace - Kroger Marketplace Dixie Hwy,KROGER,4915A Dixie Hwy,Louisville,KY,40216,5024488215.0,38.167742,-85.826118,,True,active,Returned by Kroger official Locations API on 2026-09-01,Kroger official Locations API,2026-09-01T18:57:47.243730+00:00
02400563,Kroger - Island Ford Shops,KROGER,545 Island Ford Rd,Madisonville,KY,42431,2708211059.0,37.3495886,-87.4898361,,True,active,Returned by Kroger official Locations API on 2026-09-01,Kroger official Locations API,2026-09-01T18:57:47.243730+00:00
01400420,Kroger - Maysville,KROGER,381 Market Square Dr,Maysville,KY,41056,6069563140.0,38.626588,-83.790516,,True,active,Returned by Kroger official Locations API on 2026-09-01,Kroger official Locations API,2026-09-01T18:57:47.243730+00:00
02400355,Kroger - Village Square,KROGER,515 N 12Th St,Middlesboro,KY,40965,6062483410.0,36.613695,-83.7048852,,True,active,Returned by Kroger official Locations API on 2026-09-01,Kroger official Locations API,2026-09-01T18:57:47.243730+00:00
02400356,Kroger - Eastgate SC,KROGER,12501 Shelbyville Rd,Middletown,KY,40243,5022447957.0,38.245021,-85.520782,,True,active,Returned by Kroger official Locations API on 2026-09-01,Kroger official Locations API,2026-09-01T18:57:47.243730+00:00
02400734,Kroger - Trademore Center,KROGER,300 Kroger CTR,Morehead,KY,40351,6067847529.0,38.1920522,-83.4852587,,True,active,Returned by Kroger official Locations API on 2026-09-01,Kroger official Locations API,2026-09-01T18:57:47.243730+00:00
02400712,Kroger - Indian Mound Dr,KROGER,810 Indian Mound Dr,Mount Sterling,KY,40353,8594974314.0,38.061095,-83.953677,,True,active,Returned by Kroger official Locations API on 2026-09-01,Kroger official Locations API,2026-09-01T18:57:47.243730+00:00
02400758,Kroger - Eastbrooke Pkwy,KROGER,234 Eastbrooke Pkwy,Mount Washington,KY,40047,5025381240.0,38.0566759,-85.5369129,,True,active,Returned by Kroger official Locations API on 2026-09-01,Kroger official Locations API,2026-09-01T18:57:47.243730+00:00
02500435,Kroger - Murray,KROGER,808 N 12Th St,Murray,KY,42071,2707593021.0,36.6250487,-88.3128289,,True,active,Returned by Kroger official Locations API on 2026-09-01,Kroger official Locations API,2026-09-01T18:57:47.243730+00:00
01400473,Kroger - Newport,KROGER,20 W 6th St,Newport,KY,41071,8596632260.0,39.0894902,-84.494807,,True,active,Returned by Kroger official Locations API on 2026-09-01,Kroger official Locations API,2026-09-01T18:57:47.243730+00:00
01400423,Kroger Marketplace - I-471 Memorial Pkwy Carothers Rd,KROGER,130 Pavilion Pkwy,Newport,KY,41071,8592925640.0,39.0902737,-84.4783988,,True,active,Returned by Kroger official Locations API on 2026-09-01,Kroger official Locations API,2026-09-01T18:57:47.243730+00:00
02400708,Kroger - Bellerive Plaza,KROGER,170 Bellerive Blvd,Nicholasville,KY,40356,8592191058.0,37.984358,-84.589651,,True,active,Returned by Kroger official Locations API on 2026-09-01,Kroger official Locations API,2026-09-01T18:57:47.243730+00:00
02400766,Kroger - Brannon Crossing,KROGER,200 E Brannon Rd,Nicholasville,KY,40356,8599714300.0,37.9545949,-84.5362087,,True,active,Returned by Kroger official Locations API on 2026-09-01,Kroger official Locations API,2026-09-01T18:57:47.243730+00:00
02400713,Kroger - Kimberly Square,KROGER,995 S Main St,Nicholasville,KY,40356,8598871201.0,37.8656145,-84.5810068,,True,active,Returned by Kroger official Locations API on 2026-09-01,Kroger official Locations API,2026-09-01T18:57:47.243730+00:00
02400336,Kroger - Commerce Plaza,KROGER,2308 Highway 144,Owensboro,KY,42303,2709261433.0,37.7786262,-87.0805567,,True,active,Returned by Kroger official Locations API on 2026-09-01,Kroger official Locations API,2026-09-01T18:57:47.243730+00:00
02400718,Kroger - Starlite Drive,KROGER,1670 Starlite Dr,Owensboro,KY,42301,2709261607.0,37.7543167,-87.1507249,,True,active,Returned by Kroger official Locations API on 2026-09-01,Kroger official Locations API,2026-09-01T18:57:47.243730+00:00
02400770,Kroger - Wesleyan Park Plaza,KROGER,2630 Frederica St,Owensboro,KY,42301,2706849411.0,37.7502708,-87.1138636,,True,active,Returned by Kroger official Locations API on 2026-09-01,Kroger official Locations API,2026-09-01T18:57:47.243730+00:00
02500250,Kroger - Hannan Plaza,KROGER,501 Lone Oak Rd,Paducah,KY,42003,2704438806.0,37.0630583,-88.6408623,,True,active,Returned by Kroger official Locations API on 2026-09-01,Kroger official Locations API,2026-09-01T18:57:47.243730+00:00
02500338,Kroger - Paducah - Southside,KROGER,3275 Irvin Cobb Dr,Paducah,KY,42003,2704422043.0,37.0513042,-88.5701865,,True,active,Returned by Kroger official Locations API on 2026-09-01,Kroger official Locations API,2026-09-01T18:57:47.243730+00:00
02500414,Kroger - Park Ave,KROGER,3141 Park Ave,Paducah,KY,42001,2704440596.0,37.0857824,-88.6464939,,True,active,Returned by Kroger official Locations API on 2026-09-01,Kroger official Locations API,2026-09-01T18:57:47.243730+00:00
02400873,Kroger - Copper Creek SC,KROGER,100 Copper Creek Dr,Powderly,KY,42367,2703386661.0,37.2329598,-87.1609475,,True,active,Returned by Kroger official Locations API on 2026-09-01,Kroger official Locations API,2026-09-01T18:57:47.243730+00:00
02400389,Kroger - Prospect Village,KROGER,5929 Timber Ridge Dr,Prospect,KY,40059,5022922464.0,38.3401873,-85.6213966,,True,active,Returned by Kroger official Locations API on 2026-09-01,Kroger official Locations API,2026-09-01T18:57:47.243730+00:00
02400705,Kroger Marketplace - Richmond Plaza,KROGER,890 Richmond Plz,Richmond,KY,40475,8596241092.0,37.7313245,-84.2739544,,True,active,Returned by Kroger official Locations API on 2026-09-01,Kroger official Locations API,2026-09-01T18:57:47.243730+00:00
02400900,Kroger - Northridge,KROGER,181 S Highway 127,Russell Springs,KY,42642,2702167007.0,37.0636421,-85.0716963,,True,active,Returned by Kroger official Locations API on 2026-09-01,Kroger official Locations API,2026-09-01T18:57:47.243730+00:00
02400387,Kroger - Woodlawn SC,KROGER,291 N Hubbards Ln Ste 130,Saint Matthews,KY,40207,5028958332.0,38.2584937,-85.6367782,,True,active,Returned by Kroger official Locations API on 2026-09-01,Kroger official Locations API,2026-09-01T18:57:47.243730+00:00
02400777,Kroger Marketplace - Hi-Point SC,KROGER,311 Boone Station Rd,Shelbyville,KY,40065,5026331625.0,38.2157434,-85.2063739,,True,active,Returned by Kroger official Locations API on 2026-09-01,Kroger official Locations API,2026-09-01T18:57:47.243730+00:00
02400728,Kroger - Shepherds Crossing,KROGER,185 Adam Shepherd Pkwy,Shepherdsville,KY,40165,5025437242.0,37.9917289,-85.7107807,,True,active,Returned by Kroger official Locations API on 2026-09-01,Kroger official Locations API,2026-09-01T18:57:47.243730+00:00
02400757,Kroger - Tradewinds SC,KROGER,181 S Highway 27,Somerset,KY,42501,6066785147.0,37.0908091,-84.619284,,True,active,Returned by Kroger official Locations API on 2026-09-01,Kroger official Locations API,2026-09-01T18:57:47.243730+00:00
02400745,Kroger Marketplace - Kroger Marketplace Stonegate Ctr,KROGER,50 Stonegate Ctr,Somerset,KY,42501,6066780202.0,37.05772,-84.626986,,True,active,Returned by Kroger official Locations API on 2026-09-01,Kroger official Locations API,2026-09-01T18:57:47.243730+00:00
02400411,Kroger - W College Ave,KROGER,179 W College Ave,Stanton,KY,40380,6066632873.0,37.8443276,-83.8617452,,True,active,Returned by Kroger official Locations API on 2026-09-01,Kroger official Locations API,2026-09-01T18:57:47.243730+00:00
01400424,Kroger - Union Fuel Center,KROGER,8775 US Highway 42,Union,KY,41091,8596551500.0,38.9672807,-84.6716831,,True,active,Returned by Kroger official Locations API on 2026-09-01,Kroger official Locations API,2026-09-01T18:57:47.243730+00:00
01400454,Kroger Marketplace - Union Marketplace,KROGER,9001 US Highway 42,Union,KY,41091,8593349400.0,38.962402,-84.67646,,True,active,Returned by Kroger official Locations API on 2026-09-01,Kroger official Locations API,2026-09-01T18:57:47.243730+00:00
02400774,Kroger Marketplace - Versailles Marketplace,KROGER,212 Kroger Way,Versailles,KY,40383,8598737704.0,38.052959,-84.711332,,True,active,Returned by Kroger official Locations API on 2026-09-01,Kroger official Locations API,2026-09-01T18:57:47.243730+00:00
01400367,Kroger Marketplace - Walton KY Marketplace,KROGER,635 Chestnut Dr,Walton,KY,41094,8593790023.0,38.856209,-84.616966,,True,active,Returned by Kroger official Locations API on 2026-09-01,Kroger official Locations API,2026-09-01T18:57:47.243730+00:00
02400916,Kroger - Kroger Whitley City,KROGER,1187 N Highway 27,Whitley City,KY,42653,6065882000.0,36.7392776,-84.4739834,,True,active,Returned by Kroger official Locations API on 2026-09-01,Kroger official Locations API,2026-09-01T18:57:47.243730+00:00
02400402,Kroger - Bypass Rd Hwy 1958,KROGER,1661 Bypass Rd,Winchester,KY,40391,8597454959.0,37.994292,-84.2178122,,True,active,Returned by Kroger official Locations API on 2026-09-01,Kroger official Locations API,2026-09-01T18:57:47.243730+00:00
03500381,Kroger - Alex,KROGER,1422 Macarthur Dr,Alexandria,LA,71301,3184421851.0,31.2825225,-92.4765546,,True,active,Returned by Kroger official Locations API on 2026-09-01,Kroger official Locations API,2026-09-01T18:57:47.243730+00:00
03500534,Kroger Marketplace - Airline,KROGER,1050 George Dement Blvd,Bossier City,LA,71111,3187471424.0,32.550501,-93.706843,,True,active,Returned by Kroger official Locations API on 2026-09-01,Kroger official Locations API,2026-09-01T18:57:47.243730+00:00
03400394,Kroger - Country Club,KROGER,2010 Country Club Rd,Lake Charles,LA,70605,3379904901.0,30.1709295,-93.2515125,,True,active,Returned by Kroger official Locations API on 2026-09-01,Kroger official Locations API,2026-09-01T18:57:47.243730+00:00
03500539,Kroger - Bayou Walk,KROGER,6652 Youree Dr,Shreveport,LA,71105,3187959944.0,32.4447117,-93.7219479,,True,active,Returned by Kroger official Locations API on 2026-09-01,Kroger official Locations API,2026-09-01T18:57:47.243730+00:00
03500427,Kroger - Canterbury Square,KROGER,9155 Mansfield Rd,Shreveport,LA,71118,3186882010.0,32.4038478,-93.8007706,,True,active,Returned by Kroger official Locations API on 2026-09-01,Kroger official Locations API,2026-09-01T18:57:47.243730+00:00
03500533,Kroger Marketplace - Shreveport Marketplace,KROGER,9484 Ellerbe Rd Ste 100,Shreveport,LA,71106,3185176972.0,32.393817,-93.728832,,True,active,Returned by Kroger official Locations API on 2026-09-01,Kroger official Locations API,2026-09-01T18:57:47.243730+00:00
03400747,Kroger - Sulphur Store,KROGER,1421 Beglis Pkwy,Sulphur,LA,70663,3375289913.0,30.226548,-93.3610573,,True,active,Returned by Kroger official Locations API on 2026-09-01,Kroger official Locations API,2026-09-01T18:57:47.243730+00:00
01800450,Kroger - Algonac,KROGER,2600 Pointe Tremble Rd,Algonac,MI,48001,8106714001.0,42.6177818,-82.5484643,,True,active,Returned by Kroger official Locations API on 2026-09-01,Kroger official Locations API,2026-09-01T18:57:47.243730+00:00
01800605,Kroger - Plymouth Nixon,KROGER,2641 Plymouth Rd,Ann Arbor,MI,48105,7349940600.0,42.304858,-83.70905,,True,active,Returned by Kroger official Locations API on 2026-09-01,Kroger official Locations API,2026-09-01T18:57:47.243730+00:00
01800365,Kroger - Washtenaw,KROGER,3615 Washtenaw Ave,Ann Arbor,MI,48104,7342745390.0,42.2582623,-83.6888212,,True,active,Returned by Kroger official Locations API on 2026-09-01,Kroger official Locations API,2026-09-01T18:57:47.243730+00:00
01800688,Kroger - Westgate,KROGER,400 S Maple Rd,Ann Arbor,MI,48103,7342132340.0,42.27757,-83.78211,,True,active,Returned by Kroger official Locations API on 2026-09-01,Kroger official Locations API,2026-09-01T18:57:47.243730+00:00
01800424,Kroger - Bay City,KROGER,945 N Euclid Ave,Bay City,MI,48706,9896863590.0,43.6147184,-83.9164824,,True,active,Returned by Kroger official Locations API on 2026-09-01,Kroger official Locations API,2026-09-01T18:57:47.243730+00:00
01800685,Kroger - Birmingham,KROGER,685 E Maple Rd,Birmingham,MI,48009,2487231151.0,42.5472653,-83.2105627,,True,active,Returned by Kroger official Locations API on 2026-09-01,Kroger official Locations API,2026-09-01T18:57:47.243730+00:00
01800656,Kroger Fresh Fare - Bloomfield Plaza,KROGER,4099 Telegraph Rd,Bloomfield Hills,MI,48302,2486472204.0,42.5804088,-83.2792701,,True,active,Returned by Kroger official Locations API on 2026-09-01,Kroger official Locations API,2026-09-01T18:57:47.243730+00:00
01800440,Kroger Fresh Fare - Maple Lasher,KROGER,3600 W Maple Rd,Bloomfield Hills,MI,48301,2485300302.0,42.5464177,-83.2624994,,True,active,Returned by Kroger official Locations API on 2026-09-01,Kroger official Locations API,2026-09-01T18:57:47.243730+00:00
01800437,Kroger - Bridgeport,KROGER,6370 Dixie Hwy,Bridgeport,MI,48722,9897770881.0,43.3530576,-83.8711356,,True,active,Returned by Kroger official Locations API on 2026-09-01,Kroger official Locations API,2026-09-01T18:57:47.243730+00:00
01800638,Kroger - Brighton,KROGER,9968 E Grand River Ave,Brighton,MI,48116,8102256200.0,42.5194418,-83.7625783,,True,active,Returned by Kroger official Locations API on 2026-09-01,Kroger official Locations API,2026-09-01T18:57:47.243730+00:00
01800038,Kroger Fuel - Kroger Fuel,KROGER,9948 East Grand River,Brighton,MI,48116,9999999999.0,42.5211345,-83.762418,,True,active,Returned by Kroger official Locations API on 2026-09-01,Kroger official Locations API,2026-09-01T18:57:47.243730+00:00
01800458,Kroger - Brownstown,KROGER,23849 West Rd,Brownstown,MI,48134,7345611205.0,42.136546,-83.264245,,True,active,Returned by Kroger official Locations API on 2026-09-01,Kroger official Locations API,2026-09-01T18:57:47.243730+00:00
01800708,Kroger - Gibraltar,KROGER,20645 Gibraltar Rd,Brownstown TWP,MI,48183,7346750451.0,42.093487,-83.2345789,,True,active,Returned by Kroger official Locations API on 2026-09-01,Kroger official Locations API,2026-09-01T18:57:47.243730+00:00
01800406,Kroger - Burton,KROGER,1200 E Bristol Rd,Burton,MI,48529,8102346863.0,42.9731275,-83.6864506,,True,active,Returned by Kroger official Locations API on 2026-09-01,Kroger official Locations API,2026-09-01T18:57:47.243730+00:00
01800671,Kroger - Canton,KROGER,1905 N Canton Center Rd,Canton,MI,48187,7348448910.0,42.3194296,-83.4918564,,True,active,Returned by Kroger official Locations API on 2026-09-01,Kroger official Locations API,2026-09-01T18:57:47.243730+00:00
01800703,Kroger - Michigan Canton,KROGER,45540 Michigan Ave,Canton,MI,48188,7343972368.0,42.2742085,-83.4882238,,True,active,Returned by Kroger official Locations API on 2026-09-01,Kroger official Locations API,2026-09-01T18:57:47.243730+00:00
01800709,Kroger - Davisburg,KROGER,9741 Dixie Hwy,Clarkston,MI,48348,2489220416.0,42.7571904,-83.483433,,True,active,Returned by Kroger official Locations API on 2026-09-01,Kroger official Locations API,2026-09-01T18:57:47.243730+00:00
01800620,Kroger - Dixie Maybee,KROGER,6625 Dixie Hwy,Clarkston,MI,48346,2486208700.0,42.716825,-83.416074,,True,active,Returned by Kroger official Locations API on 2026-09-01,Kroger official Locations API,2026-09-01T18:57:47.243730+00:00
01800651,Kroger - Sashabaw,KROGER,5990 Sashabaw Rd,Clarkston,MI,48346,2489223164.0,42.7223064,-83.3760863,,True,active,Returned by Kroger official Locations API on 2026-09-01,Kroger official Locations API,2026-09-01T18:57:47.243730+00:00
01800528,Kroger - Garfield,KROGER,41941 Garfield Rd,Clinton Township,MI,48038,5862639555.0,42.6049501,-82.9547929,,True,active,Returned by Kroger official Locations API on 2026-09-01,Kroger official Locations API,2026-09-01T18:57:47.243730+00:00
01800634,Kroger - Commerce Township,KROGER,47060 W Pontiac Trl,Commerce Township,MI,48390,2489607730.0,42.5264004,-83.5148759,,True,active,Returned by Kroger official Locations API on 2026-09-01,Kroger official Locations API,2026-09-01T18:57:47.243730+00:00
01800729,Kroger - Commerce Twp,KROGER,2905 Union Lake Rd,Commerce Township,MI,48382,2487796200.0,42.594102,-83.443958,,True,active,Returned by Kroger official Locations API on 2026-09-01,Kroger official Locations API,2026-09-01T18:57:47.243730+00:00
01800363,Kroger - Fourteen Mile,KROGER,39950 W 14 Mile Rd,Commerce Township,MI,48390,2483136620.0,42.5277096,-83.440608,,True,active,Returned by Kroger official Locations API on 2026-09-01,Kroger official Locations API,2026-09-01T18:57:47.243730+00:00
01800714,Kroger - Davison,KROGER,700 N State Rd,Davison,MI,48423,8106534175.0,43.036342,-83.516262,,True,active,Returned by Kroger official Locations API on 2026-09-01,Kroger official Locations API,2026-09-01T18:57:47.243730+00:00
01800443,Kroger - Eastborn,KROGER,15255 Michigan Ave,Dearborn,MI,48126,3138274022.0,42.3156052,-83.1921151,,True,active,Returned by Kroger official Locations API on 2026-09-01,Kroger official Locations API,2026-09-01T18:57:47.243730+00:00
01800697,Kroger - Westborn,KROGER,23303 Michigan Ave,Dearborn,MI,48124,3135621762.0,42.3007844,-83.2619363,,True,active,Returned by Kroger official Locations API on 2026-09-01,Kroger official Locations API,2026-09-01T18:57:47.243730+00:00
01800441,Kroger - Dearborn Heights,KROGER,26400 Ford Rd,Dearborn Heights,MI,48127,3138273715.0,42.3290109,-83.300081,,True,active,Returned by Kroger official Locations API on 2026-09-01,Kroger official Locations API,2026-09-01T18:57:47.243730+00:00
01800577,Kroger - Dundee,KROGER,571 E Monroe St,Dundee,MI,48131,7345293242.0,41.9534377,-83.6416822,,True,active,Returned by Kroger official Locations API on 2026-09-01,Kroger official Locations API,2026-09-01T18:57:47.243730+00:00
01800890,Kroger - East Lansing,KROGER,1550 W Lake Lansing Rd,East Lansing,MI,48823,5173519361.0,42.7623119,-84.5051057,,True,active,Returned by Kroger official Locations API on 2026-09-01,Kroger official Locations API,2026-09-01T18:57:47.243730+00:00
01800635,Kroger - Essexville,KROGER,2910 Center Ave,Essexville,MI,48732,9898928037.0,43.5928971,-83.8463583,,True,active,Returned by Kroger official Locations API on 2026-09-01,Kroger official Locations API,2026-09-01T18:57:47.243730+00:00
01800661,Kroger - 11 Middlebelt,KROGER,25780 Middlebelt Rd,Farmington Hills,MI,48336,2484714444.0,42.483617,-83.337053,,True,active,Returned by Kroger official Locations API on 2026-09-01,Kroger official Locations API,2026-09-01T18:57:47.243730+00:00
01800619,Kroger - Halstead Village,KROGER,37550 W 12 Mile Rd,Farmington Hills,MI,48331,2484893170.0,42.4992821,-83.4187962,,True,active,Returned by Kroger official Locations API on 2026-09-01,Kroger official Locations API,2026-09-01T18:57:47.243730+00:00
01800416,Kroger - Fenton,KROGER,15100 Silver Pkwy,Fenton,MI,48430,8102082200.0,42.802738,-83.736167,,True,active,Returned by Kroger official Locations API on 2026-09-01,Kroger official Locations API,2026-09-01T18:57:47.243730+00:00
01800642,Kroger - Royal Oak Twp,KROGER,8920 W 8 Mile Rd,Ferndale,MI,48220,2484143790.0,42.446835,-83.15995,,True,active,Returned by Kroger official Locations API on 2026-09-01,Kroger official Locations API,2026-09-01T18:57:47.243730+00:00
01800404,Kroger - Carmen,KROGER,G3288 Corunna Rd,Flint,MI,48532,8102356435.0,43.0027954,-83.7443797,,True,active,Returned by Kroger official Locations API on 2026-09-01,Kroger official Locations API,2026-09-01T18:57:47.243730+00:00
01800413,Kroger - Corunna Dye,KROGER,5249 Corunna Rd,Flint,MI,48532,8107320130.0,43.0004423,-83.7820033,,True,active,Returned by Kroger official Locations API on 2026-09-01,Kroger official Locations API,2026-09-01T18:57:47.243730+00:00
01800115,Kroger - Richfield Center,KROGER,3838 Richfield Rd,Flint,MI,48506,8107360320.0,43.049785,-83.636507,,True,active,Returned by Kroger official Locations API on 2026-09-01,Kroger official Locations API,2026-09-01T18:57:47.243730+00:00
01800419,Kroger - Flushing,KROGER,1542 E Pierson Rd,Flushing,MI,48433,8106593121.0,43.0591364,-83.8154509,,True,active,Returned by Kroger official Locations API on 2026-09-01,Kroger official Locations API,2026-09-01T18:57:47.243730+00:00
01800436,Kroger - Frankenmuth,KROGER,435 N Main St,Frankenmuth,MI,48734,9896522621.0,43.3405065,-83.7365319,,True,active,Returned by Kroger official Locations API on 2026-09-01,Kroger official Locations API,2026-09-01T18:57:47.243730+00:00
01800409,Kroger - Grand Blanc,KROGER,12731 S Saginaw St,Grand Blanc,MI,48439,8106956384.0,42.9201229,-83.618802,,True,active,Returned by Kroger official Locations API on 2026-09-01,Kroger official Locations API,2026-09-01T18:57:47.243730+00:00
01800415,Kroger Fresh Fare - Grosse Ile,KROGER,8999 Macomb St,Grosse Ile,MI,48138,7346752070.0,42.129994,-83.157607,,True,active,Returned by Kroger official Locations API on 2026-09-01,Kroger official Locations API,2026-09-01T18:57:47.243730+00:00
01800784,Kroger - Grosse Pointe,KROGER,16919 Kercheval Ave,Grosse Pointe Park,MI,48230,3138846035.0,42.389913,-82.917489,,True,active,Returned by Kroger official Locations API on 2026-09-01,Kroger official Locations API,2026-09-01T18:57:47.243730+00:00
01800454,Kroger Fresh Fare - Grosse Pointe Woods,KROGER,20422 Mack Ave,Grosse Pointe Woods,MI,48236,3133081035.0,42.439152,-82.907046,,True,active,Returned by Kroger official Locations API on 2026-09-01,Kroger official Locations API,2026-09-01T18:57:47.243730+00:00
01800710,Kroger - Harper Woods,KROGER,20903 Harper Ave,Harper Woods,MI,48225,3136420823.0,42.4497882,-82.9158888,,True,active,Returned by Kroger official Locations API on 2026-09-01,Kroger official Locations API,2026-09-01T18:57:47.243730+00:00
01800622,Kroger - Metro Crocker,KROGER,26300 Crocker Blvd,Harrison Township,MI,48045,5869540400.0,42.5700342,-82.850733,,True,active,Returned by Kroger official Locations API on 2026-09-01,Kroger official Locations API,2026-09-01T18:57:47.243730+00:00
01800447,Kroger - Hazel Park,KROGER,23101 John R Rd,Hazel Park,MI,48030,2486581641.0,42.4628285,-83.105622,,True,active,Returned by Kroger official Locations API on 2026-09-01,Kroger official Locations API,2026-09-01T18:57:47.243730+00:00
01800681,Kroger - Hillsdale,KROGER,290 W Carleton Rd,Hillsdale,MI,49242,5174390800.0,41.9324691,-84.6433033,,True,active,Returned by Kroger official Locations API on 2026-09-01,Kroger official Locations API,2026-09-01T18:57:47.243730+00:00
01800887,Kroger - Holt,KROGER,2495 Cedar St,Holt,MI,48842,5176944119.0,42.6542682,-84.5342633,,True,active,Returned by Kroger official Locations API on 2026-09-01,Kroger official Locations API,2026-09-01T18:57:47.243730+00:00
01800444,Kroger - Hartland,KROGER,10059 E Highland Rd,Howell,MI,48843,8109912350.0,42.6350517,-83.7542589,,True,active,Returned by Kroger official Locations API on 2026-09-01,Kroger official Locations API,2026-09-01T18:57:47.243730+00:00
01800720,Kroger - Howell,KROGER,108 W Highland Rd,Howell,MI,48843,5175520126.0,42.6243613,-83.9274952,,True,active,Returned by Kroger official Locations API on 2026-09-01,Kroger official Locations API,2026-09-01T18:57:47.243730+00:00
01800465,Kroger - Imlay City,KROGER,1821 S Cedar St,Imlay City,MI,48444,8107213260.0,43.0121413,-83.0696902,,True,active,Returned by Kroger official Locations API on 2026-09-01,Kroger official Locations API,2026-09-01T18:57:47.243730+00:00
01800680,Kroger - Jackson,KROGER,1100 W Argyle St,Jackson,MI,49202,5177885354.0,42.2635662,-84.4266767,,True,active,Returned by Kroger official Locations API on 2026-09-01,Kroger official Locations API,2026-09-01T18:57:47.243730+00:00
01800637,Kroger - Lake Orion,KROGER,460 N Lapeer Rd,Lake Orion,MI,48362,2486930486.0,42.7900304,-83.2439908,,True,active,Returned by Kroger official Locations API on 2026-09-01,Kroger official Locations API,2026-09-01T18:57:47.243730+00:00
01800037,Kroger - Lake Orion Fuel,KROGER,605 S Lapeer Rd,Lake Orion,MI,48362,,42.7747116,-83.2383651,,True,active,Returned by Kroger official Locations API on 2026-09-01,Kroger official Locations API,2026-09-01T18:57:47.243730+00:00
01600864,Kroger Marketplace - Bedford Marketplace,KROGER,3462 Sterns Rd,Lambertville,MI,48144,7348544990.0,41.7509665,-83.6284163,,True,active,Returned by Kroger official Locations API on 2026-09-01,Kroger official Locations API,2026-09-01T18:57:47.243730+00:00
01800888,Kroger - Delta,KROGER,6430 W Saginaw Hwy,Lansing,MI,48917,5178861060.0,42.742644,-84.644243,,True,active,Returned by Kroger official Locations API on 2026-09-01,Kroger official Locations API,2026-09-01T18:57:47.243730+00:00
01800852,Kroger - Frandor,KROGER,443 Mall Ct,Lansing,MI,48912,5173322090.0,42.73851,-84.507486,,True,active,Returned by Kroger official Locations API on 2026-09-01,Kroger official Locations API,2026-09-01T18:57:47.243730+00:00
01800884,Kroger - Holmes Logan,KROGER,921 W Holmes Rd,Lansing,MI,48910,5173936622.0,42.6950021,-84.5652686,,True,active,Returned by Kroger official Locations API on 2026-09-01,Kroger official Locations API,2026-09-01T18:57:47.243730+00:00
01800600,Kroger - Lapeer,KROGER,540 S Main St,Lapeer,MI,48446,8106649234.0,43.0442914,-83.322996,,True,active,Returned by Kroger official Locations API on 2026-09-01,Kroger official Locations API,2026-09-01T18:57:47.243730+00:00
01800693,Kroger - Lincoln Park,KROGER,2060 Dix Hwy,Lincoln Park,MI,48146,3133867189.0,42.2549204,-83.1954836,,True,active,Returned by Kroger official Locations API on 2026-09-01,Kroger official Locations API,2026-09-01T18:57:47.243730+00:00
01800618,Kroger - 5 Merriman,KROGER,30935 5 Mile Rd,Livonia,MI,48154,7344211685.0,42.396646,-83.3484779,,True,active,Returned by Kroger official Locations API on 2026-09-01,Kroger official Locations API,2026-09-01T18:57:47.243730+00:00
01800615,Kroger - 8 Farmington,KROGER,33523 8 Mile Rd,Livonia,MI,48152,2484716780.0,42.4394217,-83.3820762,,True,active,Returned by Kroger official Locations API on 2026-09-01,Kroger official Locations API,2026-09-01T18:57:47.243730+00:00
01800684,Kroger - 21 Card,KROGER,21555 21 Mile Rd,Macomb,MI,48044,5864210768.0,42.64489,-82.898421,,True,active,Returned by Kroger official Locations API on 2026-09-01,Kroger official Locations API,2026-09-01T18:57:47.243730+00:00
01800716,Kroger - 26 Mile,KROGER,16450 26 Mile Rd,Macomb,MI,48042,5866778725.0,42.7141916,-82.9630513,,True,active,Returned by Kroger official Locations API on 2026-09-01,Kroger official Locations API,2026-09-01T18:57:47.243730+00:00
01800277,Kroger - Midland,KROGER,2808 Ashman St,Midland,MI,48640,9898358427.0,43.6245613,-84.2283509,,True,active,Returned by Kroger official Locations API on 2026-09-01,Kroger official Locations API,2026-09-01T18:57:47.243730+00:00
01800576,Kroger - Milan,KROGER,531 W Main St,Milan,MI,48160,7344391140.0,42.0889446,-83.6978522,,True,active,Returned by Kroger official Locations API on 2026-09-01,Kroger official Locations API,2026-09-01T18:57:47.243730+00:00
01800526,Kroger - Milford,KROGER,670 Highland Ave,Milford,MI,48381,2486851528.0,42.5939579,-83.604164,,True,active,Returned by Kroger official Locations API on 2026-09-01,Kroger official Locations API,2026-09-01T18:57:47.243730+00:00
01800579,Kroger - Frenchtown,KROGER,3833 N Dixie Hwy,Monroe,MI,48162,7342891070.0,41.9480062,-83.312852,,True,active,Returned by Kroger official Locations API on 2026-09-01,Kroger official Locations API,2026-09-01T18:57:47.243730+00:00
01800578,Kroger - Monroe,KROGER,850 S Monroe St,Monroe,MI,48161,7344575500.0,41.9088975,-83.4059892,,True,active,Returned by Kroger official Locations API on 2026-09-01,Kroger official Locations API,2026-09-01T18:57:47.243730+00:00
01800407,Kroger - Mt Morris,KROGER,7188 N Saginaw Rd,Mount Morris,MI,48458,8106702840.0,43.1100943,-83.6925448,,True,active,Returned by Kroger official Locations API on 2026-09-01,Kroger official Locations API,2026-09-01T18:57:47.243730+00:00
01800724,Kroger - New Baltimore,KROGER,35000 23 Mile Rd,New Baltimore,MI,48047,5867255660.0,42.6746106,-82.7580919,,True,active,Returned by Kroger official Locations API on 2026-09-01,Kroger official Locations API,2026-09-01T18:57:47.243730+00:00
01800361,Kroger - Main Center,KROGER,425 N Center St,Northville,MI,48167,2484684485.0,42.4352538,-83.4840277,,True,active,Returned by Kroger official Locations API on 2026-09-01,Kroger official Locations API,2026-09-01T18:57:47.243730+00:00
01800442,Kroger - Northville,KROGER,17447 Haggerty Rd,Northville,MI,48168,2486623031.0,42.413294,-83.4355429,,True,active,Returned by Kroger official Locations API on 2026-09-01,Kroger official Locations API,2026-09-01T18:57:47.243730+00:00
01800632,Kroger - Novi,KROGER,47650 Grand River Ave,Novi,MI,48374,2483749706.0,42.4918727,-83.5184812,,True,active,Returned by Kroger official Locations API on 2026-09-01,Kroger official Locations API,2026-09-01T18:57:47.243730+00:00
01800751,Kroger - Kroger Oak Park,KROGER,26200 Greenfield Rd,Oak Park,MI,48237,2487218670.0,42.4841667,-83.2001267,,True,active,Returned by Kroger official Locations API on 2026-09-01,Kroger official Locations API,2026-09-01T18:57:47.243730+00:00
01800793,Kroger - Okemos,KROGER,4884 Marsh Rd,Okemos,MI,48864,5173470100.0,42.7235033,-84.412821,,True,active,Returned by Kroger official Locations API on 2026-09-01,Kroger official Locations API,2026-09-01T18:57:47.243730+00:00
01800649,Kroger - Waldon Baldwin,KROGER,3097 S Baldwin Rd,Orion,MI,48359,2483930765.0,42.734238,-83.305283,,True,active,Returned by Kroger official Locations API on 2026-09-01,Kroger official Locations API,2026-09-01T18:57:47.243730+00:00
01800795,Kroger - Owosso,KROGER,1315 E M 21,Owosso,MI,48867,9897291355.0,42.9997157,-84.1471468,,True,active,Returned by Kroger official Locations API on 2026-09-01,Kroger official Locations API,2026-09-01T18:57:47.243730+00:00
01800721,Kroger - Pinckney,KROGER,9700 Chilson Cmns,Pinckney,MI,48169,7342137970.0,42.4620602,-83.8310417,,True,active,Returned by Kroger official Locations API on 2026-09-01,Kroger official Locations API,2026-09-01T18:57:47.243730+00:00
01800364,Kroger - Haggerty,KROGER,15455 N Haggerty Rd,Plymouth,MI,48170,7342592770.0,42.3974616,-83.4392575,,True,active,Returned by Kroger official Locations API on 2026-09-01,Kroger official Locations API,2026-09-01T18:57:47.243730+00:00
01800670,Kroger - Plymouth,KROGER,44525 Ann Arbor Rd W,Plymouth,MI,48170,7344148670.0,42.3572982,-83.4818476,,True,active,Returned by Kroger official Locations API on 2026-09-01,Kroger official Locations API,2026-09-01T18:57:47.243730+00:00
01800515,Kroger - North Port Huron,KROGER,2907 Krafft Rd,Port Huron,MI,48060,8109879820.0,43.0246414,-82.45429,,True,active,Returned by Kroger official Locations API on 2026-09-01,Kroger official Locations API,2026-09-01T18:57:47.243730+00:00
01800715,Kroger - South Port Huron,KROGER,1215 24Th St,Port Huron,MI,48060,8109879420.0,42.9704268,-82.4549341,,True,active,Returned by Kroger official Locations API on 2026-09-01,Kroger official Locations API,2026-09-01T18:57:47.243730+00:00
01800706,Kroger - Richmond,KROGER,66900 Gratiot Ave,Richmond,MI,48062,5867270125.0,42.7938464,-82.7344365,,True,active,Returned by Kroger official Locations API on 2026-09-01,Kroger official Locations API,2026-09-01T18:57:47.243730+00:00
01800650,Kroger - Oakland,KROGER,4888 N Adams Rd,Rochester,MI,48306,2482762541.0,42.7265318,-83.1992266,,True,active,Returned by Kroger official Locations API on 2026-09-01,Kroger official Locations API,2026-09-01T18:57:47.243730+00:00
01800492,Kroger - Rochester Hills,KROGER,65 S Livernois Rd,Rochester Hills,MI,48307,2486524750.0,42.6803827,-83.1514533,,True,active,Returned by Kroger official Locations API on 2026-09-01,Kroger official Locations API,2026-09-01T18:57:47.243730+00:00
540FC010,Kroger - - Detroit Shed,KROGER,15675 Wahrman St,Romulus,MI,48174,,42.1887367,-83.38214,,True,active,Returned by Kroger official Locations API on 2026-09-01,Kroger official Locations API,2026-09-01T18:57:47.243730+00:00
01800455,Kroger - 13 Mile Gratiot,KROGER,30851 Gratiot Ave,Roseville,MI,48066,5865413315.0,42.5235759,-82.9229207,,True,active,Returned by Kroger official Locations API on 2026-09-01,Kroger official Locations API,2026-09-01T18:57:47.243730+00:00
01800774,Kroger - 13 Mile Little Mack,KROGER,20891 E 13 Mile Rd,Roseville,MI,48066,5862983850.0,42.5262881,-82.9053329,,True,active,Returned by Kroger official Locations API on 2026-09-01,Kroger official Locations API,2026-09-01T18:57:47.243730+00:00
01800663,Kroger - Frazho Gratiot,KROGER,26130 Gratiot Ave,Roseville,MI,48066,5867768172.0,42.488056,-82.940795,,True,active,Returned by Kroger official Locations API on 2026-09-01,Kroger official Locations API,2026-09-01T18:57:47.243730+00:00
01800074,Kroger Fuel - Kroger Fuel,KROGER,20705 E 13 Mile Rd,Roseville,MI,48066,9999999999.0,42.5252876,-82.9093628,,True,active,Returned by Kroger official Locations API on 2026-09-01,Kroger official Locations API,2026-09-01T18:57:47.243730+00:00
01800743,Kroger Marketplace - Kroger Marketplace - Royal Oak,KROGER,2200 E 12 Mile Rd,Royal Oak,MI,48067,2483971520.0,42.501614,-83.119294,,True,active,Returned by Kroger official Locations API on 2026-09-01,Kroger official Locations API,2026-09-01T18:57:47.243730+00:00
01800738,Kroger - Saginaw Twp,KROGER,4672 State St,Saginaw,MI,48603,9899216221.0,43.4376584,-84.0090637,,True,active,Returned by Kroger official Locations API on 2026-09-01,Kroger official Locations API,2026-09-01T18:57:47.243730+00:00
01800495,Kroger - St Clair Shores,KROGER,23191 Marter Rd,Saint Clair Shores,MI,48080,5867712290.0,42.460184,-82.883568,,True,active,Returned by Kroger official Locations API on 2026-09-01,Kroger official Locations API,2026-09-01T18:57:47.243730+00:00
01800749,Kroger - St Clair Shores on Harper Ave,KROGER,22801 Harper Ave,Saint Clair Shores,MI,48080,5868005200.0,42.465143,-82.910799,,True,active,Returned by Kroger official Locations API on 2026-09-01,Kroger official Locations API,2026-09-01T18:57:47.243730+00:00
01800811,Kroger - St Johns,KROGER,900 S US Highway 27,Saint Johns,MI,48879,9892246841.0,42.99197,-84.548665,,True,active,Returned by Kroger official Locations API on 2026-09-01,Kroger official Locations API,2026-09-01T18:57:47.243730+00:00
01800704,Kroger - 25 Dequindre,KROGER,2058 25 Mile Rd,Shelby Township,MI,48316,2486511039.0,42.6957849,-83.0932344,,True,active,Returned by Kroger official Locations API on 2026-09-01,Kroger official Locations API,2026-09-01T18:57:47.243730+00:00
01800737,Kroger Marketplace - Shelby Marketplace,KROGER,14945 23 Mile Rd,Shelby Township,MI,48315,5869307010.0,42.673757,-82.976751,,True,active,Returned by Kroger official Locations API on 2026-09-01,Kroger official Locations API,2026-09-01T18:57:47.243730+00:00
01800754,Kroger Marketplace - Stoney Creek,KROGER,7644 26 Mile Rd,Shelby Township,MI,48316,5866978230.0,42.710643,-83.038062,,True,active,Returned by Kroger official Locations API on 2026-09-01,Kroger official Locations API,2026-09-01T18:57:47.243730+00:00
01800639,Kroger - South Lyon,KROGER,20730 Pontiac Trl,South Lyon,MI,48178,2484869133.0,42.4327017,-83.6473563,,True,active,Returned by Kroger official Locations API on 2026-09-01,Kroger official Locations API,2026-09-01T18:57:47.243730+00:00
01800366,Kroger - Ten Mile,KROGER,51847 10 Mile Rd,South Lyon,MI,48178,2486677310.0,42.4621164,-83.561507,,True,active,Returned by Kroger official Locations API on 2026-09-01,Kroger official Locations API,2026-09-01T18:57:47.243730+00:00
01800658,Kroger - 12 Evergreen,KROGER,19855 W 12 Mile Rd,Southfield,MI,48076,2485599829.0,42.5003676,-83.2406444,,True,active,Returned by Kroger official Locations API on 2026-09-01,Kroger official Locations API,2026-09-01T18:57:47.243730+00:00
01800775,Kroger - Kroger Southgate,KROGER,16705 Fort St,Southgate,MI,48195,7342869210.0,42.1858419,-83.1866286,,True,active,Returned by Kroger official Locations API on 2026-09-01,Kroger official Locations API,2026-09-01T18:57:47.243730+00:00
01800449,Kroger - Canal Schoenherr,KROGER,43893 Schoenherr Rd,Sterling Heights,MI,48313,5866851350.0,42.6175509,-82.9945023,,True,active,Returned by Kroger official Locations API on 2026-09-01,Kroger official Locations API,2026-09-01T18:57:47.243730+00:00
01800757,Kroger Marketplace - Kroger Marketplace - Sterling Heights,KROGER,2051 18 Mile Rd,Sterling Heights,MI,48314,5869300730.0,42.594689,-83.08863,,True,active,Returned by Kroger official Locations API on 2026-09-01,Kroger official Locations API,2026-09-01T18:57:47.243730+00:00
01800711,Kroger - Swartz Creek,KROGER,7084 Miller Rd,Swartz Creek,MI,48473,8106300575.0,42.9640754,-83.8151497,,True,active,Returned by Kroger official Locations API on 2026-09-01,Kroger official Locations API,2026-09-01T18:57:47.243730+00:00
01800686,Kroger - Taylor,KROGER,7000 Monroe Blvd,Taylor,MI,48180,3132991725.0,42.257682,-83.251249,,True,active,Returned by Kroger official Locations API on 2026-09-01,Kroger official Locations API,2026-09-01T18:57:47.243730+00:00
01800463,Kroger - Big Beaver John R,KROGER,3125 John R Rd,Troy,MI,48083,2486581700.0,42.5653223,-83.1099771,,True,active,Returned by Kroger official Locations API on 2026-09-01,Kroger official Locations API,2026-09-01T18:57:47.243730+00:00
01800448,Kroger - Coolidge,KROGER,1237 Coolidge Hwy,Troy,MI,48084,2485191320.0,42.542443,-83.189744,,True,active,Returned by Kroger official Locations API on 2026-09-01,Kroger official Locations API,2026-09-01T18:57:47.243730+00:00
01800464,Kroger - Crooks South,KROGER,2105 South Blvd W,Troy,MI,48098,2485371010.0,42.6211359,-83.1721587,,True,active,Returned by Kroger official Locations API on 2026-09-01,Kroger official Locations API,2026-09-01T18:57:47.243730+00:00
01800487,Kroger - Long Lake and Livernois,KROGER,31 E Long Lake Rd,Troy,MI,48085,2488791040.0,42.593112,-83.1482339,,True,active,Returned by Kroger official Locations API on 2026-09-01,Kroger official Locations API,2026-09-01T18:57:47.243730+00:00
01800486,Kroger - Hoover 11,KROGER,26233 Hoover Rd,Warren,MI,48089,5867545562.0,42.486723,-83.007797,,True,active,Returned by Kroger official Locations API on 2026-09-01,Kroger official Locations API,2026-09-01T18:57:47.243730+00:00
01800776,Kroger - Kroger Shoenherr,KROGER,31200 Schoenherr Rd,Warren,MI,48092,5862384560.0,42.5240983,-82.9861317,,True,active,Returned by Kroger official Locations API on 2026-09-01,Kroger official Locations API,2026-09-01T18:57:47.243730+00:00
01800602,Kroger - Universal Mall,KROGER,28250 Dequindre Rd,Warren,MI,48092,5865580064.0,42.499619,-83.0830722,,True,active,Returned by Kroger official Locations API on 2026-09-01,Kroger official Locations API,2026-09-01T18:57:47.243730+00:00
01800461,Kroger - Romeo,KROGER,64660 Van Dyke Rd,Washington,MI,48095,5865408003.0,42.7706703,-83.0161713,,True,active,Returned by Kroger official Locations API on 2026-09-01,Kroger official Locations API,2026-09-01T18:57:47.243730+00:00
01800675,Kroger - Waterford,KROGER,5111 Highland Rd,Waterford,MI,48327,2486731629.0,42.6588979,-83.3871099,,True,active,Returned by Kroger official Locations API on 2026-09-01,Kroger official Locations API,2026-09-01T18:57:47.243730+00:00
01800481,Kroger - Orchard Lake,KROGER,4395 Orchard Lake Rd,West Bloomfield,MI,48323,2486260022.0,42.574081,-83.360771,,True,active,Returned by Kroger official Locations API on 2026-09-01,Kroger official Locations API,2026-09-01T18:57:47.243730+00:00
01800456,Kroger - Cherry Hill Merriman,KROGER,200 S Merriman Rd,Westland,MI,48186,7347131122.0,42.309136,-83.3520736,,True,active,Returned by Kroger official Locations API on 2026-09-01,Kroger official Locations API,2026-09-01T18:57:47.243730+00:00
01800630,Kroger - Michigan Merriman,KROGER,31300 Michigan Ave,Westland,MI,48186,7343266981.0,42.287211,-83.347245,,True,active,Returned by Kroger official Locations API on 2026-09-01,Kroger official Locations API,2026-09-01T18:57:47.243730+00:00
01800459,Kroger - Warren Middlebelt,KROGER,7350 N Middlebelt Rd,Westland,MI,48185,7347931022.0,42.3417,-83.330698,,True,active,Returned by Kroger official Locations API on 2026-09-01,Kroger official Locations API,2026-09-01T18:57:47.243730+00:00
01800691,Kroger - Westland,KROGER,36430 Ford Rd,Westland,MI,48185,7345956638.0,42.3261149,-83.4001833,,True,active,Returned by Kroger official Locations API on 2026-09-01,Kroger official Locations API,2026-09-01T18:57:47.243730+00:00
01800759,Kroger Marketplace - Kroger White Lake,KROGER,10951 Highland Rd,White Lake,MI,48386,2487796470.0,42.647913,-83.502608,,True,active,Returned by Kroger official Locations API on 2026-09-01,Kroger official Locations API,2026-09-01T18:57:47.243730+00:00
01800689,Kroger - Carpenter Packard,KROGER,3200 Carpenter Rd,Ypsilanti,MI,48197,7349717148.0,42.24277,-83.6821497,,True,active,Returned by Kroger official Locations API on 2026-09-01,Kroger official Locations API,2026-09-01T18:57:47.243730+00:00
01800707,Kroger - Whittaker,KROGER,2010 Whittaker Rd,Ypsilanti,MI,48197,7345471790.0,42.2120939,-83.6209907,,True,active,Returned by Kroger official Locations API on 2026-09-01,Kroger official Locations API,2026-09-01T18:57:47.243730+00:00
01800520,Kroger - Ypsilanti,KROGER,1771 E Michigan Ave,Ypsilanti,MI,48198,7344825615.0,42.2484995,-83.5753303,,True,active,Returned by Kroger official Locations API on 2026-09-01,Kroger official Locations API,2026-09-01T18:57:47.243730+00:00
02500386,Kroger - Poplar Bluff,KROGER,2770 N Westwood Blvd,Poplar Bluff,MO,63901,5736866970.0,36.7864192,-90.4286469,,True,active,Returned by Kroger official Locations API on 2026-09-01,Kroger official Locations API,2026-09-01T18:57:47.243730+00:00
02100537,Kroger - Rolla,KROGER,605 W 4Th St,Rolla,MO,65401,5733642721.0,37.9467154,-91.7762367,,True,active,Returned by Kroger official Locations API on 2026-09-01,Kroger official Locations API,2026-09-01T18:57:47.243730+00:00
02100724,Kroger - Troy Square,KROGER,1 Troy Sq,Troy,MO,63379,6365288423.0,38.9884936,-90.976085,,True,active,Returned by Kroger official Locations API on 2026-09-01,Kroger official Locations API,2026-09-01T18:57:47.243730+00:00
02500434,Kroger - Batesville MS,KROGER,110 Keating Rd,Batesville,MS,38606,6625789917.0,34.3111181,-89.9282841,,True,active,Returned by Kroger official Locations API on 2026-09-01,Kroger official Locations API,2026-09-01T18:57:47.243730+00:00
02500388,Kroger - Brandon,KROGER,1811 W Government St,Brandon,MS,39042,6018253696.0,32.2853568,-90.0375404,,True,active,Returned by Kroger official Locations API on 2026-09-01,Kroger official Locations API,2026-09-01T18:57:47.243730+00:00
02500493,Kroger - Spillway,KROGER,1070 Spillway Cir,Brandon,MS,39047,6018290740.0,32.38348,-90.0392812,,True,active,Returned by Kroger official Locations API on 2026-09-01,Kroger official Locations API,2026-09-01T18:57:47.243730+00:00
02500490,Kroger - Byram,KROGER,6745 S Siwell Rd,Byram,MS,39272,6018632001.0,32.2041633,-90.297341,,True,active,Returned by Kroger official Locations API on 2026-09-01,Kroger official Locations API,2026-09-01T18:57:47.243730+00:00
02500370,Kroger - Cleveland,KROGER,602 N Davis Ave,Cleveland,MS,38732,6628469201.0,33.7523782,-90.7138832,,True,active,Returned by Kroger official Locations API on 2026-09-01,Kroger official Locations API,2026-09-01T18:57:47.243730+00:00
02500474,Kroger - Clinton,KROGER,107 Highway 80 E,Clinton,MS,39056,6019256340.0,32.3348431,-90.3253719,,True,active,Returned by Kroger official Locations API on 2026-09-01,Kroger official Locations API,2026-09-01T18:57:47.243730+00:00
02500377,Kroger Fuel Center - Clinton,KROGER,462 Springridge Rd,Clinton,MS,39056,6019242374.0,32.329869,-90.326571,,True,active,Returned by Kroger official Locations API on 2026-09-01,Kroger official Locations API,2026-09-01T18:57:47.243730+00:00
02500427,Kroger - Columbus,KROGER,1829 Highway 45 N,Columbus,MS,39705,6623271140.0,33.5169277,-88.4364069,,True,active,Returned by Kroger official Locations API on 2026-09-01,Kroger official Locations API,2026-09-01T18:57:47.243730+00:00
02500454,Kroger - Corinth,KROGER,104 Highway 72 W,Corinth,MS,38834,6622878155.0,34.9282297,-88.5243447,,True,active,Returned by Kroger official Locations API on 2026-09-01,Kroger official Locations API,2026-09-01T18:57:47.243730+00:00
02500479,Kroger - Dogwood Promenade,KROGER,110 Promenade Blvd,Flowood,MS,39232,6017182230.0,32.3423425,-90.0637235,,True,active,Returned by Kroger official Locations API on 2026-09-01,Kroger official Locations API,2026-09-01T18:57:47.243730+00:00
02500497,Kroger - Flowood East,KROGER,143 Friendly and Fresh Dr,Flowood,MS,39232,6019927552.0,32.3556064,-90.0138273,,True,active,Returned by Kroger official Locations API on 2026-09-01,Kroger official Locations API,2026-09-01T18:57:47.243730+00:00
02500429,Kroger - Greenville,KROGER,1778 Highway 1 S,Greenville,MS,38701,6623328895.0,33.3698221,-91.0379707,,True,active,Returned by Kroger official Locations API on 2026-09-01,Kroger official Locations API,2026-09-01T18:57:47.243730+00:00
02500478,Kroger Marketplace - Kroger Marketplace Mount Pleasant Hernando MS,KROGER,2380 Mount Pleasant Rd,Hernando,MS,38632,6624290355.0,34.8264396,-89.9818101,,True,active,Returned by Kroger official Locations API on 2026-09-01,Kroger official Locations API,2026-09-01T18:57:47.243730+00:00
02500499,Kroger - Goodman Rd and Horn Lake,KROGER,3926 Goodman Rd W,Horn Lake,MS,38637,6623932213.0,34.9644748,-90.0594804,,True,active,Returned by Kroger official Locations API on 2026-09-01,Kroger official Locations API,2026-09-01T18:57:47.243730+00:00
02500453,Kroger - Horn Lake - I-55,KROGER,7251 Interstate Dr,Horn Lake,MS,38637,6623498334.0,34.9643289,-90.0056652,,True,active,Returned by Kroger official Locations API on 2026-09-01,Kroger official Locations API,2026-09-01T18:57:47.243730+00:00
02500345,Kroger - Jacksonian Plaza,KROGER,4910 I 55 N,Jackson,MS,39211,6013661141.0,32.3638105,-90.1478631,,True,active,Returned by Kroger official Locations API on 2026-09-01,Kroger official Locations API,2026-09-01T18:57:47.243730+00:00
02500355,Kroger - Laurel,KROGER,2340 Highway 15 N,Laurel,MS,39440,6014266044.0,31.7193413,-89.1505767,,True,active,Returned by Kroger official Locations API on 2026-09-01,Kroger official Locations API,2026-09-01T18:57:47.243730+00:00
02500472,Kroger - Colony Crossing,KROGER,115 Colony Crossing Way,Madison,MS,39110,6016055020.0,32.4748841,-90.1419176,,True,active,Returned by Kroger official Locations API on 2026-09-01,Kroger official Locations API,2026-09-01T18:57:47.243730+00:00
02500492,Kroger - Madison,KROGER,1070 Highway 51,Madison,MS,39110,6018532410.0,32.4637475,-90.1081963,,True,active,Returned by Kroger official Locations API on 2026-09-01,Kroger official Locations API,2026-09-01T18:57:47.243730+00:00
02500452,Kroger - Olive Branch,KROGER,7427 Goodman Rd,Olive Branch,MS,38654,6628951460.0,34.9602294,-89.8577036,,True,active,Returned by Kroger official Locations API on 2026-09-01,Kroger official Locations API,2026-09-01T18:57:47.243730+00:00
02500473,Kroger - Oxford,KROGER,2013 University Ave,Oxford,MS,38655,6622369956.0,34.3635217,-89.5036823,,True,active,Returned by Kroger official Locations API on 2026-09-01,Kroger official Locations API,2026-09-01T18:57:47.243730+00:00
02500363,Kroger - Pearl,KROGER,201 Lonnie T Jenkins Dr,Pearl,MS,39208,6019322325.0,32.284337,-90.11687,,True,active,Returned by Kroger official Locations API on 2026-09-01,Kroger official Locations API,2026-09-01T18:57:47.243730+00:00
02500449,Kroger - Richland,KROGER,1167 Highway 49 S,Richland,MS,39218,6016640120.0,32.2163394,-90.1553684,,True,active,Returned by Kroger official Locations API on 2026-09-01,Kroger official Locations API,2026-09-01T18:57:47.243730+00:00
02500494,Kroger - Old Canton Ridgeland,KROGER,7045 Old Canton Rd,Ridgeland,MS,39157,6018563442.0,32.4159654,-90.1069897,,True,active,Returned by Kroger official Locations API on 2026-09-01,Kroger official Locations API,2026-09-01T18:57:47.243730+00:00
02500464,Kroger - Goodman Getwell,KROGER,3095 Goodman Rd E,Southaven,MS,38672,6625363741.0,34.960895,-89.93502,,True,active,Returned by Kroger official Locations API on 2026-09-01,Kroger official Locations API,2026-09-01T18:57:47.243730+00:00
02500404,Kroger - Stateline Rd,KROGER,465 Stateline Rd W,Southaven,MS,38671,6623932675.0,34.99027,-89.9974562,,True,active,Returned by Kroger official Locations API on 2026-09-01,Kroger official Locations API,2026-09-01T18:57:47.243730+00:00
02500381,Kroger - Starkville,KROGER,826 Highway 12 W,Starkville,MS,39759,6623248032.0,33.449593,-88.84256,,True,active,Returned by Kroger official Locations API on 2026-09-01,Kroger official Locations API,2026-09-01T18:57:47.243730+00:00
02500447,Kroger - Barnes Crossing,KROGER,930 Barnes Crossing Rd,Tupelo,MS,38804,6628445206.0,34.3177045,-88.7034397,,True,active,Returned by Kroger official Locations API on 2026-09-01,Kroger official Locations API,2026-09-01T18:57:47.243730+00:00
02500471,Kroger - Tupelo - Main St,KROGER,960 W Main St,Tupelo,MS,38801,6628408448.0,34.2580985,-88.7189806,,True,active,Returned by Kroger official Locations API on 2026-09-01,Kroger official Locations API,2026-09-01T18:57:47.243730+00:00
02500466,Kroger - Pemberton Sq,KROGER,3408 Pemberton Square Blvd,Vicksburg,MS,39180,6016304000.0,32.3149988,-90.8820346,,True,active,Returned by Kroger official Locations API on 2026-09-01,Kroger official Locations API,2026-09-01T18:57:47.243730+00:00
01400468,Kroger Marketplace - Pierce Township Marketplace,KROGER,262 W Main St,Amelia,OH,45102,5137182202.0,39.0359892,-84.2330384,,True,active,Returned by Kroger official Locations API on 2026-09-01,Kroger official Locations API,2026-09-01T18:57:47.243730+00:00
01600901,Kroger - Athens,KROGER,919 E State St,Athens,OH,45701,7405921598.0,39.3356404,-82.069268,,True,active,Returned by Kroger official Locations API on 2026-09-01,Kroger official Locations API,2026-09-01T18:57:47.243730+00:00
01400811,Kroger Marketplace - Beavercreek,KROGER,3165 Dayton Xenia Rd,Beavercreek,OH,45434,9379120500.0,39.725551,-84.054141,,True,active,Returned by Kroger official Locations API on 2026-09-01,Kroger official Locations API,2026-09-01T18:57:47.243730+00:00
01600558,Kroger - Bellaire,KROGER,400 28Th St,Bellaire,OH,43906,7406715164.0,40.0115573,-80.7474904,,True,active,Returned by Kroger official Locations API on 2026-09-01,Kroger official Locations API,2026-09-01T18:57:47.243730+00:00
01600832,Kroger - Bellefontaine,KROGER,2129 S Main St,Bellefontaine,OH,43311,9375991208.0,40.3309865,-83.7603765,,True,active,Returned by Kroger official Locations API on 2026-09-01,Kroger official Locations API,2026-09-01T18:57:47.243730+00:00
02900799,Kroger - Belpre,KROGER,1008 Washington Blvd,Belpre,OH,45714,7404235885.0,39.2754747,-81.5806893,,True,active,Returned by Kroger official Locations API on 2026-09-01,Kroger official Locations API,2026-09-01T18:57:47.243730+00:00
01400395,Kroger - Blanchester,KROGER,1001 Cherry St,Blanchester,OH,45107,9377830240.0,39.301354,-83.9609353,,True,active,Returned by Kroger official Locations API on 2026-09-01,Kroger official Locations API,2026-09-01T18:57:47.243730+00:00
01400942,Kroger - Blue Ash,KROGER,4100 Hunt Rd,Blue Ash,OH,45236,5137921500.0,39.2272828,-84.3978512,,True,active,Returned by Kroger official Locations API on 2026-09-01,Kroger official Locations API,2026-09-01T18:57:47.243730+00:00
01400082,Kroger - Reed Hartman Fuel,KROGER,11220 Reed Hartman Hwy,Blue Ash,OH,45241,5137867090.0,39.270599,-84.375178,,True,active,Returned by Kroger official Locations API on 2026-09-01,Kroger official Locations API,2026-09-01T18:57:47.243730+00:00
01600878,Kroger - Bowling Green,KROGER,1094 N Main St,Bowling Green,OH,43402,4193533919.0,41.3912788,-83.6486711,,True,active,Returned by Kroger official Locations API on 2026-09-01,Kroger official Locations API,2026-09-01T18:57:47.243730+00:00
01600506,Kroger - Bucyrus,KROGER,210 E Mary St,Bucyrus,OH,44820,4195624719.0,40.811345,-82.97313,,True,active,Returned by Kroger official Locations API on 2026-09-01,Kroger official Locations API,2026-09-01T18:57:47.243730+00:00
01600851,Kroger - Canal,KROGER,6095 Gender Rd,Canal Winchester,OH,43110,6148342800.0,39.8557861,-82.8319261,,True,active,Returned by Kroger official Locations API on 2026-09-01,Kroger official Locations API,2026-09-01T18:57:47.243730+00:00
01600514,Kroger - Gender Road,KROGER,3588 Gender Rd,Canal Winchester,OH,43110,6149207400.0,39.9083188,-82.8226026,,True,active,Returned by Kroger official Locations API on 2026-09-01,Kroger official Locations API,2026-09-01T18:57:47.243730+00:00
01400935,Kroger - Sugarcreek Twp,KROGER,6480 Wilmington Pike,Centerville,OH,45459,9378485990.0,39.6399957,-84.1080692,,True,active,Returned by Kroger official Locations API on 2026-09-01,Kroger official Locations API,2026-09-01T18:57:47.243730+00:00
01400923,Kroger Marketplace - Centerville Marketplace,KROGER,1095 S Main St,Centerville,OH,45458,9374358210.0,39.6071088,-84.1634476,,True,active,Returned by Kroger official Locations API on 2026-09-01,Kroger official Locations API,2026-09-01T18:57:47.243730+00:00
01600348,Kroger - Bridge Street,KROGER,887 N Bridge St,Chillicothe,OH,45601,7407732901.0,39.3543988,-82.9742619,,True,active,Returned by Kroger official Locations API on 2026-09-01,Kroger official Locations API,2026-09-01T18:57:47.243730+00:00
01600312,Kroger - Chillicothe,KROGER,1165 Western Ave,Chillicothe,OH,45601,7407733150.0,39.3342617,-83.0165373,,True,active,Returned by Kroger official Locations API on 2026-09-01,Kroger official Locations API,2026-09-01T18:57:47.243730+00:00
540FC211,Kroger - - Cincinnati East Spoke,KROGER,4320 Mount Carmel Rd,Cincinnati,OH,45244,,39.141485,-84.307847,,True,active,Returned by Kroger official Locations API on 2026-09-01,Kroger official Locations API,2026-09-01T18:57:47.243730+00:00
01400915,Kroger - Anderson Township,KROGER,7580 Beechmont Ave,Cincinnati,OH,45255,5132334400.0,39.074332,-84.347973,,True,active,Returned by Kroger official Locations API on 2026-09-01,Kroger official Locations API,2026-09-01T18:57:47.243730+00:00
01400431,Kroger - Cherry Grove,KROGER,450 Ohio Pike,Cincinnati,OH,45255,5135286120.0,39.0741722,-84.3114587,,True,active,Returned by Kroger official Locations API on 2026-09-01,Kroger official Locations API,2026-09-01T18:57:47.243730+00:00
01400968,Kroger - Colerain Marketplace,KROGER,3636 Springdale Rd,Cincinnati,OH,45251,5136399900.0,39.249048,-84.599709,,True,active,Returned by Kroger official Locations API on 2026-09-01,Kroger official Locations API,2026-09-01T18:57:47.243730+00:00
01400944,Kroger - Delhi,KROGER,5080 Delhi Rd,Cincinnati,OH,45238,5134517200.0,39.0962602,-84.6127791,,True,active,Returned by Kroger official Locations API on 2026-09-01,Kroger official Locations API,2026-09-01T18:57:47.243730+00:00
01400902,Kroger - Eastgate,KROGER,4530 Eastgate Blvd Ste 500,Cincinnati,OH,45245,5139433900.0,39.1030213,-84.2712059,,True,active,Returned by Kroger official Locations API on 2026-09-01,Kroger official Locations API,2026-09-01T18:57:47.243730+00:00
01400432,Kroger - Ferguson Road,KROGER,2310 Ferguson Rd,Cincinnati,OH,45238,5139228090.0,39.126708,-84.5973922,,True,active,Returned by Kroger official Locations API on 2026-09-01,Kroger official Locations API,2026-09-01T18:57:47.243730+00:00
01400384,Kroger - Finneytown OH,KROGER,8421 Winton Rd,Cincinnati,OH,45231,5137288630.0,39.2203019,-84.5192304,,True,active,Returned by Kroger official Locations API on 2026-09-01,Kroger official Locations API,2026-09-01T18:57:47.243730+00:00
540FC500,Kroger - Forecast Shed,KROGER,1014 Vine St,Cincinnati,OH,45202,,39.106758,-84.513951,,True,active,Returned by Kroger official Locations API on 2026-09-01,Kroger official Locations API,2026-09-01T18:57:47.243730+00:00
01400943,Kroger - Forest Park,KROGER,1212 W Kemper Rd,Cincinnati,OH,45240,5136745800.0,39.2900055,-84.5250073,,True,active,Returned by Kroger official Locations API on 2026-09-01,Kroger official Locations API,2026-09-01T18:57:47.243730+00:00
01400353,Kroger - Harpers Point,KROGER,11390 Montgomery Rd,Cincinnati,OH,45249,5132477740.0,39.2715609,-84.3259895,,True,active,Returned by Kroger official Locations API on 2026-09-01,Kroger official Locations API,2026-09-01T18:57:47.243730+00:00
01400405,Kroger - Hartwell,KROGER,8241 Vine St,Cincinnati,OH,45216,5138212230.0,39.2102762,-84.4753884,,True,active,Returned by Kroger official Locations API on 2026-09-01,Kroger official Locations API,2026-09-01T18:57:47.243730+00:00
01400355,Kroger - Hyde Park,KROGER,3760 Paxton Ave,Cincinnati,OH,45209,5138714142.0,39.144662,-84.429584,,True,active,Returned by Kroger official Locations API on 2026-09-01,Kroger official Locations API,2026-09-01T18:57:47.243730+00:00
01400513,Kroger - Kroger On the Rhine,KROGER,100 E Court St,Cincinnati,OH,45202,5132635900.0,39.10682,-84.51253,,True,active,Returned by Kroger official Locations API on 2026-09-01,Kroger official Locations API,2026-09-01T18:57:47.243730+00:00
01400402,Kroger - Madeira,KROGER,6950 Miami Ave,Cincinnati,OH,45243,5132711260.0,39.188105,-84.361497,,True,active,Returned by Kroger official Locations API on 2026-09-01,Kroger official Locations API,2026-09-01T18:57:47.243730+00:00
01400421,Kroger - Mariemont,KROGER,7385 Wooster Pike,Cincinnati,OH,45227,5132719444.0,39.1416149,-84.3616532,,True,active,Returned by Kroger official Locations API on 2026-09-01,Kroger official Locations API,2026-09-01T18:57:47.243730+00:00
01400370,Kroger - Monfort Heights OH,KROGER,3491 North Bend Rd,Cincinnati,OH,45239,5135987500.0,39.1896065,-84.5987839,,True,active,Returned by Kroger official Locations API on 2026-09-01,Kroger official Locations API,2026-09-01T18:57:47.243730+00:00
01400418,Kroger - Montgomery Rd Norwood,KROGER,4500 Montgomery Rd,Cincinnati,OH,45212,5138416600.0,39.1587311,-84.4554364,,True,active,Returned by Kroger official Locations API on 2026-09-01,Kroger official Locations API,2026-09-01T18:57:47.243730+00:00
01400438,Kroger - Mt Washington,KROGER,2120 Beechmont Ave,Cincinnati,OH,45230,5132314530.0,39.093585,-84.3864713,,True,active,Returned by Kroger official Locations API on 2026-09-01,Kroger official Locations API,2026-09-01T18:57:47.243730+00:00
01400390,Kroger - North College Hill,KROGER,7132 Hamilton Ave,Cincinnati,OH,45231,5137282700.0,39.224493,-84.547771,,True,active,Returned by Kroger official Locations API on 2026-09-01,Kroger official Locations API,2026-09-01T18:57:47.243730+00:00
01400429,Kroger - Sharonville OH,KROGER,12164 Lebanon Rd,Cincinnati,OH,45241,5137334910.0,39.2965534,-84.3899154,,True,active,Returned by Kroger official Locations API on 2026-09-01,Kroger official Locations API,2026-09-01T18:57:47.243730+00:00
540FC200,Kroger - Spoke Forecast,KROGER,1014 Vine St,Cincinnati,OH,45202,,39.106758,-84.513951,,True,active,Returned by Kroger official Locations API on 2026-09-01,Kroger official Locations API,2026-09-01T18:57:47.243730+00:00
01400428,Kroger - St Bernard,KROGER,4777 Kenard Ave,Cincinnati,OH,45232,5136817650.0,39.1644117,-84.5148034,,True,active,Returned by Kroger official Locations API on 2026-09-01,Kroger official Locations API,2026-09-01T18:57:47.243730+00:00
01400929,Kroger - University Plaza,KROGER,1 W Corry St,Cincinnati,OH,45219,5138721500.0,39.128667,-84.509336,,True,active,Returned by Kroger official Locations API on 2026-09-01,Kroger official Locations API,2026-09-01T18:57:47.243730+00:00
01400482,Kroger - Warsaw Avenue,KROGER,3609 Warsaw Ave,Cincinnati,OH,45205,5135987880.0,39.1093681,-84.5715512,,True,active,Returned by Kroger official Locations API on 2026-09-01,Kroger official Locations API,2026-09-01T18:57:47.243730+00:00
01400948,Kroger - Western Village Shopping Center,KROGER,6165 Glenway Ave,Cincinnati,OH,45211,5137192401.0,39.1427165,-84.622713,,True,active,Returned by Kroger official Locations API on 2026-09-01,Kroger official Locations API,2026-09-01T18:57:47.243730+00:00
01400433,Kroger - Woodlawn,KROGER,10595 Springfield Pike,Cincinnati,OH,45215,5137711801.0,39.2600763,-84.4712549,,True,active,Returned by Kroger official Locations API on 2026-09-01,Kroger official Locations API,2026-09-01T18:57:47.243730+00:00
540FC000,Kroger - Zero Warehouse,KROGER,1014 Vine St,Cincinnati,OH,45202,9999999999.0,39.106758,-84.513951,,True,active,Returned by Kroger official Locations API on 2026-09-01,Kroger official Locations API,2026-09-01T18:57:47.243730+00:00
01400053,Kroger Fuel - Harpers Point Fuel,KROGER,12080 Montgomery Rd,Cincinnati,OH,45249,9999999999.0,39.288625,-84.301223,,True,active,Returned by Kroger official Locations API on 2026-09-01,Kroger official Locations API,2026-09-01T18:57:47.243730+00:00
01400444,Kroger Marketplace - Green Township,KROGER,5910 Harrison Ave,Cincinnati,OH,45248,5133702000.0,39.177059,-84.641219,,True,active,Returned by Kroger official Locations API on 2026-09-01,Kroger official Locations API,2026-09-01T18:57:47.243730+00:00
01400465,Kroger Marketplace - Oakley OH Marketplace,KROGER,4613 Marburg Ave,Cincinnati,OH,45209,5137825100.0,39.1601221,-84.4270873,,True,active,Returned by Kroger official Locations API on 2026-09-01,Kroger official Locations API,2026-09-01T18:57:47.243730+00:00
01600844,Kroger - Circleville,KROGER,175 Lancaster Pike,Circleville,OH,43113,7404775700.0,39.5979336,-82.9313762,,True,active,Returned by Kroger official Locations API on 2026-09-01,Kroger official Locations API,2026-09-01T18:57:47.243730+00:00
01400445,Kroger - Whitewater Twp,KROGER,4001 Hamilton Cleves Rd,Cleves,OH,45002,5138532500.0,39.1721421,-84.7608396,,True,active,Returned by Kroger official Locations API on 2026-09-01,Kroger official Locations API,2026-09-01T18:57:47.243730+00:00
540FC212,Kroger - - Columbus Spoke,KROGER,6658 Shook Rd,Columbus,OH,43217,9999999999.0,39.8313655,-82.9444667,,True,active,Returned by Kroger official Locations API on 2026-09-01,Kroger official Locations API,2026-09-01T18:57:47.243730+00:00
01600315,Kroger - Bexley,KROGER,2000 E Main St,Columbus,OH,43205,6142520761.0,39.9582605,-82.945047,,True,active,Returned by Kroger official Locations API on 2026-09-01,Kroger official Locations API,2026-09-01T18:57:47.243730+00:00
01600569,Kroger - Brewers Yard,KROGER,150 W Sycamore St,Columbus,OH,43215,6143407979.0,39.9496665,-83.0019303,,True,active,Returned by Kroger official Locations API on 2026-09-01,Kroger official Locations API,2026-09-01T18:57:47.243730+00:00
01600942,Kroger - Chambers Rd,KROGER,1375 Chambers Rd,Columbus,OH,43212,6144881116.0,39.9926801,-83.0439606,,True,active,Returned by Kroger official Locations API on 2026-09-01,Kroger official Locations API,2026-09-01T18:57:47.243730+00:00
01600971,Kroger - Clintonville,KROGER,3417 N High St,Columbus,OH,43214,6142631766.0,40.0320473,-83.0176247,,True,active,Returned by Kroger official Locations API on 2026-09-01,Kroger official Locations API,2026-09-01T18:57:47.243730+00:00
01600818,Kroger - Crown Plaza,KROGER,2090 Crown Plaza Dr,Columbus,OH,43235,6143265645.0,40.0656864,-83.0734317,,True,active,Returned by Kroger official Locations API on 2026-09-01,Kroger official Locations API,2026-09-01T18:57:47.243730+00:00
01600853,Kroger - E Broad,KROGER,7000 E Broad St,Columbus,OH,43213,6145753742.0,39.984384,-82.816476,,True,active,Returned by Kroger official Locations API on 2026-09-01,Kroger official Locations API,2026-09-01T18:57:47.243730+00:00
01600990,Kroger - Eakin Road,KROGER,2161 Eakin Rd,Columbus,OH,43223,6142747717.0,39.9311449,-83.0540544,,True,active,Returned by Kroger official Locations API on 2026-09-01,Kroger official Locations API,2026-09-01T18:57:47.243730+00:00
01600519,Kroger - Georgesville,KROGER,1585 Georgesville Square Dr,Columbus,OH,43228,6148781332.0,39.920118,-83.121384,,True,active,Returned by Kroger official Locations API on 2026-09-01,Kroger official Locations API,2026-09-01T18:57:47.243730+00:00
01600815,Kroger - Great Southern,KROGER,3637 S High St,Columbus,OH,43207,6144921077.0,39.8879952,-83.0017887,,True,active,Returned by Kroger official Locations API on 2026-09-01,Kroger official Locations API,2026-09-01T18:57:47.243730+00:00
01600593,Kroger - Kroger Northland Village,KROGER,1745 Morse Rd,Columbus,OH,43229,6144059400.0,40.05857,-82.973138,,True,active,Returned by Kroger official Locations API on 2026-09-01,Kroger official Locations API,2026-09-01T18:57:47.243730+00:00
01600893,Kroger - Moler,KROGER,1441 Parsons Ave,Columbus,OH,43207,6144455727.0,39.9343317,-82.985385,,True,active,Returned by Kroger official Locations API on 2026-09-01,Kroger official Locations API,2026-09-01T18:57:47.243730+00:00
01600881,Kroger - New Albany,KROGER,5161 Hampsted Village Center Way,Columbus,OH,43054,6148558665.0,40.088852,-82.825837,,True,active,Returned by Kroger official Locations API on 2026-09-01,Kroger official Locations API,2026-09-01T18:57:47.243730+00:00
01600839,Kroger - Polaris,KROGER,1177 Polaris Pkwy,Columbus,OH,43240,6144302440.0,40.1400189,-82.9902018,,True,active,Returned by Kroger official Locations API on 2026-09-01,Kroger official Locations API,2026-09-01T18:57:47.243730+00:00
01600587,Kroger - Short North Kroger 587,KROGER,1350 N High St,Columbus,OH,43201,6142942545.0,39.9892939,-83.0052871,,True,active,Returned by Kroger official Locations API on 2026-09-01,Kroger official Locations API,2026-09-01T18:57:47.243730+00:00
01600598,Kroger - Soldano Blvd,KROGER,3600 Soldano Blvd,Columbus,OH,43228,6142748135.0,39.9567701,-83.0968994,,True,active,Returned by Kroger official Locations API on 2026-09-01,Kroger official Locations API,2026-09-01T18:57:47.243730+00:00
01600819,Kroger Marketplace - Graceland,KROGER,199 Graceland Blvd,Columbus,OH,43214,6144101095.0,40.06528,-83.02481,,True,active,Returned by Kroger official Locations API on 2026-09-01,Kroger official Locations API,2026-09-01T18:57:47.243730+00:00
540FC216,Kroger - - Dayton Spoke,KROGER,5900 Webster St,Dayton,OH,45414,,39.8301758,-84.1796252,,True,active,Returned by Kroger official Locations API on 2026-09-01,Kroger official Locations API,2026-09-01T18:57:47.243730+00:00
01400951,Kroger - Alex Bell,KROGER,2921 W Alex Bell Rd,Dayton,OH,45459,9372947141.0,39.674512,-84.219693,,True,active,Returned by Kroger official Locations API on 2026-09-01,Kroger official Locations API,2026-09-01T18:57:47.243730+00:00
01400754,Kroger - Brandt Pike,KROGER,4506 Brandt Pike,Dayton,OH,45424,9372338843.0,39.8173105,-84.1254526,,True,active,Returned by Kroger official Locations API on 2026-09-01,Kroger official Locations API,2026-09-01T18:57:47.243730+00:00
01400960,Kroger - Feedwire,KROGER,5400 Cornerstone North Blvd,Dayton,OH,45440,9375287040.0,39.662448,-84.103529,,True,active,Returned by Kroger official Locations API on 2026-09-01,Kroger official Locations API,2026-09-01T18:57:47.243730+00:00
01400765,Kroger - Kroger Riverside,KROGER,601 Woodman Dr,Dayton,OH,45431,9375355800.0,39.758016,-84.122147,,True,active,Returned by Kroger official Locations API on 2026-09-01,Kroger official Locations API,2026-09-01T18:57:47.243730+00:00
01400836,Kroger - Siebenthaler Ave,KROGER,3520 W Siebenthaler Ave,Dayton,OH,45406,9375679578.0,39.7968669,-84.2458902,,True,active,Returned by Kroger official Locations API on 2026-09-01,Kroger official Locations API,2026-09-01T18:57:47.243730+00:00
01400705,Kroger - Wayne Ave,KROGER,1555 Wayne Ave,Dayton,OH,45410,9372542501.0,39.7460382,-84.1718428,,True,active,Returned by Kroger official Locations API on 2026-09-01,Kroger official Locations API,2026-09-01T18:57:47.243730+00:00
02100936,Kroger - Defiance,KROGER,1890 E 2Nd St,Defiance,OH,43512,4197845742.0,41.2837944,-84.3282258,,True,active,Returned by Kroger official Locations API on 2026-09-01,Kroger official Locations API,2026-09-01T18:57:47.243730+00:00
01600857,Kroger - Columbus Pike,KROGER,1840 Columbus Pike,Delaware,OH,43015,7403634398.0,40.2645817,-83.0708511,,True,active,Returned by Kroger official Locations API on 2026-09-01,Kroger official Locations API,2026-09-01T18:57:47.243730+00:00
01600804,Kroger - Houk Road,KROGER,801 N Houk Rd,Delaware,OH,43015,7403627476.0,40.312909,-83.110079,,True,active,Returned by Kroger official Locations API on 2026-09-01,Kroger official Locations API,2026-09-01T18:57:47.243730+00:00
01600817,Kroger - Dublin,KROGER,7100 Hospital Dr,Dublin,OH,43016,6147604241.0,40.103387,-83.16438,,True,active,Returned by Kroger official Locations API on 2026-09-01,Kroger official Locations API,2026-09-01T18:57:47.243730+00:00
01600350,Kroger Fresh Fare - Dublin Plaza,KROGER,299 W Bridge St,Dublin,OH,43017,6148896687.0,40.0978166,-83.1222563,,True,active,Returned by Kroger official Locations API on 2026-09-01,Kroger official Locations API,2026-09-01T18:57:47.243730+00:00
01600581,Kroger Marketplace - Sawmill Rd,KROGER,7625 Sawmill Rd,Dublin,OH,43016,6149232333.0,40.1217877,-83.0926243,,True,active,Returned by Kroger official Locations API on 2026-09-01,Kroger official Locations API,2026-09-01T18:57:47.243730+00:00
01400808,Kroger - Eaton,KROGER,1707 N Barron St,Eaton,OH,45320,9373004160.0,39.7668319,-84.636887,,True,active,Returned by Kroger official Locations API on 2026-09-01,Kroger official Locations API,2026-09-01T18:57:47.243730+00:00
01400938,Kroger Marketplace - Englewood,KROGER,885 Union Blvd,Englewood,OH,45322,9378324060.0,39.8630238,-84.3139009,,True,active,Returned by Kroger official Locations API on 2026-09-01,Kroger official Locations API,2026-09-01T18:57:47.243730+00:00
01400838,Kroger Marketplace - Fairborn,KROGER,1161 E Dayton Yellow Springs Rd,Fairborn,OH,45324,9373183900.0,39.786131,-83.995012,,True,active,Returned by Kroger official Locations API on 2026-09-01,Kroger official Locations API,2026-09-01T18:57:47.243730+00:00
01400939,Kroger - Fairfield,KROGER,560 Wessel Dr,Fairfield,OH,45014,5138588200.0,39.336188,-84.562509,,True,active,Returned by Kroger official Locations API on 2026-09-01,Kroger official Locations API,2026-09-01T18:57:47.243730+00:00
01600510,Kroger - 6Th Street,KROGER,101 6Th St,Findlay,OH,45840,4194232065.0,41.0220431,-83.6489533,,True,active,Returned by Kroger official Locations API on 2026-09-01,Kroger official Locations API,2026-09-01T18:57:47.243730+00:00
01600327,Kroger - Findlay,KROGER,1996 Tiffin Ave,Findlay,OH,45840,4194221163.0,41.0555673,-83.6067631,,True,active,Returned by Kroger official Locations API on 2026-09-01,Kroger official Locations API,2026-09-01T18:57:47.243730+00:00
01600856,Kroger - Fostoria,KROGER,126 W High St,Fostoria,OH,44830,4194354006.0,41.163322,-83.415531,,True,active,Returned by Kroger official Locations API on 2026-09-01,Kroger official Locations API,2026-09-01T18:57:47.243730+00:00
01600036,Kroger - Kroger Fremont,KROGER,524 E State St,Fremont,OH,43420,4193552587.0,41.345424,-83.104623,,True,active,Returned by Kroger official Locations API on 2026-09-01,Kroger official Locations API,2026-09-01T18:57:47.243730+00:00
01600536,Kroger - Kroger Fremont,KROGER,1700 Cedar St,Fremont,OH,43420,4193327985.0,41.36442,-83.13311,,True,active,Returned by Kroger official Locations API on 2026-09-01,Kroger official Locations API,2026-09-01T18:57:47.243730+00:00
01600871,Kroger - Stoneridge,KROGER,1365 Stoneridge Dr,Gahanna,OH,43230,6144181524.0,40.0542669,-82.8674889,,True,active,Returned by Kroger official Locations API on 2026-09-01,Kroger official Locations API,2026-09-01T18:57:47.243730+00:00
01600522,Kroger Marketplace - Hunters Ridge,KROGER,300 S Hamilton Rd,Gahanna,OH,43230,6144166430.0,40.0118724,-82.8647038,,True,active,Returned by Kroger official Locations API on 2026-09-01,Kroger official Locations API,2026-09-01T18:57:47.243730+00:00
01600623,Kroger - W Broad,KROGER,5800 W Broad St,Galloway,OH,43119,6148704350.0,39.9519139,-83.1563351,,True,active,Returned by Kroger official Locations API on 2026-09-01,Kroger official Locations API,2026-09-01T18:57:47.243730+00:00
01400344,Kroger - Goshen,KROGER,6725 Dick Flynn Blvd,Goshen,OH,45122,5137227440.0,39.2315792,-84.1646591,,True,active,Returned by Kroger official Locations API on 2026-09-01,Kroger official Locations API,2026-09-01T18:57:47.243730+00:00
01400833,Kroger - Greenville,KROGER,200 Lease Ave,Greenville,OH,45331,9375481960.0,40.1268932,-84.62265,,True,active,Returned by Kroger official Locations API on 2026-09-01,Kroger official Locations API,2026-09-01T18:57:47.243730+00:00
01600842,Kroger - Hoover Road,KROGER,5965 Hoover Rd,Grove City,OH,43123,6142773400.0,39.841483,-83.0748545,,True,active,Returned by Kroger official Locations API on 2026-09-01,Kroger official Locations API,2026-09-01T18:57:47.243730+00:00
01600341,Kroger - Stringtown,KROGER,2474 Stringtown Rd,Grove City,OH,43123,6148751676.0,39.8828425,-83.06863,,True,active,Returned by Kroger official Locations API on 2026-09-01,Kroger official Locations API,2026-09-01T18:57:47.243730+00:00
01600861,Kroger - Groveport,KROGER,6011 Groveport Rd,Groveport,OH,43125,6148302010.0,39.853071,-82.899249,,True,active,Returned by Kroger official Locations API on 2026-09-01,Kroger official Locations API,2026-09-01T18:57:47.243730+00:00
01400934,Kroger - Hamilton,KROGER,1450 S Erie HWY,Hamilton,OH,45011,5138685420.0,39.3810118,-84.5474504,,True,active,Returned by Kroger official Locations API on 2026-09-01,Kroger official Locations API,2026-09-01T18:57:47.243730+00:00
01400909,Kroger - Hamilton Meadows SC,KROGER,1474 Main St,Hamilton,OH,45013,5138681110.0,39.4260503,-84.5940142,,True,active,Returned by Kroger official Locations API on 2026-09-01,Kroger official Locations API,2026-09-01T18:57:47.243730+00:00
01400907,Kroger Marketplace - Harrison OH Marketplace,KROGER,10477 Harrison Ave,Harrison,OH,45030,5133672100.0,39.249293,-84.791679,,True,active,Returned by Kroger official Locations API on 2026-09-01,Kroger official Locations API,2026-09-01T18:57:47.243730+00:00
01600926,Kroger - Heath,KROGER,910 Hebron Rd,Heath,OH,43056,7405228338.0,40.0257641,-82.4452617,,True,active,Returned by Kroger official Locations API on 2026-09-01,Kroger official Locations API,2026-09-01T18:57:47.243730+00:00
01600621,Kroger - Hebron,KROGER,600 E Main St,Hebron,OH,43025,7409280795.0,39.9598096,-82.4759865,,True,active,Returned by Kroger official Locations API on 2026-09-01,Kroger official Locations API,2026-09-01T18:57:47.243730+00:00
01600966,Kroger - Cemetery Road,KROGER,4656 Cemetery Rd,Hilliard,OH,43026,6148761151.0,40.033495,-83.140566,,True,active,Returned by Kroger official Locations API on 2026-09-01,Kroger official Locations API,2026-09-01T18:57:47.243730+00:00
01600867,Kroger - Hilliard-Rome,KROGER,2525 Hilliard Rome Rd,Hilliard,OH,43026,6147714174.0,40.0025295,-83.1562341,,True,active,Returned by Kroger official Locations API on 2026-09-01,Kroger official Locations API,2026-09-01T18:57:47.243730+00:00
01400380,Kroger - Hillsboro,KROGER,575 Harry Sauner Rd,Hillsboro,OH,45133,9378409358.0,39.2247213,-83.6192748,,True,active,Returned by Kroger official Locations API on 2026-09-01,Kroger official Locations API,2026-09-01T18:57:47.243730+00:00
01600907,Kroger Marketplace - Orchard Centre,KROGER,7059 Orchard Centre Dr,Holland,OH,43528,5672974109.0,41.6084028,-83.7099157,,True,active,Returned by Kroger official Locations API on 2026-09-01,Kroger official Locations API,2026-09-01T18:57:47.243730+00:00
01400758,Kroger - Huber Heights,KROGER,7747 Troy Pike,Huber Heights,OH,45424,9372337602.0,39.8668333,-84.1405085,,True,active,Returned by Kroger official Locations API on 2026-09-01,Kroger official Locations API,2026-09-01T18:57:47.243730+00:00
01600590,Kroger - Jackson,KROGER,530 E Main St,Jackson,OH,45640,7402865017.0,39.0481938,-82.6300991,,True,active,Returned by Kroger official Locations API on 2026-09-01,Kroger official Locations API,2026-09-01T18:57:47.243730+00:00
01600546,Kroger - Johnstown,KROGER,800 W Coshocton St,Johnstown,OH,43031,7409668300.0,40.147049,-82.7076001,,True,active,Returned by Kroger official Locations API on 2026-09-01,Kroger official Locations API,2026-09-01T18:57:47.243730+00:00
01400826,Kroger - Eichelberger Shopping Center,KROGER,530 E Stroop Rd,Kettering,OH,45429,9372997500.0,39.6881303,-84.1620238,,True,active,Returned by Kroger official Locations API on 2026-09-01,Kroger official Locations API,2026-09-01T18:57:47.243730+00:00
01400825,Kroger - Kettering,KROGER,2115 E Dorothy Ln,Kettering,OH,45420,9372997475.0,39.7045622,-84.1247755,,True,active,Returned by Kroger official Locations API on 2026-09-01,Kroger official Locations API,2026-09-01T18:57:47.243730+00:00
01600931,Kroger - Main Street,KROGER,1141 E Main St,Lancaster,OH,43130,7406533244.0,39.716175,-82.579459,,True,active,Returned by Kroger official Locations API on 2026-09-01,Kroger official Locations API,2026-09-01T18:57:47.243730+00:00
01600264,Kroger - Memorial Dr,KROGER,1621 N Memorial Dr,Lancaster,OH,43130,7406542511.0,39.729541,-82.615136,,True,active,Returned by Kroger official Locations API on 2026-09-01,Kroger official Locations API,2026-09-01T18:57:47.243730+00:00
01600801,Kroger Pharmacy - Fairfield Medical Ctr N Ewing Street,KROGER,401 N Ewing St,Lancaster,OH,43130,7406541019.0,39.717616,-82.577522,,True,active,Returned by Kroger official Locations API on 2026-09-01,Kroger official Locations API,2026-09-01T18:57:47.243730+00:00
01400447,Kroger Marketplace - Lebanon OH Marketplace,KROGER,1425 Columbus Ave,Lebanon,OH,45036,5132287340.0,39.4542432,-84.1820957,,True,active,Returned by Kroger official Locations API on 2026-09-01,Kroger official Locations API,2026-09-01T18:57:47.243730+00:00
01600805,Kroger Marketplace - Lewis Center,KROGER,6417 Columbus Pike,Lewis Center,OH,43035,7408881270.0,40.2034124,-83.0264977,,True,active,Returned by Kroger official Locations API on 2026-09-01,Kroger official Locations API,2026-09-01T18:57:47.243730+00:00
01400383,Kroger - Liberty Township OH,KROGER,7300 Yankee Rd,Liberty Township,OH,45044,5133423255.0,39.377251,-84.3761418,,True,active,Returned by Kroger official Locations API on 2026-09-01,Kroger official Locations API,2026-09-01T18:57:47.243730+00:00
01400439,Kroger Marketplace - Kyles Station,KROGER,5250 Newtown Dr,Liberty Twp,OH,45011,5138675900.0,39.42243,-84.457242,,True,active,Returned by Kroger official Locations API on 2026-09-01,Kroger official Locations API,2026-09-01T18:57:47.243730+00:00
01600542,Kroger - Logan,KROGER,31550 Chieftain Dr,Logan,OH,43138,7403803236.0,39.5462844,-82.4340922,,True,active,Returned by Kroger official Locations API on 2026-09-01,Kroger official Locations API,2026-09-01T18:57:47.243730+00:00
01600388,Kroger - London,KROGER,230 Lafayette St,London,OH,43140,7408525542.0,39.8968442,-83.435432,,True,active,Returned by Kroger official Locations API on 2026-09-01,Kroger official Locations API,2026-09-01T18:57:47.243730+00:00
01400413,Kroger - Loveland,KROGER,800 Loveland Madeira Rd,Loveland,OH,45140,5136773820.0,39.2612003,-84.2733961,,True,active,Returned by Kroger official Locations API on 2026-09-01,Kroger official Locations API,2026-09-01T18:57:47.243730+00:00
01400435,Kroger - Miami Township,KROGER,6388 Branch Hill Guinea Pike,Loveland,OH,45140,5136974800.0,39.229795,-84.253905,,True,active,Returned by Kroger official Locations API on 2026-09-01,Kroger official Locations API,2026-09-01T18:57:47.243730+00:00
01400376,Kroger - Landen,KROGER,2900 W US Highway 22 and 3 STE 1,Maineville,OH,45039,5136834001.0,39.3110881,-84.2751167,,True,active,Returned by Kroger official Locations API on 2026-09-01,Kroger official Locations API,2026-09-01T18:57:47.243730+00:00
01400492,Kroger Marketplace - Maineville Hamilton Township,KROGER,148 E Towne Center Blvd,Maineville,OH,45039,5134941774.0,39.345093,-84.215992,,True,active,Returned by Kroger official Locations API on 2026-09-01,Kroger official Locations API,2026-09-01T18:57:47.243730+00:00
01600557,Kroger - Ashland Road,KROGER,1060 Ashland Rd,Mansfield,OH,44905,4195893147.0,40.7740746,-82.475837,,True,active,Returned by Kroger official Locations API on 2026-09-01,Kroger official Locations API,2026-09-01T18:57:47.243730+00:00
01600518,Kroger - Park Avenue,KROGER,1240 Park Ave W,Mansfield,OH,44906,4195281860.0,40.7609123,-82.5608998,,True,active,Returned by Kroger official Locations API on 2026-09-01,Kroger official Locations API,2026-09-01T18:57:47.243730+00:00
01600836,Kroger Marketplace - Lexington Avenue,KROGER,1500 Lexington Ave,Mansfield,OH,44907,4197566049.0,40.7188147,-82.5492472,,True,active,Returned by Kroger official Locations API on 2026-09-01,Kroger official Locations API,2026-09-01T18:57:47.243730+00:00
02900776,Kroger - Marietta,KROGER,40 Acme St,Marietta,OH,45750,7403745855.0,39.4123277,-81.428585,,True,active,Returned by Kroger official Locations API on 2026-09-01,Kroger official Locations API,2026-09-01T18:57:47.243730+00:00
02900800,Kroger Pharmacy - Kroger Pharmacy at Marietta Memorial Hospital,KROGER,401 Matthew St,Marietta,OH,45750,7404340140.0,39.431634,-81.464633,,True,active,Returned by Kroger official Locations API on 2026-09-01,Kroger official Locations API,2026-09-01T18:57:47.243730+00:00
01600880,Kroger - Marion Mt Gilead,KROGER,1608 Marion Mount Gilead Rd,Marion,OH,43302,7403892212.0,40.5832812,-83.08624,,True,active,Returned by Kroger official Locations API on 2026-09-01,Kroger official Locations API,2026-09-01T18:57:47.243730+00:00
01600808,Kroger - Marion-Waldo,KROGER,1428 Marion Waldo Rd,Marion,OH,43302,7403862919.0,40.5631302,-83.1173348,,True,active,Returned by Kroger official Locations API on 2026-09-01,Kroger official Locations API,2026-09-01T18:57:47.243730+00:00
01600371,Kroger - Martins Ferry,KROGER,400 Aetna St,Martins Ferry,OH,43935,7406335017.0,40.0868407,-80.733012,,True,active,Returned by Kroger official Locations API on 2026-09-01,Kroger official Locations API,2026-09-01T18:57:47.243730+00:00
01600549,Kroger Marketplace - Marysville Marketplace,KROGER,1501 W 5th St,Marysville,OH,43040,9372092448.0,40.241643,-83.395209,,True,active,Returned by Kroger official Locations API on 2026-09-01,Kroger official Locations API,2026-09-01T18:57:47.243730+00:00
01400426,Kroger - Kings Mills Mason,KROGER,5210 State Route 741,Mason,OH,45040,5133988680.0,39.3607444,-84.2789322,,True,active,Returned by Kroger official Locations API on 2026-09-01,Kroger official Locations API,2026-09-01T18:57:47.243730+00:00
01400448,Kroger - Mason Montgomery Mason OH,KROGER,5100 Terra Firma Dr,Mason,OH,45040,5132295900.0,39.318099,-84.315689,,True,active,Returned by Kroger official Locations API on 2026-09-01,Kroger official Locations API,2026-09-01T18:57:47.243730+00:00
01600525,Kroger - Kroger Maumee,KROGER,1435 Reynolds Rd,Maumee,OH,43537,5673022688.0,41.584247,-83.666962,,True,active,Returned by Kroger official Locations API on 2026-09-01,Kroger official Locations API,2026-09-01T18:57:47.243730+00:00
01600251,Kroger - Mcconnelsville,KROGER,240 W Main St,McConnelsville,OH,43756,7409622113.0,39.6486784,-81.8562293,,True,active,Returned by Kroger official Locations API on 2026-09-01,Kroger official Locations API,2026-09-01T18:57:47.243730+00:00
01400722,Kroger - Austin Pike Landing,KROGER,10101 Landing Way,Miamisburg,OH,45342,9373844200.0,39.6023578,-84.2302926,,True,active,Returned by Kroger official Locations API on 2026-09-01,Kroger official Locations API,2026-09-01T18:57:47.243730+00:00
01400770,Kroger - Kroger Miamisburg,KROGER,255 N Heincke Rd,Miamisburg,OH,45342,9378472801.0,39.641824,-84.266305,,True,active,Returned by Kroger official Locations API on 2026-09-01,Kroger official Locations API,2026-09-01T18:57:47.243730+00:00
01400335,Kroger - Oxford State Road,KROGER,428 Oxford State Rd,Middletown,OH,45044,5134235161.0,39.479172,-84.421109,,True,active,Returned by Kroger official Locations API on 2026-09-01,Kroger official Locations API,2026-09-01T18:57:47.243730+00:00
01400441,Kroger Marketplace - Towne Blvd,KROGER,3420 Towne Blvd,Middletown,OH,45005,5132172140.0,39.4949693,-84.3279195,,True,active,Returned by Kroger official Locations API on 2026-09-01,Kroger official Locations API,2026-09-01T18:57:47.243730+00:00
01400411,Kroger - Milford,KROGER,824 Main St,Milford,OH,45150,5139653640.0,39.1761178,-84.2805863,,True,active,Returned by Kroger official Locations API on 2026-09-01,Kroger official Locations API,2026-09-01T18:57:47.243730+00:00
01400921,Kroger - Milford-Mulberry,KROGER,1093 State Route 28,Milford,OH,45150,5135833800.0,39.193092,-84.23506,,True,active,Returned by Kroger official Locations API on 2026-09-01,Kroger official Locations API,2026-09-01T18:57:47.243730+00:00
540FC001,Kroger - - Monroe Shed,KROGER,6266 Hamilton Lebanon,Monroe,OH,45044,9999999999.0,39.4478172,-84.4064284,,True,active,Returned by Kroger official Locations API on 2026-09-01,Kroger official Locations API,2026-09-01T18:57:47.243730+00:00
01400336,Kroger - Monroe,KROGER,3033 Heritage Green Dr,Monroe,OH,45050,5137277422.0,39.442454,-84.378098,,True,active,Returned by Kroger official Locations API on 2026-09-01,Kroger official Locations API,2026-09-01T18:57:47.243730+00:00
01400351,Kroger - Montgomery,KROGER,9939 Montgomery Rd,Montgomery,OH,45242,5137936451.0,39.2381848,-84.3506946,,True,active,Returned by Kroger official Locations API on 2026-09-01,Kroger official Locations API,2026-09-01T18:57:47.243730+00:00
01600800,Kroger - Mt Gilead,KROGER,555 W Marion Rd,Mount Gilead,OH,43338,4199479191.0,40.5472654,-82.8465263,,True,active,Returned by Kroger official Locations API on 2026-09-01,Kroger official Locations API,2026-09-01T18:57:47.243730+00:00
01400920,Kroger Marketplace - Mt Orab Marketplace,KROGER,210 Sterling Run Blvd,Mount Orab,OH,45154,9374446910.0,39.0395591,-83.9241104,,True,active,Returned by Kroger official Locations API on 2026-09-01,Kroger official Locations API,2026-09-01T18:57:47.243730+00:00
01600820,Kroger - Mt Vernon,KROGER,855 Coshocton Ave,Mount Vernon,OH,43050,7403931425.0,40.4010188,-82.4588259,,True,active,Returned by Kroger official Locations API on 2026-09-01,Kroger official Locations API,2026-09-01T18:57:47.243730+00:00
01600529,Kroger - Nelsonville,KROGER,965 Poplar St,Nelsonville,OH,45764,7407532984.0,39.4517722,-82.2207556,,True,active,Returned by Kroger official Locations API on 2026-09-01,Kroger official Locations API,2026-09-01T18:57:47.243730+00:00
01600313,Kroger - New Lex,KROGER,610 Carroll St,New Lexington,OH,43764,7403423578.0,39.7215345,-82.2031385,,True,active,Returned by Kroger official Locations API on 2026-09-01,Kroger official Locations API,2026-09-01T18:57:47.243730+00:00
01600128,Kroger Marketplace - Kroger Newark Marketplace,KROGER,1155 N 21st St,Newark,OH,43055,7402586677.0,40.08045,-82.429488,,True,active,Returned by Kroger official Locations API on 2026-09-01,Kroger official Locations API,2026-09-01T18:57:47.243730+00:00
01600938,Kroger - Navarre Ave,KROGER,3301 Navarre Ave,Oregon,OH,43616,4196914607.0,41.6383707,-83.469893,,True,active,Returned by Kroger official Locations API on 2026-09-01,Kroger official Locations API,2026-09-01T18:57:47.243730+00:00
01400412,Kroger - Oxford,KROGER,300 S Locust St,Oxford,OH,45056,5135232201.0,39.5069434,-84.7513025,,True,active,Returned by Kroger official Locations API on 2026-09-01,Kroger official Locations API,2026-09-01T18:57:47.243730+00:00
01600591,Kroger - Pataskala,KROGER,350 E Broad St,Pataskala,OH,43062,7409645100.0,40.006405,-82.664155,,True,active,Returned by Kroger official Locations API on 2026-09-01,Kroger official Locations API,2026-09-01T18:57:47.243730+00:00
01600548,Kroger Marketplace - Perrysburg Marketplace,KROGER,27322 Carronade Dr,Perrysburg,OH,43551,5673364658.0,41.5448493,-83.5981216,,True,active,Returned by Kroger official Locations API on 2026-09-01,Kroger official Locations API,2026-09-01T18:57:47.243730+00:00
01600538,Kroger - Pickerington,KROGER,1045 Hill Rd N,Pickerington,OH,43147,6147592761.0,39.9067394,-82.7794258,,True,active,Returned by Kroger official Locations API on 2026-09-01,Kroger official Locations API,2026-09-01T18:57:47.243730+00:00
01600532,Kroger - Refugee Road,KROGER,7833 Refugee Rd,Pickerington,OH,43147,6144170050.0,39.9058474,-82.7348924,,True,active,Returned by Kroger official Locations API on 2026-09-01,Kroger official Locations API,2026-09-01T18:57:47.243730+00:00
01400932,Kroger - Piqua,KROGER,1510 Covington Ave,Piqua,OH,45356,9376157000.0,40.1433803,-84.2649697,,True,active,Returned by Kroger official Locations API on 2026-09-01,Kroger official Locations API,2026-09-01T18:57:47.243730+00:00
01600385,Kroger - Plain City,KROGER,12116 Sycamore Trce,Plain City,OH,43064,6145044123.0,40.187798,-83.201358,,True,active,Returned by Kroger official Locations API on 2026-09-01,Kroger official Locations API,2026-09-01T18:57:47.243730+00:00
01600641,Kroger - Port Clinton,KROGER,2028 East Harbor Rd,Port Clinton,OH,43452,4197345597.0,41.5139574,-82.9023791,,True,active,Returned by Kroger official Locations API on 2026-09-01,Kroger official Locations API,2026-09-01T18:57:47.243730+00:00
01600575,Kroger - Portsmouth,KROGER,811 Gay St,Portsmouth,OH,45662,7403548621.0,38.736087,-82.9955819,,True,active,Returned by Kroger official Locations API on 2026-09-01,Kroger official Locations API,2026-09-01T18:57:47.243730+00:00
01600898,Kroger - Powell Rd,KROGER,3975 Powell Rd,Powell,OH,43065,6148895029.0,40.1569087,-83.0954752,,True,active,Returned by Kroger official Locations API on 2026-09-01,Kroger official Locations API,2026-09-01T18:57:47.243730+00:00
01600570,Kroger Marketplace - Powell Marketplace,KROGER,7525 GuardWell St,Powell,OH,43065,7409177800.0,40.193691,-83.093421,,True,active,Returned by Kroger official Locations API on 2026-09-01,Kroger official Locations API,2026-09-01T18:57:47.243730+00:00
02900781,Kroger - Proctorville,KROGER,6306 County Road 107,Proctorville,OH,45669,7408867146.0,38.4369666,-82.3867775,,True,active,Returned by Kroger official Locations API on 2026-09-01,Kroger official Locations API,2026-09-01T18:57:47.243730+00:00
01600232,Kroger - Kroger Reynoldsburg,KROGER,6580 E Main St,Reynoldsburg,OH,43068,6148665336.0,39.9557,-82.822659,,True,active,Returned by Kroger official Locations API on 2026-09-01,Kroger official Locations API,2026-09-01T18:57:47.243730+00:00
01600543,Kroger - Main Taylor,KROGER,8460 E Main St,Reynoldsburg,OH,43068,6145520777.0,39.9568784,-82.7732768,,True,active,Returned by Kroger official Locations API on 2026-09-01,Kroger official Locations API,2026-09-01T18:57:47.243730+00:00
01600812,Kroger - St Clairsville,KROGER,50789 Valley Plaza Dr,Saint Clairsville,OH,43950,7406957164.0,40.0756431,-80.8727375,,True,active,Returned by Kroger official Locations API on 2026-09-01,Kroger official Locations API,2026-09-01T18:57:47.243730+00:00
01400910,Kroger - Saint Marys,KROGER,475 Fortman Dr,Saint Marys,OH,45885,4193948920.0,40.5543188,-84.3847332,,True,active,Returned by Kroger official Locations API on 2026-09-01,Kroger official Locations API,2026-09-01T18:57:47.243730+00:00
01600858,Kroger Marketplace - Sandusky Marketplace,KROGER,226 E Perkins Ave,Sandusky,OH,44870,4192392623.0,41.4327101,-82.6943467,,True,active,Returned by Kroger official Locations API on 2026-09-01,Kroger official Locations API,2026-09-01T18:57:47.243730+00:00
01400913,Kroger - Sidney Oh,KROGER,2100 Michigan St,Sidney,OH,45365,9374977411.0,40.2898275,-84.186932,,True,active,Returned by Kroger official Locations API on 2026-09-01,Kroger official Locations API,2026-09-01T18:57:47.243730+00:00
01400925,Kroger - Kroger Springboro,KROGER,625 W Central Ave,Springboro,OH,45066,9377435900.0,39.560586,-84.256715,,True,active,Returned by Kroger official Locations API on 2026-09-01,Kroger official Locations API,2026-09-01T18:57:47.243730+00:00
01400741,Kroger - Derr Rd,KROGER,2989 Derr Rd,Springfield,OH,45503,9373902390.0,39.9660601,-83.7868154,,True,active,Returned by Kroger official Locations API on 2026-09-01,Kroger official Locations API,2026-09-01T18:57:47.243730+00:00
01400835,Kroger - E Main Street,KROGER,2728 E Main St,Springfield,OH,45503,9375256750.0,39.9251422,-83.7654031,,True,active,Returned by Kroger official Locations API on 2026-09-01,Kroger official Locations API,2026-09-01T18:57:47.243730+00:00
01400832,Kroger - N Bechtle Ave,KROGER,965 N Bechtle Ave,Springfield,OH,45504,9373230340.0,39.9371438,-83.8358305,,True,active,Returned by Kroger official Locations API on 2026-09-01,Kroger official Locations API,2026-09-01T18:57:47.243730+00:00
01600512,Kroger - Hollywood Plaza,KROGER,264 S Hollywood Blvd,Steubenville,OH,43952,7402645057.0,40.3670513,-80.6398458,,True,active,Returned by Kroger official Locations API on 2026-09-01,Kroger official Locations API,2026-09-01T18:57:47.243730+00:00
01600802,Kroger - Sunbury,KROGER,131 State Route 3,Sunbury,OH,43074,7409650500.0,40.2462815,-82.8686806,,True,active,Returned by Kroger official Locations API on 2026-09-01,Kroger official Locations API,2026-09-01T18:57:47.243730+00:00
01600504,Kroger - Swanton,KROGER,113 E Airport Hwy,Swanton,OH,43558,4198251985.0,41.5823415,-83.8856995,,True,active,Returned by Kroger official Locations API on 2026-09-01,Kroger official Locations API,2026-09-01T18:57:47.243730+00:00
01600895,Kroger - King and Sylvania,KROGER,7545 Sylvania Ave,Sylvania,OH,43560,4198412888.0,41.6867137,-83.7243376,,True,active,Returned by Kroger official Locations API on 2026-09-01,Kroger official Locations API,2026-09-01T18:57:47.243730+00:00
01600940,Kroger - Monroe and Harroun,KROGER,6235 Monroe St,Sylvania,OH,43560,4198855027.0,41.7148002,-83.6925293,,True,active,Returned by Kroger official Locations API on 2026-09-01,Kroger official Locations API,2026-09-01T18:57:47.243730+00:00
01600594,Kroger - Tiffin,KROGER,790 W Market St,Tiffin,OH,44883,4194478199.0,41.1128263,-83.2084353,,True,active,Returned by Kroger official Locations API on 2026-09-01,Kroger official Locations API,2026-09-01T18:57:47.243730+00:00
01600810,Kroger - Alexis Road,KROGER,833 W Alexis Rd,Toledo,OH,43612,4192696905.0,41.7195775,-83.5634297,,True,active,Returned by Kroger official Locations API on 2026-09-01,Kroger official Locations API,2026-09-01T18:57:47.243730+00:00
01600982,Kroger - Glendale Avenue,KROGER,2555 Glendale Ave,Toledo,OH,43614,4193854660.0,41.6114908,-83.6063349,,True,active,Returned by Kroger official Locations API on 2026-09-01,Kroger official Locations API,2026-09-01T18:57:47.243730+00:00
01600870,Kroger - Holland-Sylvania,KROGER,2257 N Holland Sylvania Rd,Toledo,OH,43615,4195786460.0,41.6625506,-83.6842845,,True,active,Returned by Kroger official Locations API on 2026-09-01,Kroger official Locations API,2026-09-01T18:57:47.243730+00:00
01600511,Kroger - Miracle Mile,KROGER,4925 Jackman Rd,Toledo,OH,43613,4194754394.0,41.7046165,-83.5865451,,True,active,Returned by Kroger official Locations API on 2026-09-01,Kroger official Locations API,2026-09-01T18:57:47.243730+00:00
01600957,Kroger - Monroe Secor,KROGER,4533 Monroe St,Toledo,OH,43613,4194719237.0,41.6873051,-83.6214643,,True,active,Returned by Kroger official Locations API on 2026-09-01,Kroger official Locations API,2026-09-01T18:57:47.243730+00:00
01600617,Kroger - Suder Avenue,KROGER,4633 Suder Ave,Toledo,OH,43611,4197272640.0,41.7056319,-83.5006105,,True,active,Returned by Kroger official Locations API on 2026-09-01,Kroger official Locations API,2026-09-01T18:57:47.243730+00:00
01600831,Kroger - Trimble,KROGER,19471 Lake Dr,Trimble,OH,45782,7407673062.0,39.4835771,-82.0798874,,True,active,Returned by Kroger official Locations API on 2026-09-01,Kroger official Locations API,2026-09-01T18:57:47.243730+00:00
01400984,Kroger Marketplace - Troy Marketplace,KROGER,731 W Market St,Troy,OH,45373,9375734400.0,40.030933,-84.22115,,True,active,Returned by Kroger official Locations API on 2026-09-01,Kroger official Locations API,2026-09-01T18:57:47.243730+00:00
01600328,Kroger - Henderson Rd,KROGER,1955 Henderson Rd,Upper Arlington,OH,43220,6144571825.0,40.0543055,-83.0725659,,True,active,Returned by Kroger official Locations API on 2026-09-01,Kroger official Locations API,2026-09-01T18:57:47.243730+00:00
01600824,Kroger - Urbana,KROGER,1637 E Us Highway 36,Urbana,OH,43078,9376522227.0,40.1034728,-83.7200728,,True,active,Returned by Kroger official Locations API on 2026-09-01,Kroger official Locations API,2026-09-01T18:57:47.243730+00:00
01400747,Kroger - Vandalia,KROGER,780 Northwoods Blvd,Vandalia,OH,45377,9372642400.0,39.8993538,-84.1841067,,True,active,Returned by Kroger official Locations API on 2026-09-01,Kroger official Locations API,2026-09-01T18:57:47.243730+00:00
01600822,Kroger - Washington Court House,KROGER,548 Clinton Ave,Washington Court House,OH,43160,7403354030.0,39.5340291,-83.4459289,,True,active,Returned by Kroger official Locations API on 2026-09-01,Kroger official Locations API,2026-09-01T18:57:47.243730+00:00
01600531,Kroger - Waterville,KROGER,8730 Waterville Swanton Rd,Waterville,OH,43566,4198781030.0,41.509023,-83.75036,,True,active,Returned by Kroger official Locations API on 2026-09-01,Kroger official Locations API,2026-09-01T18:57:47.243730+00:00
01600363,Kroger - Waverly,KROGER,220 Waverly Plz,Waverly,OH,45690,7409477738.0,39.1330466,-82.9766677,,True,active,Returned by Kroger official Locations API on 2026-09-01,Kroger official Locations API,2026-09-01T18:57:47.243730+00:00
01400959,Kroger - Crossings of Beckett,KROGER,8000 Princeton Glendale Rd,West Chester,OH,45069,5136828000.0,39.359131,-84.458158,,True,active,Returned by Kroger official Locations API on 2026-09-01,Kroger official Locations API,2026-09-01T18:57:47.243730+00:00
01400975,Kroger - Kroger Marketplace,KROGER,7855 Tylersville Rd,West Chester,OH,45069,5137777381.0,39.351208,-84.363381,,True,active,Returned by Kroger official Locations API on 2026-09-01,Kroger official Locations API,2026-09-01T18:57:47.243730+00:00
01600847,Kroger - Maxtown,KROGER,7345 State Route 3,Westerville,OH,43082,6147945555.0,40.1496446,-82.9208478,,True,active,Returned by Kroger official Locations API on 2026-09-01,Kroger official Locations API,2026-09-01T18:57:47.243730+00:00
01600920,Kroger - Schrock Rd,KROGER,55 W Schrock Rd,Westerville,OH,43081,6148908660.0,40.1082451,-82.9275624,,True,active,Returned by Kroger official Locations API on 2026-09-01,Kroger official Locations API,2026-09-01T18:57:47.243730+00:00
01600965,Kroger - Sunbury Rd,KROGER,5991 S Sunbury Rd,Westerville,OH,43081,6148951500.0,40.0845609,-82.8972695,,True,active,Returned by Kroger official Locations API on 2026-09-01,Kroger official Locations API,2026-09-01T18:57:47.243730+00:00
01600664,Kroger - Wheelersburg,KROGER,9101 Ohio River Rd,Wheelersburg,OH,45694,7405742171.0,38.7130139,-82.8580517,,True,active,Returned by Kroger official Locations API on 2026-09-01,Kroger official Locations API,2026-09-01T18:57:47.243730+00:00
01600897,Kroger - E Broad Whitehall,KROGER,3675 E Broad St,Whitehall,OH,43213,6142370076.0,39.9718358,-82.90313,,True,active,Returned by Kroger official Locations API on 2026-09-01,Kroger official Locations API,2026-09-01T18:57:47.243730+00:00
01600806,Kroger - Great Eastern,KROGER,850 S Hamilton Rd,Whitehall,OH,43213,6147592745.0,39.9587281,-82.8756602,,True,active,Returned by Kroger official Locations API on 2026-09-01,Kroger official Locations API,2026-09-01T18:57:47.243730+00:00
01400817,Kroger - Wilmington,KROGER,1230 Rombach Ave,Wilmington,OH,45177,9376555700.0,39.4464335,-83.8072486,,True,active,Returned by Kroger official Locations API on 2026-09-01,Kroger official Locations API,2026-09-01T18:57:47.243730+00:00
01600963,Kroger - Wintersville,KROGER,858 Main St,Wintersville,OH,43953,7402643248.0,40.3744036,-80.7035521,,True,active,Returned by Kroger official Locations API on 2026-09-01,Kroger official Locations API,2026-09-01T18:57:47.243730+00:00
01600879,Kroger - Worthington Woods,KROGER,1425 Worthington Centre Dr,Worthington,OH,43085,6148417410.0,40.1227589,-82.9794468,,True,active,Returned by Kroger official Locations API on 2026-09-01,Kroger official Locations API,2026-09-01T18:57:47.243730+00:00
01600273,Kroger Fresh Fare - Worthington Mall,KROGER,60 Worthington Mall,Worthington,OH,43085,6148853889.0,40.1091901,-83.017746,,True,active,Returned by Kroger official Locations API on 2026-09-01,Kroger official Locations API,2026-09-01T18:57:47.243730+00:00
01400829,Kroger - West Park Square,KROGER,1700 W Park Sq,Xenia,OH,45385,9373767962.0,39.6896087,-83.9582351,,True,active,Returned by Kroger official Locations API on 2026-09-01,Kroger official Locations API,2026-09-01T18:57:47.243730+00:00
01600891,Kroger - Zanesville,KROGER,3387 Maple Ave,Zanesville,OH,43701,7404505414.0,39.9827274,-82.0219037,,True,active,Returned by Kroger official Locations API on 2026-09-01,Kroger official Locations API,2026-09-01T18:57:47.243730+00:00
01100675,Kroger - Aiken,KROGER,1795 Whiskey Rd,Aiken,SC,29803,8036425280.0,33.5236551,-81.7220202,,True,active,Returned by Kroger official Locations API on 2026-09-01,Kroger official Locations API,2026-09-01T18:57:47.243730+00:00
01100499,Kroger - Belfair Towne Village,KROGER,125 Towne Dr,Bluffton,SC,29910,8438156070.0,32.2682593,-80.8583131,,True,active,Returned by Kroger official Locations API on 2026-09-01,Kroger official Locations API,2026-09-01T18:57:47.243730+00:00
01100703,Kroger Marketplace - Buckwalter Place,KROGER,27 Discovery Dr,Bluffton,SC,29910,8439897022.0,32.274199,-80.917438,,True,active,Returned by Kroger official Locations API on 2026-09-01,Kroger official Locations API,2026-09-01T18:57:47.243730+00:00
01100012,Kroger - Forest Acres,KROGER,3403 Forest Dr,Columbia,SC,29204,8037380225.0,34.0199676,-80.9912105,,True,active,Returned by Kroger official Locations API on 2026-09-01,Kroger official Locations API,2026-09-01T18:57:47.243730+00:00
01100448,Kroger - Sparkleberry Square SC,KROGER,10136 Two Notch Rd,Columbia,SC,29229,8037886171.0,34.114865,-80.882523,,True,active,Returned by Kroger official Locations API on 2026-09-01,Kroger official Locations API,2026-09-01T18:57:47.243730+00:00
01100678,Kroger Marketplace - Killians Crossing,KROGER,1028 Roberts Branch Pkwy,Columbia,SC,29203,8032347130.0,34.143218,-80.951511,,True,active,Returned by Kroger official Locations API on 2026-09-01,Kroger official Locations API,2026-09-01T18:57:47.243730+00:00
01100671,Kroger - Shelter Cove,KROGER,42 Shelter Cove Ln,Hilton Head,SC,29928,8438420540.0,32.1858848,-80.720339,,True,active,Returned by Kroger official Locations API on 2026-09-01,Kroger official Locations API,2026-09-01T18:57:47.243730+00:00
01100002,Kroger - Irmo Station - St Andrews Rd,KROGER,7467 Saint Andrews Rd Ste 6,Irmo,SC,29063,8037320423.0,34.085839,-81.186288,,True,active,Returned by Kroger official Locations API on 2026-09-01,Kroger official Locations API,2026-09-01T18:57:47.243730+00:00
01100025,Kroger - Garden City Beach,KROGER,2939 S Highway 17,Murrells Inlet,SC,29576,8432357101.0,33.5837914,-79.0125762,,True,active,Returned by Kroger official Locations API on 2026-09-01,Kroger official Locations API,2026-09-01T18:57:47.243730+00:00
01100026,Kroger - Carolina Forest Plaza,KROGER,3735 Renee Dr,Myrtle Beach,SC,29579,8432737102.0,33.7609408,-78.9663925,,True,active,Returned by Kroger official Locations API on 2026-09-01,Kroger official Locations API,2026-09-01T18:57:47.243730+00:00
01100016,Kroger - Galleria Shopping Center,KROGER,9610 N Kings Hwy,Myrtle Beach,SC,29572,8434499671.0,33.7770368,-78.7931153,,True,active,Returned by Kroger official Locations API on 2026-09-01,Kroger official Locations API,2026-09-01T18:57:47.243730+00:00
01100640,Kroger - River Commons,KROGER,1284 Knox Ave,North Augusta,SC,29841,8034424500.0,33.5063667,-81.9603801,,True,active,Returned by Kroger official Locations API on 2026-09-01,Kroger official Locations API,2026-09-01T18:57:47.243730+00:00
01100020,Kroger - Ocean Plaza,KROGER,781 Main St,North Myrtle Beach,SC,29582,8432499950.0,33.8265946,-78.6799374,,True,active,Returned by Kroger official Locations API on 2026-09-01,Kroger official Locations API,2026-09-01T18:57:47.243730+00:00
02600862,Kroger - Alcoa,KROGER,244 S Hall Rd,Alcoa,TN,37701,8659847130.0,35.7638937,-83.9715229,,True,active,Returned by Kroger official Locations API on 2026-09-01,Kroger official Locations API,2026-09-01T18:57:47.243730+00:00
02600520,Kroger - Hickory Hollow,KROGER,5319 Mount View Rd,Antioch,TN,37013,6157312321.0,36.049658,-86.647044,,True,active,Returned by Kroger official Locations API on 2026-09-01,Kroger official Locations API,2026-09-01T18:57:47.243730+00:00
02500463,Kroger - Arlington,KROGER,11635 Highway 70,Arlington,TN,38002,9012909280.0,35.2928907,-89.6739317,,True,active,Returned by Kroger official Locations API on 2026-09-01,Kroger official Locations API,2026-09-01T18:57:47.243730+00:00
02500483,Kroger Marketplace - Kroger Arlington,KROGER,5270 Airline Rd,Arlington,TN,38002,9017422838.0,35.269872,-89.6660288,,True,active,Returned by Kroger official Locations API on 2026-09-01,Kroger official Locations API,2026-09-01T18:57:47.243730+00:00
02500433,Kroger - Atoka,KROGER,11630 Highway 51 S,Atoka,TN,38004,9018375000.0,35.4407111,-89.7906539,,True,active,Returned by Kroger official Locations API on 2026-09-01,Kroger official Locations API,2026-09-01T18:57:47.243730+00:00
02500405,Kroger - Bartlett Towne Center,KROGER,5995 Stage Rd,Bartlett,TN,38134,9013857090.0,35.2023584,-89.8628405,,True,active,Returned by Kroger official Locations API on 2026-09-01,Kroger official Locations API,2026-09-01T18:57:47.243730+00:00
02500489,Kroger - Kirby Whitten,KROGER,2942 Kirby Whitten Rd,Bartlett,TN,38134,9013869595.0,35.2067231,-89.8380774,,True,active,Returned by Kroger official Locations API on 2026-09-01,Kroger official Locations API,2026-09-01T18:57:47.243730+00:00
02500456,Kroger - Summer Appling,KROGER,7615 Us Highway 70,Bartlett,TN,38133,9017583622.0,35.229631,-89.808114,,True,active,Returned by Kroger official Locations API on 2026-09-01,Kroger official Locations API,2026-09-01T18:57:47.243730+00:00
02600596,Kroger - Kroger Brentwood TN,KROGER,210 Franklin Rd Ste 100,Brentwood,TN,37027,6153773690.0,36.0316958,-86.7874982,,True,active,Returned by Kroger official Locations API on 2026-09-01,Kroger official Locations API,2026-09-01T18:57:47.243730+00:00
02600589,Kroger - Mill Creek,KROGER,6690 Nolensville Rd,Brentwood,TN,37027,6159417640.0,36.000391,-86.691218,,True,active,Returned by Kroger official Locations API on 2026-09-01,Kroger official Locations API,2026-09-01T18:57:47.243730+00:00
02600544,Kroger - Clarksville,KROGER,1489 Madison St,Clarksville,TN,37040,9315530250.0,36.5212082,-87.3299472,,True,active,Returned by Kroger official Locations API on 2026-09-01,Kroger official Locations API,2026-09-01T18:57:47.243730+00:00
02600582,Kroger - Dover Crossing,KROGER,110 Dover Crossing Rd,Clarksville,TN,37042,9319208807.0,36.5531243,-87.3982295,,True,active,Returned by Kroger official Locations API on 2026-09-01,Kroger official Locations API,2026-09-01T18:57:47.243730+00:00
02600580,Kroger - Kroger,KROGER,2015 Needmore Rd,Clarksville,TN,37042,9319190100.0,36.6279118,-87.35533,,True,active,Returned by Kroger official Locations API on 2026-09-01,Kroger official Locations API,2026-09-01T18:57:47.243730+00:00
02600540,Kroger - Lowes Drive,KROGER,2100 Lowes Dr,Clarksville,TN,37040,9319063510.0,36.5755649,-87.3067488,,True,active,Returned by Kroger official Locations API on 2026-09-01,Kroger official Locations API,2026-09-01T18:57:47.243730+00:00
02500387,Kroger - Collierville - New Byhalia,KROGER,240 New Byhalia Rd,Collierville,TN,38017,9018531330.0,35.0475701,-89.6870714,,True,active,Returned by Kroger official Locations API on 2026-09-01,Kroger official Locations API,2026-09-01T18:57:47.243730+00:00
02500481,Kroger - Houston Levee - Collierville,KROGER,3685 S Houston Levee Rd,Collierville,TN,38017,9018542705.0,35.0479573,-89.7358832,,True,active,Returned by Kroger official Locations API on 2026-09-01,Kroger official Locations API,2026-09-01T18:57:47.243730+00:00
02600507,Kroger - James Campbell Blvd,KROGER,1202 S James M Campbell Blvd Ste 1,Columbia,TN,38401,9313889002.0,35.6013785,-87.0620471,,True,active,Returned by Kroger official Locations API on 2026-09-01,Kroger official Locations API,2026-09-01T18:57:47.243730+00:00
02600538,Kroger - Nashville Highway,KROGER,845 Nashville Hwy,Columbia,TN,38401,9313810263.0,35.6305349,-87.0274778,,True,active,Returned by Kroger official Locations API on 2026-09-01,Kroger official Locations API,2026-09-01T18:57:47.243730+00:00
02600893,Kroger - Cookeville,KROGER,445 S Jefferson Ave,Cookeville,TN,38501,9315264575.0,36.1539568,-85.5019574,,True,active,Returned by Kroger official Locations API on 2026-09-01,Kroger official Locations API,2026-09-01T18:57:47.243730+00:00
02500426,Kroger - Dexter - Cordova,KROGER,1675 N Germantown Pkwy,Cordova,TN,38016,9016241338.0,35.170857,-89.7953846,,True,active,Returned by Kroger official Locations API on 2026-09-01,Kroger official Locations API,2026-09-01T18:57:47.243730+00:00
02500457,Kroger - Houston Levee Macon,KROGER,1230 N Houston Levee Rd,Cordova,TN,38018,9017511840.0,35.158957,-89.7256573,,True,active,Returned by Kroger official Locations API on 2026-09-01,Kroger official Locations API,2026-09-01T18:57:47.243730+00:00
02500410,Kroger - Trinity,KROGER,676 N Germantown Pkwy,Cordova,TN,38018,9017568908.0,35.1434069,-89.7928789,,True,active,Returned by Kroger official Locations API on 2026-09-01,Kroger official Locations API,2026-09-01T18:57:47.243730+00:00
02600599,Kroger - Highland Square,KROGER,265 Highland Sq,Crossville,TN,38555,9314567646.0,35.9582978,-85.0458226,,True,active,Returned by Kroger official Locations API on 2026-09-01,Kroger official Locations API,2026-09-01T18:57:47.243730+00:00
02600597,Kroger Pharmacy - Crossville Rx,KROGER,126 Stonehenge Dr,Crossville,TN,38558,9314840333.0,36.008639,-84.885558,,True,active,Returned by Kroger official Locations API on 2026-09-01,Kroger official Locations API,2026-09-01T18:57:47.243730+00:00
02600503,Kroger - Decherd SC,KROGER,1840 Decherd Blvd,Decherd,TN,37324,9319671203.0,35.2047324,-86.0916013,,True,active,Returned by Kroger official Locations API on 2026-09-01,Kroger official Locations API,2026-09-01T18:57:47.243730+00:00
02600523,Kroger - Dickson,KROGER,143 Henslee Dr,Dickson,TN,37055,6154465186.0,36.0772908,-87.3715617,,True,active,Returned by Kroger official Locations API on 2026-09-01,Kroger official Locations API,2026-09-01T18:57:47.243730+00:00
02500392,Kroger - Dyersburg,KROGER,2525 Lake Rd,Dyersburg,TN,38024,7312850380.0,36.0632241,-89.3972485,,True,active,Returned by Kroger official Locations API on 2026-09-01,Kroger official Locations API,2026-09-01T18:57:47.243730+00:00
02600686,Kroger Marketplace - Campbell Station Exchange,KROGER,189 Brooklawn St,Farragut,TN,37934,8656717910.0,35.8801613,-84.1571118,,True,active,Returned by Kroger official Locations API on 2026-09-01,Kroger official Locations API,2026-09-01T18:57:47.243730+00:00
02600592,Kroger - Alexander Plaza,KROGER,1203 Murfreesboro Rd,Franklin,TN,37064,6157901124.0,35.917724,-86.831732,,True,active,Returned by Kroger official Locations API on 2026-09-01,Kroger official Locations API,2026-09-01T18:57:47.243730+00:00
02600526,Kroger - Cool Springs,KROGER,2020 Mallory Ln,Franklin,TN,37067,6157717922.0,35.9508457,-86.8166931,,True,active,Returned by Kroger official Locations API on 2026-09-01,Kroger official Locations API,2026-09-01T18:57:47.243730+00:00
02600576,Kroger - Independence Square,KROGER,595 Hillsboro Rd Ste 305,Franklin,TN,37064,6157901618.0,35.9329581,-86.8802121,,True,active,Returned by Kroger official Locations API on 2026-09-01,Kroger official Locations API,2026-09-01T18:57:47.243730+00:00
02600570,Kroger - Parkway Commons,KROGER,3054 Columbia Ave,Franklin,TN,37064,6157946506.0,35.89369,-86.880956,,True,active,Returned by Kroger official Locations API on 2026-09-01,Kroger official Locations API,2026-09-01T18:57:47.243730+00:00
02600568,Kroger - Westhaven Town Village,KROGER,411 Whitman St,Franklin,TN,37064,6154729860.0,35.9289693,-86.9183785,,True,active,Returned by Kroger official Locations API on 2026-09-01,Kroger official Locations API,2026-09-01T18:57:47.243730+00:00
02600897,Kroger - Gallatin,KROGER,845 Nashville Pike,Gallatin,TN,37066,6154512803.0,36.3780958,-86.4653698,,True,active,Returned by Kroger official Locations API on 2026-09-01,Kroger official Locations API,2026-09-01T18:57:47.243730+00:00
02600569,Kroger Marketplace - Gallatin Marketplace,KROGER,2011 Nashville Pike,Gallatin,TN,37066,6152303900.0,36.3434076,-86.5260974,,True,active,Returned by Kroger official Locations API on 2026-09-01,Kroger official Locations API,2026-09-01T18:57:47.243730+00:00
02500419,Kroger - Germantown - Farmington,KROGER,7735 Farmington Blvd,Germantown,TN,38138,9017583400.0,35.09418,-89.80549,,True,active,Returned by Kroger official Locations API on 2026-09-01,Kroger official Locations API,2026-09-01T18:57:47.243730+00:00
02600541,Kroger - Goodlettsville Northcreek,KROGER,123 Northcreek Blvd,Goodlettsville,TN,37072,6158591016.0,36.326508,-86.698693,,True,active,Returned by Kroger official Locations API on 2026-09-01,Kroger official Locations API,2026-09-01T18:57:47.243730+00:00
02600041,Kroger Fuel Center - Kroger Fuel Center,KROGER,123 Northcreek Blvd Ste G,Goodlettsville,TN,37072,6158596059.0,36.326502,-86.699876,,True,active,Returned by Kroger official Locations API on 2026-09-01,Kroger official Locations API,2026-09-01T18:57:47.243730+00:00
02600628,Kroger - Harriman,KROGER,1820 Roane State Hwy,Harriman,TN,37748,8657173130.0,35.8921879,-84.5507907,,True,active,Returned by Kroger official Locations API on 2026-09-01,Kroger official Locations API,2026-09-01T18:57:47.243730+00:00
02600519,Kroger - Drakes Creek Kroger,KROGER,170 E Main St Ste 300,Hendersonville,TN,37075,6158226155.0,36.307642,-86.607067,,True,active,Returned by Kroger official Locations API on 2026-09-01,Kroger official Locations API,2026-09-01T18:57:47.243730+00:00
02600571,Kroger - Glenbrook,KROGER,1010 Glenbrook Way,Hendersonville,TN,37075,6158220193.0,36.3335003,-86.6211301,,True,active,Returned by Kroger official Locations API on 2026-09-01,Kroger official Locations API,2026-09-01T18:57:47.243730+00:00
02600619,Kroger - Kroger Main St Hendersonville TN,KROGER,237 E Main St,Hendersonville,TN,37075,6158226155.0,36.307923,-86.600332,,True,active,Returned by Kroger official Locations API on 2026-09-01,Kroger official Locations API,2026-09-01T18:57:47.243730+00:00
02600518,Kroger - Northlake Village,KROGER,5544 Old Hickory Blvd,Hermitage,TN,37076,6158834441.0,36.1815902,-86.6050795,,True,active,Returned by Kroger official Locations API on 2026-09-01,Kroger official Locations API,2026-09-01T18:57:47.243730+00:00
02600866,Kroger - Shute Lane,KROGER,4400 Lebanon Pike,Hermitage,TN,37076,6158833317.0,36.2165504,-86.6040025,,True,active,Returned by Kroger official Locations API on 2026-09-01,Kroger official Locations API,2026-09-01T18:57:47.243730+00:00
02500398,Kroger - Lynwood Place,KROGER,941 N Parkway,Jackson,TN,38305,7314234839.0,35.6520378,-88.8273288,,True,active,Returned by Kroger official Locations API on 2026-09-01,Kroger official Locations API,2026-09-01T18:57:47.243730+00:00
02500468,Kroger - University Commons,KROGER,35 W University Pkwy,Jackson,TN,38305,7316607106.0,35.697373,-88.831186,,True,active,Returned by Kroger official Locations API on 2026-09-01,Kroger official Locations API,2026-09-01T18:57:47.243730+00:00
02500448,Kroger - West Towne Commons,KROGER,41 Stonebrook Pl,Jackson,TN,38305,7316610910.0,35.6884295,-88.8582965,,True,active,Returned by Kroger official Locations API on 2026-09-01,Kroger official Locations API,2026-09-01T18:57:47.243730+00:00
02900367,Kroger - State Of Franklin,KROGER,1805 W State Of Franklin Rd,Johnson City,TN,37604,4239291408.0,36.2998505,-82.3803117,,True,active,Returned by Kroger official Locations API on 2026-09-01,Kroger official Locations API,2026-09-01T18:57:47.243730+00:00
02900261,Kroger - Sunset,KROGER,112 Sunset Dr,Johnson City,TN,37604,4232825656.0,36.343499,-82.379842,,True,active,Returned by Kroger official Locations API on 2026-09-01,Kroger official Locations API,2026-09-01T18:57:47.243730+00:00
02600558,Kroger - Ashville Hwy,KROGER,4414 Asheville Hwy,Knoxville,TN,37914,8655212922.0,36.0039787,-83.8646774,,True,active,Returned by Kroger official Locations API on 2026-09-01,Kroger official Locations API,2026-09-01T18:57:47.243730+00:00
02600506,Kroger - Broadway Shopping Center,KROGER,2217 N Broadway St,Knoxville,TN,37917,8655231268.0,35.9927756,-83.9217285,,True,active,Returned by Kroger official Locations API on 2026-09-01,Kroger official Locations API,2026-09-01T18:57:47.243730+00:00
02600531,Kroger - Chapman Square,KROGER,4409 Chapman Hwy,Knoxville,TN,37920,8655773977.0,35.9327173,-83.9064235,,True,active,Returned by Kroger official Locations API on 2026-09-01,Kroger official Locations API,2026-09-01T18:57:47.243730+00:00
02600549,Kroger - Crown Point Plaza,KROGER,6702 Clinton Hwy,Knoxville,TN,37912,8659473283.0,36.008673,-84.023638,,True,active,Returned by Kroger official Locations API on 2026-09-01,Kroger official Locations API,2026-09-01T18:57:47.243730+00:00
02600848,Kroger - Knox Plaza,KROGER,4918 Kingston Pike,Knoxville,TN,37919,8655840201.0,35.9398422,-83.9846994,,True,active,Returned by Kroger official Locations API on 2026-09-01,Kroger official Locations API,2026-09-01T18:57:47.243730+00:00
02600698,Kroger - Knoxville,KROGER,5201 N Broadway St,Knoxville,TN,37918,8656861015.0,36.0328769,-83.9316503,,True,active,Returned by Kroger official Locations API on 2026-09-01,Kroger official Locations API,2026-09-01T18:57:47.243730+00:00
02600530,Kroger - Middlebrook Pike,KROGER,9161 Middlebrook Pike,Knoxville,TN,37923,8656709940.0,35.9428005,-84.0934177,,True,active,Returned by Kroger official Locations API on 2026-09-01,Kroger official Locations API,2026-09-01T18:57:47.243730+00:00
02600525,Kroger - Northshore,KROGER,9501 S Northshore Dr,Knoxville,TN,37922,8656939005.0,35.8625823,-84.0689519,,True,active,Returned by Kroger official Locations API on 2026-09-01,Kroger official Locations API,2026-09-01T18:57:47.243730+00:00
02600684,Kroger Marketplace - Landings At Cedar Bluff,KROGER,9225 Kingston Pike,Knoxville,TN,37922,8659857960.0,35.9135532,-84.0893748,,True,active,Returned by Kroger official Locations API on 2026-09-01,Kroger official Locations API,2026-09-01T18:57:47.243730+00:00
02600566,Kroger - LaVergne,KROGER,5145 Murfreesboro Rd,La Vergne,TN,37086,6155359001.0,36.021983,-86.5761689,,True,active,Returned by Kroger official Locations API on 2026-09-01,Kroger official Locations API,2026-09-01T18:57:47.243730+00:00
02500440,Kroger - Stonebridge Crossing SC,KROGER,9025 US Highway 64,Lakeland,TN,38002,9013819065.0,35.2026087,-89.7620749,,True,active,Returned by Kroger official Locations API on 2026-09-01,Kroger official Locations API,2026-09-01T18:57:47.243730+00:00
02600868,Kroger - Lawrence Commons,KROGER,1700 N Locust Ave,Lawrenceburg,TN,38464,9317660016.0,35.2620493,-87.3222967,,True,active,Returned by Kroger official Locations API on 2026-09-01,Kroger official Locations API,2026-09-01T18:57:47.243730+00:00
02600557,Kroger - Lebanon,KROGER,1418 W Main St Ste A,Lebanon,TN,37087,6154494631.0,36.2144749,-86.3308348,,True,active,Returned by Kroger official Locations API on 2026-09-01,Kroger official Locations API,2026-09-01T18:57:47.243730+00:00
02600534,Kroger - Lewisburg,KROGER,301 S Ellington Pkwy,Lewisburg,TN,37091,9313598399.0,35.4430686,-86.7729409,,True,active,Returned by Kroger official Locations API on 2026-09-01,Kroger official Locations API,2026-09-01T18:57:47.243730+00:00
02600514,Kroger - Old Hickory SC,KROGER,200 Gallatin Pike S,Madison,TN,37115,6158657956.0,36.2618285,-86.7140814,,True,active,Returned by Kroger official Locations API on 2026-09-01,Kroger official Locations API,2026-09-01T18:57:47.243730+00:00
02600683,Kroger Marketplace - Maryville Marketplace,KROGER,507 Foothills Plz,Maryville,TN,37801,8652387433.0,35.741639,-83.9944156,,True,active,Returned by Kroger official Locations API on 2026-09-01,Kroger official Locations API,2026-09-01T18:57:47.243730+00:00
02600892,Kroger - McMinnville,KROGER,1410 Sparta St,Mcminnville,TN,37110,9314732436.0,35.6933672,-85.7474595,,True,active,Returned by Kroger official Locations API on 2026-09-01,Kroger official Locations API,2026-09-01T18:57:47.243730+00:00
02500425,Kroger - Frayser,KROGER,2632 Frayser Blvd,Memphis,TN,38127,9013538281.0,35.2226893,-89.9767774,,True,active,Returned by Kroger official Locations API on 2026-09-01,Kroger official Locations API,2026-09-01T18:57:47.243730+00:00
02500401,Kroger - Gleneagles,KROGER,4770 Riverdale Rd,Memphis,TN,38141,9017567291.0,35.0184403,-89.8290087,,True,active,Returned by Kroger official Locations API on 2026-09-01,Kroger official Locations API,2026-09-01T18:57:47.243730+00:00
02500451,Kroger - Kirby Quince,KROGER,2835 Kirby Rd,Memphis,TN,38119,9013531822.0,35.0717736,-89.8444667,,True,active,Returned by Kroger official Locations API on 2026-09-01,Kroger official Locations API,2026-09-01T18:57:47.243730+00:00
02500339,Kroger - Kirby Woods,KROGER,6660 Poplar Ave,Memphis,TN,38138,9017540354.0,35.1004283,-89.8410286,,True,active,Returned by Kroger official Locations API on 2026-09-01,Kroger official Locations API,2026-09-01T18:57:47.243730+00:00
02500430,Kroger - Mendenhall Sanderlin,KROGER,540 S Mendenhall Rd,Memphis,TN,38117,9016838846.0,35.1164026,-89.8942599,,True,active,Returned by Kroger official Locations API on 2026-09-01,Kroger official Locations API,2026-09-01T18:57:47.243730+00:00
02500415,Kroger - Poplar Cleveland,KROGER,1366 Poplar Ave,Memphis,TN,38104,9012727881.0,35.145316,-90.0147766,,True,active,Returned by Kroger official Locations API on 2026-09-01,Kroger official Locations API,2026-09-01T18:57:47.243730+00:00
02500488,Kroger - Poplar Plaza,KROGER,3444 Plaza Ave,Memphis,TN,38111,9013230191.0,35.130589,-89.947924,,True,active,Returned by Kroger official Locations API on 2026-09-01,Kroger official Locations API,2026-09-01T18:57:47.243730+00:00
02500438,Kroger - Raleigh,KROGER,3860 Austin Peay Hwy,Memphis,TN,38128,9013834841.0,35.2311122,-89.8953313,,True,active,Returned by Kroger official Locations API on 2026-09-01,Kroger official Locations API,2026-09-01T18:57:47.243730+00:00
02500439,Kroger - Summer Avenue,KROGER,4264 Summer Ave,Memphis,TN,38122,9017631556.0,35.1504701,-89.9184469,,True,active,Returned by Kroger official Locations API on 2026-09-01,Kroger official Locations API,2026-09-01T18:57:47.243730+00:00
02500491,Kroger - Truse Pkwy,KROGER,799 Truse Pkwy,Memphis,TN,38117,9016822989.0,35.1098894,-89.8941685,,True,active,Returned by Kroger official Locations API on 2026-09-01,Kroger official Locations API,2026-09-01T18:57:47.243730+00:00
02500402,Kroger - Union Ave,KROGER,1759 Union Ave,Memphis,TN,38104,9012728630.0,35.1352501,-90.0036334,,True,active,Returned by Kroger official Locations API on 2026-09-01,Kroger official Locations API,2026-09-01T18:57:47.243730+00:00
02500486,Kroger - Whitehaven,KROGER,1212 E Shelby Dr,Memphis,TN,38116,9013468606.0,35.0226866,-90.0234125,,True,active,Returned by Kroger official Locations API on 2026-09-01,Kroger official Locations API,2026-09-01T18:57:47.243730+00:00
02500437,Kroger - Winchester Hacks,KROGER,7942 Winchester Rd,Memphis,TN,38125,9017583609.0,35.0500753,-89.7980517,,True,active,Returned by Kroger official Locations API on 2026-09-01,Kroger official Locations API,2026-09-01T18:57:47.243730+00:00
02500393,Kroger - Millington,KROGER,8039 US Highway 51 N,Millington,TN,38053,9018726741.0,35.3465066,-89.9069324,,True,active,Returned by Kroger official Locations API on 2026-09-01,Kroger official Locations API,2026-09-01T18:57:47.243730+00:00
02600590,Kroger - Mt Juliet Road,KROGER,4120 N Mount Juliet Rd,Mount Juliet,TN,37122,6157738700.0,36.2293536,-86.5164023,,True,active,Returned by Kroger official Locations API on 2026-09-01,Kroger official Locations API,2026-09-01T18:57:47.243730+00:00
02600578,Kroger - Providence Market Place,KROGER,401 S Mount Juliet Rd Ste 200,Mount Juliet,TN,37122,6157583300.0,36.1648406,-86.5119615,,True,active,Returned by Kroger official Locations API on 2026-09-01,Kroger official Locations API,2026-09-01T18:57:47.243730+00:00
02600529,Kroger - Georgetown Square,KROGER,1776 W Northfield Blvd,Murfreesboro,TN,37129,6158909873.0,35.8714147,-86.4155548,,True,active,Returned by Kroger official Locations API on 2026-09-01,Kroger official Locations API,2026-09-01T18:57:47.243730+00:00
02600543,Kroger - Innsbrooke Square,KROGER,2946 S Church St,Murfreesboro,TN,37127,6152172752.0,35.7901152,-86.4022656,,True,active,Returned by Kroger official Locations API on 2026-09-01,Kroger official Locations API,2026-09-01T18:57:47.243730+00:00
02600539,Kroger - Irongate Village,KROGER,2325 Memorial Blvd,Murfreesboro,TN,37129,6158672216.0,35.8865043,-86.3845199,,True,active,Returned by Kroger official Locations API on 2026-09-01,Kroger official Locations API,2026-09-01T18:57:47.243730+00:00
02600565,Kroger - Kroger TN,KROGER,4432 Veterans Pkwy,Murfreesboro,TN,37128,6156488500.0,35.844714,-86.491627,,True,active,Returned by Kroger official Locations API on 2026-09-01,Kroger official Locations API,2026-09-01T18:57:47.243730+00:00
02600564,Kroger - Rutherford Crossing,KROGER,2050 Lascassas Pike,Murfreesboro,TN,37130,6159076223.0,35.8728633,-86.3522028,,True,active,Returned by Kroger official Locations API on 2026-09-01,Kroger official Locations API,2026-09-01T18:57:47.243730+00:00
02600532,Kroger - Stonetrace Commons,KROGER,2449 Old Fort Pkwy,Murfreesboro,TN,37128,6159042545.0,35.843384,-86.44165,,True,active,Returned by Kroger official Locations API on 2026-09-01,Kroger official Locations API,2026-09-01T18:57:47.243730+00:00
02600550,Kroger - Bellevue Hwy 100,KROGER,8141 Highway 100,Nashville,TN,37221,6156628885.0,36.043359,-86.956547,,True,active,Returned by Kroger official Locations API on 2026-09-01,Kroger official Locations API,2026-09-01T18:57:47.243730+00:00
02600527,Kroger - Bellevue Hwy 70,KROGER,7087 Highway 70 S,Nashville,TN,37221,6156621330.0,36.073104,-86.919554,,True,active,Returned by Kroger official Locations API on 2026-09-01,Kroger official Locations API,2026-09-01T18:57:47.243730+00:00
02600533,Kroger - Bordeaux,KROGER,3930 Clarksville Pike,Nashville,TN,37218,6158765337.0,36.2097851,-86.8375039,,True,active,Returned by Kroger official Locations API on 2026-09-01,Kroger official Locations API,2026-09-01T18:57:47.243730+00:00
02600542,Kroger - Briley Pkwy,KROGER,61 E Thompson Ln,Nashville,TN,37211,6158320852.0,36.10982,-86.725133,,True,active,Returned by Kroger official Locations API on 2026-09-01,Kroger official Locations API,2026-09-01T18:57:47.243730+00:00
02600547,Kroger - Charlotte Pike,KROGER,5705 Charlotte Pike,Nashville,TN,37209,6153525352.0,36.1484077,-86.860767,,True,active,Returned by Kroger official Locations API on 2026-09-01,Kroger official Locations API,2026-09-01T18:57:47.243730+00:00
02600880,Kroger - East Nashville,KROGER,711 Gallatin Ave,Nashville,TN,37206,6152266880.0,36.1843151,-86.74704,,True,active,Returned by Kroger official Locations API on 2026-09-01,Kroger official Locations API,2026-09-01T18:57:47.243730+00:00
02600537,Kroger - Edmondson Pike,KROGER,5713 Edmondson Pike,Nashville,TN,37211,6153159205.0,36.0391566,-86.7454001,,True,active,Returned by Kroger official Locations API on 2026-09-01,Kroger official Locations API,2026-09-01T18:57:47.243730+00:00
02600895,Kroger - Green Hills,KROGER,2131 Abbott Martin Rd,Nashville,TN,37215,6152977531.0,36.105975,-86.818705,,True,active,Returned by Kroger official Locations API on 2026-09-01,Kroger official Locations API,2026-09-01T18:57:47.243730+00:00
02600851,Kroger - Hickory Plaza,KROGER,5771 Nolensville Pike,Nashville,TN,37211,6158348666.0,36.0464067,-86.7152077,,True,active,Returned by Kroger official Locations API on 2026-09-01,Kroger official Locations API,2026-09-01T18:57:47.243730+00:00
02600884,Kroger - Inglewood,KROGER,3410 Gallatin Pike,Nashville,TN,37216,6152275053.0,36.210179,-86.7315587,,True,active,Returned by Kroger official Locations API on 2026-09-01,Kroger official Locations API,2026-09-01T18:57:47.243730+00:00
02600567,Kroger - Kroger Hillsboro Village Nashville TN,KROGER,2201 21st Ave S,Nashville,TN,37212,6159818847.0,36.130199,-86.802569,,True,active,Returned by Kroger official Locations API on 2026-09-01,Kroger official Locations API,2026-09-01T18:57:47.243730+00:00
02600845,Kroger - McGavock Pike,KROGER,143 Mcgavock Pike,Nashville,TN,37214,6158830121.0,36.1706942,-86.6787276,,True,active,Returned by Kroger official Locations API on 2026-09-01,Kroger official Locations API,2026-09-01T18:57:47.243730+00:00
02600511,Kroger - Melrose,KROGER,2615 8th Ave S,Nashville,TN,37204,6152975517.0,36.1198785,-86.7774787,,True,active,Returned by Kroger official Locations API on 2026-09-01,Kroger official Locations API,2026-09-01T18:57:47.243730+00:00
02600502,Kroger - Monroe,KROGER,800 Monroe St,Nashville,TN,37208,6152566506.0,36.175869,-86.794258,,True,active,Returned by Kroger official Locations API on 2026-09-01,Kroger official Locations API,2026-09-01T18:57:47.243730+00:00
02600574,Kroger - Nashboro Village,KROGER,2284 Murfreesboro Pike,Nashville,TN,37217,6153996697.0,36.0885604,-86.6472921,,True,active,Returned by Kroger official Locations API on 2026-09-01,Kroger official Locations API,2026-09-01T18:57:47.243730+00:00
02600093,Kroger Pharmacy - Metro Nashville Public Schools Employee Drive Thru Clinics,KROGER,2694 Fessey Court,Nashville,TN,37204,6156003854.0,36.12117,-86.7682345,,True,active,Returned by Kroger official Locations API on 2026-09-01,Kroger official Locations API,2026-09-01T18:57:47.243730+00:00
02600690,Kroger Marketplace - Oak Ridge Marketplace,KROGER,1550 Oak Ridge Tpke,Oak Ridge,TN,37830,8652940212.0,36.012933,-84.268219,,True,active,Returned by Kroger official Locations API on 2026-09-01,Kroger official Locations API,2026-09-01T18:57:47.243730+00:00
02500462,Kroger - Oakland,KROGER,7265 Highway 64,Oakland,TN,38060,9014650681.0,35.2311387,-89.514115,,True,active,Returned by Kroger official Locations API on 2026-09-01,Kroger official Locations API,2026-09-01T18:57:47.243730+00:00
02500391,Kroger - Paris,KROGER,1059 Mineral Wells Ave,Paris,TN,38242,7316441075.0,36.2876885,-88.3081471,,True,active,Returned by Kroger official Locations API on 2026-09-01,Kroger official Locations API,2026-09-01T18:57:47.243730+00:00
02600536,Kroger - Pigeon Forge,KROGER,220 Wears Valley Rd,Pigeon Forge,TN,37863,8654290874.0,35.804633,-83.5820911,,True,active,Returned by Kroger official Locations API on 2026-09-01,Kroger official Locations API,2026-09-01T18:57:47.243730+00:00
02600670,Kroger Marketplace - Kroger Powell,KROGER,234 E Emory Rd,Powell,TN,37849,8657617100.0,36.0444656,-84.003608,,True,active,Returned by Kroger official Locations API on 2026-09-01,Kroger official Locations API,2026-09-01T18:57:47.243730+00:00
02500484,Kroger - Savannah,KROGER,775 Pickwick St,Savannah,TN,38372,7319259700.0,35.2165381,-88.2440677,,True,active,Returned by Kroger official Locations API on 2026-09-01,Kroger official Locations API,2026-09-01T18:57:47.243730+00:00
02600562,Kroger - Sevierville,KROGER,702 Winfield Dunn Pkwy,Sevierville,TN,37876,8654291198.0,35.8793843,-83.5753107,,True,active,Returned by Kroger official Locations API on 2026-09-01,Kroger official Locations API,2026-09-01T18:57:47.243730+00:00
02600581,Kroger - Seymour Shopping,KROGER,10721 Chapman Hwy,Seymour,TN,37865,8656091909.0,35.8771278,-83.774359,,True,active,Returned by Kroger official Locations API on 2026-09-01,Kroger official Locations API,2026-09-01T18:57:47.243730+00:00
02600559,Kroger - Shelbyville,KROGER,1010 N Main St,Shelbyville,TN,37160,9316840681.0,35.497436,-86.4565596,,True,active,Returned by Kroger official Locations API on 2026-09-01,Kroger official Locations API,2026-09-01T18:57:47.243730+00:00
02600553,Kroger - Innsbrooke,KROGER,463 W Sam Ridley Pkwy,Smyrna,TN,37167,6153558329.0,35.9834,-86.5512,,True,active,Returned by Kroger official Locations API on 2026-09-01,Kroger official Locations API,2026-09-01T18:57:47.243730+00:00
02600594,Kroger - Spring Hill,KROGER,4900 Port Royal Rd,Spring Hill,TN,37174,9315602141.0,35.7413483,-86.8917805,,True,active,Returned by Kroger official Locations API on 2026-09-01,Kroger official Locations API,2026-09-01T18:57:47.243730+00:00
02600575,Kroger - Springfield,KROGER,2600 Memorial Blvd,Springfield,TN,37172,6153827822.0,36.4886529,-86.8632737,,True,active,Returned by Kroger official Locations API on 2026-09-01,Kroger official Locations API,2026-09-01T18:57:47.243730+00:00
02600588,Kroger Marketplace - Thompson Station Mktplace,KROGER,4726 Traders Way,Thompsons Station,TN,37179,6157915346.0,35.7847981,-86.9155773,,True,active,Returned by Kroger official Locations API on 2026-09-01,Kroger official Locations API,2026-09-01T18:57:47.243730+00:00
02600561,Kroger - Tullahoma,KROGER,1905 N Jackson St Ste 500,Tullahoma,TN,37388,9314550842.0,35.3852079,-86.2359806,,True,active,Returned by Kroger official Locations API on 2026-09-01,Kroger official Locations API,2026-09-01T18:57:47.243730+00:00
02600545,Kroger - White House,KROGER,510 Highway 76,White House,TN,37188,6156723175.0,36.4704109,-86.6660059,,True,active,Returned by Kroger official Locations API on 2026-09-01,Kroger official Locations API,2026-09-01T18:57:47.243730+00:00
03500870,Kroger - Addison Town Center,KROGER,3770 Belt Line Rd,Addison,TX,75001,9726200001.0,32.9505772,-96.8528047,,True,active,Returned by Kroger official Locations API on 2026-09-01,Kroger official Locations API,2026-09-01T18:57:47.243730+00:00
03500544,Kroger - Bethany Park,KROGER,1212 E Bethany Dr,Allen,TX,75002,9727279299.0,33.0826588,-96.6444984,,True,active,Returned by Kroger official Locations API on 2026-09-01,Kroger official Locations API,2026-09-01T18:57:47.243730+00:00
03500548,Kroger - Exchange,KROGER,1210 N Greenville Ave,Allen,TX,75002,2143837100.0,33.1159361,-96.6497261,,True,active,Returned by Kroger official Locations API on 2026-09-01,Kroger official Locations API,2026-09-01T18:57:47.243730+00:00
03500568,Kroger - McDermott,KROGER,1320 W McDermott Dr,Allen,TX,75013,2144950202.0,33.1025275,-96.7004674,,True,active,Returned by Kroger official Locations API on 2026-09-01,Kroger official Locations API,2026-09-01T18:57:47.243730+00:00
03400321,Kroger - Alvin,KROGER,3100 S Gordon St,Alvin,TX,77511,2813883400.0,29.3983525,-95.2493295,,True,active,Returned by Kroger official Locations API on 2026-09-01,Kroger official Locations API,2026-09-01T18:57:47.243730+00:00
03400256,Kroger - Angleton,KROGER,1804 N Velasco St,Angleton,TX,77515,9798491283.0,29.1833604,-95.4308915,,True,active,Returned by Kroger official Locations API on 2026-09-01,Kroger official Locations API,2026-09-01T18:57:47.243730+00:00
03500413,Kroger - Arkansas Lane,KROGER,2580 E Arkansas Ln,Arlington,TX,76014,8178612255.0,32.704555,-97.064937,,True,active,Returned by Kroger official Locations API on 2026-09-01,Kroger official Locations API,2026-09-01T18:57:47.243730+00:00
03500435,Kroger - Ascension,KROGER,2475 Ascension Blvd,Arlington,TX,76006,8178606900.0,32.77498,-97.081864,,True,active,Returned by Kroger official Locations API on 2026-09-01,Kroger official Locations API,2026-09-01T18:57:47.243730+00:00
03500445,Kroger - Cooper,KROGER,5330 S Cooper St,Arlington,TX,76017,8174729491.0,32.6608137,-97.136084,,True,active,Returned by Kroger official Locations API on 2026-09-01,Kroger official Locations API,2026-09-01T18:57:47.243730+00:00
03500538,Kroger - Creekside Plaza,KROGER,2350 SE Green Oaks Blvd,Arlington,TX,76018,8174190614.0,32.6592425,-97.0660419,,True,active,Returned by Kroger official Locations API on 2026-09-01,Kroger official Locations API,2026-09-01T18:57:47.243730+00:00
03500688,Kroger - Ensenada,KROGER,301 S Bowen Rd,Arlington,TX,76013,8172775289.0,32.7332331,-97.1485804,,True,active,Returned by Kroger official Locations API on 2026-09-01,Kroger official Locations API,2026-09-01T18:57:47.243730+00:00
03500695,Kroger - Green Oaks Village,KROGER,5701 W Pleasant Ridge Rd,Arlington,TX,76016,8174830666.0,32.6828611,-97.1934749,,True,active,Returned by Kroger official Locations API on 2026-09-01,Kroger official Locations API,2026-09-01T18:57:47.243730+00:00
03500543,Kroger - Lamar,KROGER,945 W Lamar Blvd,Arlington,TX,76012,8172779811.0,32.7627302,-97.1177483,,True,active,Returned by Kroger official Locations API on 2026-09-01,Kroger official Locations API,2026-09-01T18:57:47.243730+00:00
03500851,Kroger - Pioneer Plaza,KROGER,2210 S Fielder Rd,Arlington,TX,76013,8172773505.0,32.7078771,-97.1338196,,True,active,Returned by Kroger official Locations API on 2026-09-01,Kroger official Locations API,2026-09-01T18:57:47.243730+00:00
03500592,Kroger Marketplace - Arlington Marketplace,KROGER,5101 W Sublett Rd,Arlington,TX,76017,8175163762.0,32.6487,-97.188804,,True,active,Returned by Kroger official Locations API on 2026-09-01,Kroger official Locations API,2026-09-01T18:57:47.243730+00:00
03500492,Kroger - Balch Springs,KROGER,11925 Elam Rd,Balch Springs,TX,75180,9725571272.0,32.7203186,-96.6208266,,True,active,Returned by Kroger official Locations API on 2026-09-01,Kroger official Locations API,2026-09-01T18:57:47.243730+00:00
03500572,Kroger Marketplace - Bartonville,KROGER,3400 FM 407 E,Bartonville,TX,76226,9402948331.0,33.075135,-97.130365,,True,active,Returned by Kroger official Locations API on 2026-09-01,Kroger official Locations API,2026-09-01T18:57:47.243730+00:00
03400974,Kroger - Old Baytown,KROGER,1700 N Alexander Dr,Baytown,TX,77520,2814228251.0,29.7402016,-94.9520568,,True,active,Returned by Kroger official Locations API on 2026-09-01,Kroger official Locations API,2026-09-01T18:57:47.243730+00:00
03400150,Kroger Marketplace - Garth,KROGER,6315 Garth Rd,Baytown,TX,77521,3462164154.0,29.792322,-94.982799,,True,active,Returned by Kroger official Locations API on 2026-09-01,Kroger official Locations API,2026-09-01T18:57:47.243730+00:00
03400325,Kroger - Dowlen,KROGER,3965 Dowlen Rd,Beaumont,TX,77706,4098995925.0,30.1168632,-94.1708088,,True,active,Returned by Kroger official Locations API on 2026-09-01,Kroger official Locations API,2026-09-01T18:57:47.243730+00:00
03400328,Kroger - Phelan,KROGER,3845 Phelan Blvd,Beaumont,TX,77707,4098333575.0,30.0831801,-94.142254,,True,active,Returned by Kroger official Locations API on 2026-09-01,Kroger official Locations API,2026-09-01T18:57:47.243730+00:00
03500521,Kroger - Bedford,KROGER,2109 Harwood Rd,Bedford,TX,76021,8176859266.0,32.8535589,-97.1332386,,True,active,Returned by Kroger official Locations API on 2026-09-01,Kroger official Locations API,2026-09-01T18:57:47.243730+00:00
03400383,Kroger - Boonville,KROGER,2303 Boonville Rd,Bryan,TX,77808,9797748366.0,30.674468,-96.336373,,True,active,Returned by Kroger official Locations API on 2026-09-01,Kroger official Locations API,2026-09-01T18:57:47.243730+00:00
03500591,Kroger Marketplace - Burleson,KROGER,1631 SW Wilshire Blvd,Burleson,TX,76028,8172585951.0,32.516585,-97.349245,,True,active,Returned by Kroger official Locations API on 2026-09-01,Kroger official Locations API,2026-09-01T18:57:47.243730+00:00
03500460,Kroger - Carrollton,KROGER,4038 Old Denton Rd,Carrollton,TX,75007,9725123354.0,33.0196594,-96.9133308,,True,active,Returned by Kroger official Locations API on 2026-09-01,Kroger official Locations API,2026-09-01T18:57:47.243730+00:00
03500436,Kroger - Cedar Hill,KROGER,235 E FM 1382,Cedar Hill,TX,75104,9722917333.0,32.5984833,-96.9395269,,True,active,Returned by Kroger official Locations API on 2026-09-01,Kroger official Locations API,2026-09-01T18:57:47.243730+00:00
03500415,Kroger - Cleburne,KROGER,1617 W Henderson St,Cleburne,TX,76033,8176410771.0,32.3370984,-97.4130168,,True,active,Returned by Kroger official Locations API on 2026-09-01,Kroger official Locations API,2026-09-01T18:57:47.243730+00:00
03400149,Kroger Marketplace - Oyster Creek,KROGER,800 N Dixie Dr,Clute,TX,77531,9795294391.0,29.038284,-95.421385,,True,active,Returned by Kroger official Locations API on 2026-09-01,Kroger official Locations API,2026-09-01T18:57:47.243730+00:00
03400361,Kroger - Rock Prairie,KROGER,3535 Longmire Dr,College Station,TX,77845,9794858773.0,30.5817058,-96.2860029,,True,active,Returned by Kroger official Locations API on 2026-09-01,Kroger official Locations API,2026-09-01T18:57:47.243730+00:00
03400357,Kroger - 336 North,KROGER,2222 Interstate 45 N,Conroe,TX,77301,9364417333.0,30.336172,-95.477188,,True,active,Returned by Kroger official Locations API on 2026-09-01,Kroger official Locations API,2026-09-01T18:57:47.243730+00:00
03400136,Kroger Marketplace - S Loop Conroe,KROGER,341 S Loop 336 W,Conroe,TX,77304,9362701026.0,30.276312,-95.464914,,True,active,Returned by Kroger official Locations API on 2026-09-01,Kroger official Locations API,2026-09-01T18:57:47.243730+00:00
03500448,Kroger - Coppell,KROGER,950 E Sandy Lake Rd,Coppell,TX,75019,9724628584.0,32.9707799,-96.9609775,,True,active,Returned by Kroger official Locations API on 2026-09-01,Kroger official Locations API,2026-09-01T18:57:47.243730+00:00
03500590,Kroger - Crowley,KROGER,1004 S Crowley Rd,Crowley,TX,76036,8172970005.0,32.5633168,-97.3538622,,True,active,Returned by Kroger official Locations API on 2026-09-01,Kroger official Locations API,2026-09-01T18:57:47.243730+00:00
03400352,Kroger - Barker Cypress,KROGER,18030 FM 529 Rd,Cypress,TX,77433,2815509493.0,29.881445,-95.68556,,True,active,Returned by Kroger official Locations API on 2026-09-01,Kroger official Locations API,2026-09-01T18:57:47.243730+00:00
03400362,Kroger - Cyfair Town Center,KROGER,17455 Spring Cypress Rd,Cypress,TX,77429,2813040859.0,29.9710183,-95.6901248,,True,active,Returned by Kroger official Locations API on 2026-09-01,Kroger official Locations API,2026-09-01T18:57:47.243730+00:00
03400327,Kroger - Grant,KROGER,13135 Louetta Rd,Cypress,TX,77429,2813797753.0,29.9941259,-95.6215342,,True,active,Returned by Kroger official Locations API on 2026-09-01,Kroger official Locations API,2026-09-01T18:57:47.243730+00:00
03400179,Kroger Marketplace - Fairfield,KROGER,20355 Cypresswood Dr,Cypress,TX,77433,8329523179.0,29.990255,-95.736796,,True,active,Returned by Kroger official Locations API on 2026-09-01,Kroger official Locations API,2026-09-01T18:57:47.243730+00:00
03400115,Kroger Marketplace - Town Lake,KROGER,9703 Barker Cypress Rd,Cypress,TX,77433,2817463644.0,29.9191828,-95.689644,,True,active,Returned by Kroger official Locations API on 2026-09-01,Kroger official Locations API,2026-09-01T18:57:47.243730+00:00
540FC005,Kroger - - Dallas Shed,KROGER,4221 Telephone Rd,Dallas,TX,75241,9999999999.0,32.637835,-96.7537283,,True,active,Returned by Kroger official Locations API on 2026-09-01,Kroger official Locations API,2026-09-01T18:57:47.243730+00:00
03500588,Kroger - Forest Lane,KROGER,9140 Forest Ln,Dallas,TX,75243,2142210939.0,32.9081859,-96.7449827,,True,active,Returned by Kroger official Locations API on 2026-09-01,Kroger official Locations API,2026-09-01T18:57:47.243730+00:00
03500518,Kroger - Kroger Dallas,KROGER,5665 E Mockingbird Ln,Dallas,TX,75206,2148262901.0,32.838522,-96.770778,,True,active,Returned by Kroger official Locations API on 2026-09-01,Kroger official Locations API,2026-09-01T18:57:47.243730+00:00
03500587,Kroger - Midway,KROGER,3939 Frankford Rd,Dallas,TX,75287,9726621000.0,32.9985436,-96.8460385,,True,active,Returned by Kroger official Locations API on 2026-09-01,Kroger official Locations API,2026-09-01T18:57:47.243730+00:00
03500511,Kroger - Northview Plaza,KROGER,10677 E Northwest Hwy,Dallas,TX,75238,2145530607.0,32.8656047,-96.7015117,,True,active,Returned by Kroger official Locations API on 2026-09-01,Kroger official Locations API,2026-09-01T18:57:47.243730+00:00
03500689,Kroger - Preston Trail,KROGER,17194 Preston Rd,Dallas,TX,75248,9729315794.0,32.9844762,-96.8011721,,True,active,Returned by Kroger official Locations API on 2026-09-01,Kroger official Locations API,2026-09-01T18:57:47.243730+00:00
03500213,Kroger - Wynnewood Village,KROGER,752 Wynnewood Village Shp Ctr,Dallas,TX,75224,2149418311.0,32.7256809,-96.8328635,,True,active,Returned by Kroger official Locations API on 2026-09-01,Kroger official Locations API,2026-09-01T18:57:47.243730+00:00
03500529,Kroger Fresh Fare - Capitol Ave,KROGER,4241 Capitol Ave,Dallas,TX,75204,9723383100.0,32.806507,-96.78906,,True,active,Returned by Kroger official Locations API on 2026-09-01,Kroger official Locations API,2026-09-01T18:57:47.243730+00:00
03500528,Kroger Fresh Fare - Cedar Springs Road,KROGER,4142 Cedar Springs Rd,Dallas,TX,75219,2145999859.0,32.813434,-96.812323,,True,active,Returned by Kroger official Locations API on 2026-09-01,Kroger official Locations API,2026-09-01T18:57:47.243730+00:00
03500509,Kroger Fresh Fare - Maple Ave,KROGER,4901 Maple Ave,Dallas,TX,75235,9727251269.0,32.813971,-96.829108,,True,active,Returned by Kroger official Locations API on 2026-09-01,Kroger official Locations API,2026-09-01T18:57:47.243730+00:00
03500586,Kroger - Denton Crossing,KROGER,1592 S Loop 288,Denton,TX,76205,9405666075.0,33.1952229,-97.0957443,,True,active,Returned by Kroger official Locations API on 2026-09-01,Kroger official Locations API,2026-09-01T18:57:47.243730+00:00
03500570,Kroger - Hickory Creek,KROGER,5021 Hickory Creek Rd,Denton,TX,76210,9403804100.0,33.145944,-97.101944,,True,active,Returned by Kroger official Locations API on 2026-09-01,Kroger official Locations API,2026-09-01T18:57:47.243730+00:00
03500493,Kroger - University,KROGER,500 W University Dr,Denton,TX,76201,9405666791.0,33.2319915,-97.1378391,,True,active,Returned by Kroger official Locations API on 2026-09-01,Kroger official Locations API,2026-09-01T18:57:47.243730+00:00
03500545,Kroger - Desoto Crossing,KROGER,1001 N Interstate 35 E STE 500,Desoto,TX,75115,9722242737.0,32.6072379,-96.8254372,,True,active,Returned by Kroger official Locations API on 2026-09-01,Kroger official Locations API,2026-09-01T18:57:47.243730+00:00
03500527,Kroger - Duncanville,KROGER,200 W Camp Wisdom Rd,Duncanville,TX,75116,9722989962.0,32.6606682,-96.9092398,,True,active,Returned by Kroger official Locations API on 2026-09-01,Kroger official Locations API,2026-09-01T18:57:47.243730+00:00
03500451,Kroger - Euless,KROGER,1060 N Main St,Euless,TX,76039,8175711008.0,32.8511403,-97.0806903,,True,active,Returned by Kroger official Locations API on 2026-09-01,Kroger official Locations API,2026-09-01T18:57:47.243730+00:00
03500456,Kroger - Flower Mound Town Centre,KROGER,2709 Cross Timbers Rd,Flower Mound,TX,75028,9723550997.0,33.0347564,-97.0720894,,True,active,Returned by Kroger official Locations API on 2026-09-01,Kroger official Locations API,2026-09-01T18:57:47.243730+00:00
03500585,Kroger - The Pines,KROGER,1101 Flower Mound Rd,Flower Mound,TX,75028,4696715770.0,33.0096573,-97.0469111,,True,active,Returned by Kroger official Locations API on 2026-09-01,Kroger official Locations API,2026-09-01T18:57:47.243730+00:00
03500579,Kroger Marketplace - Forney Marketplace,KROGER,500 Marketplace Blvd,Forney,TX,75126,9725648489.0,32.748842,-96.450153,,True,active,Returned by Kroger official Locations API on 2026-09-01,Kroger official Locations API,2026-09-01T18:57:47.243730+00:00
03500224,Kroger - Alta Mesa,KROGER,3510 Altamesa Blvd,Fort Worth,TX,76133,8172945911.0,32.6516241,-97.3665364,,True,active,Returned by Kroger official Locations API on 2026-09-01,Kroger official Locations API,2026-09-01T18:57:47.243730+00:00
03500530,Kroger - Basswood,KROGER,1653 Basswood Blvd,Fort Worth,TX,76131,6823166386.0,32.872194,-97.340178,,True,active,Returned by Kroger official Locations API on 2026-09-01,Kroger official Locations API,2026-09-01T18:57:47.243730+00:00
03500536,Kroger - Beach Western,KROGER,6650 N Beach St,Fort Worth,TX,76137,8177881688.0,32.8629642,-97.2889218,,True,active,Returned by Kroger official Locations API on 2026-09-01,Kroger official Locations API,2026-09-01T18:57:47.243730+00:00
03500532,Kroger - Fort Worth,KROGER,5241 North Tarrant Pkwy,Fort Worth,TX,76244,8173806180.0,32.895935,-97.270465,,True,active,Returned by Kroger official Locations API on 2026-09-01,Kroger official Locations API,2026-09-01T18:57:47.243730+00:00
03500562,Kroger - Timberland Crossing,KROGER,12600 N Beach St,Fort Worth,TX,76244,8175623900.0,32.9563127,-97.2799103,,True,active,Returned by Kroger official Locations API on 2026-09-01,Kroger official Locations API,2026-09-01T18:57:47.243730+00:00
03500439,Kroger - Westside Market,KROGER,9114 Camp Bowie West Blvd,Fort Worth,TX,76116,8172442576.0,32.7258885,-97.4772811,,True,active,Returned by Kroger official Locations API on 2026-09-01,Kroger official Locations API,2026-09-01T18:57:47.243730+00:00
03500520,Kroger Fresh Fare - TCU Store,KROGER,3120 S University Dr,Fort Worth,TX,76109,8175667860.0,32.7045397,-97.3610417,,True,active,Returned by Kroger official Locations API on 2026-09-01,Kroger official Locations API,2026-09-01T18:57:47.243730+00:00
03500542,Kroger Marketplace - Alliance,KROGER,3300 Texas Sage Trl,Fort Worth,TX,76177,8177502040.0,32.9115648,-97.3093219,,True,active,Returned by Kroger official Locations API on 2026-09-01,Kroger official Locations API,2026-09-01T18:57:47.243730+00:00
03500576,Kroger Marketplace - Bailey Boswell,KROGER,4750 W Bailey Boswell Rd,Fort Worth,TX,76179,6823167507.0,32.882802,-97.395084,,True,active,Returned by Kroger official Locations API on 2026-09-01,Kroger official Locations API,2026-09-01T18:57:47.243730+00:00
03500541,Kroger Marketplace - Bonds Ranch Marketplace,KROGER,113 E Bonds Ranch Rd,Fort Worth,TX,76131,8174845073.0,32.9254903,-97.356342,,True,active,Returned by Kroger official Locations API on 2026-09-01,Kroger official Locations API,2026-09-01T18:57:47.243730+00:00
03400744,Kroger - Autumn Creek,KROGER,3135 E FM 528 Rd,Friendswood,TX,77546,2815574563.0,29.5208856,-95.1600336,,True,active,Returned by Kroger official Locations API on 2026-09-01,Kroger official Locations API,2026-09-01T18:57:47.243730+00:00
03400743,Kroger - Old Friendswood,KROGER,151 N Friendswood Dr,Friendswood,TX,77546,2819920830.0,29.5356005,-95.2058696,,True,active,Returned by Kroger official Locations API on 2026-09-01,Kroger official Locations API,2026-09-01T18:57:47.243730+00:00
03500546,Kroger - Legacy,KROGER,4851 Legacy Dr,Frisco,TX,75034,9723779001.0,33.117634,-96.8415887,,True,active,Returned by Kroger official Locations API on 2026-09-01,Kroger official Locations API,2026-09-01T18:57:47.243730+00:00
03500547,Kroger - Main Street Village,KROGER,3205 Main St,Frisco,TX,75034,9727126740.0,33.1510134,-96.8619029,,True,active,Returned by Kroger official Locations API on 2026-09-01,Kroger official Locations API,2026-09-01T18:57:47.243730+00:00
03500560,Kroger - Prestonbrook,KROGER,7500 Preston Rd,Frisco,TX,75034,9723770850.0,33.1404762,-96.802656,,True,active,Returned by Kroger official Locations API on 2026-09-01,Kroger official Locations API,2026-09-01T18:57:47.243730+00:00
03500561,Kroger Marketplace - Custer Star,KROGER,12221 Custer Rd,Frisco,TX,75035,2144915000.0,33.177135,-96.735347,,True,active,Returned by Kroger official Locations API on 2026-09-01,Kroger official Locations API,2026-09-01T18:57:47.243730+00:00
03400302,Kroger - Galveston,KROGER,5730 Seawall Blvd,Galveston,TX,77551,4097418580.0,29.2690344,-94.8241219,,True,active,Returned by Kroger official Locations API on 2026-09-01,Kroger official Locations API,2026-09-01T18:57:47.243730+00:00
03500559,Kroger - Garland Towne Centre,KROGER,1406 W Walnut St,Garland,TX,75042,9724944487.0,32.9145293,-96.6498875,,True,active,Returned by Kroger official Locations API on 2026-09-01,Kroger official Locations API,2026-09-01T18:57:47.243730+00:00
03500557,Kroger - Shiloh Springs,KROGER,6850 N Shiloh Rd,Garland,TX,75044,9724964603.0,32.9773088,-96.663853,,True,active,Returned by Kroger official Locations API on 2026-09-01,Kroger official Locations API,2026-09-01T18:57:47.243730+00:00
03500917,Kroger Marketplace - Granbury,KROGER,3915 E US Highway 377,Granbury,TX,76049,6824984222.0,32.453756,-97.726804,,True,active,Returned by Kroger official Locations API on 2026-09-01,Kroger official Locations API,2026-09-01T18:57:47.243730+00:00
03500817,Kroger - Great Southwest Pkwy,KROGER,2525 W Interstate 20,Grand Prairie,TX,75052,9729881335.0,32.673468,-97.0425858,,True,active,Returned by Kroger official Locations API on 2026-09-01,Kroger official Locations API,2026-09-01T18:57:47.243730+00:00
03500191,Kroger - Plaza 303,KROGER,313 E Pioneer Pkwy,Grand Prairie,TX,75051,9722642384.0,32.7081839,-97.0011089,,True,active,Returned by Kroger official Locations API on 2026-09-01,Kroger official Locations API,2026-09-01T18:57:47.243730+00:00
03500490,Kroger - Henderson,KROGER,2415 Us Highway 79 S,Henderson,TX,75654,9036573501.0,32.1292267,-94.8078204,,True,active,Returned by Kroger official Locations API on 2026-09-01,Kroger official Locations API,2026-09-01T18:57:47.243730+00:00
03400737,Kroger - 1960 Eldridge,KROGER,12400 Fm 1960 Rd W,Houston,TX,77065,8322374860.0,29.9240479,-95.6044646,,True,active,Returned by Kroger official Locations API on 2026-09-01,Kroger official Locations API,2026-09-01T18:57:47.243730+00:00
03400748,Kroger - 249 Cypresswood,KROGER,10010 Cypresswood Dr,Houston,TX,77070,2818079095.0,29.9833388,-95.5659001,,True,active,Returned by Kroger official Locations API on 2026-09-01,Kroger official Locations API,2026-09-01T18:57:47.243730+00:00
03400366,Kroger - Antoine Town Center,KROGER,12434 State Highway 249,Houston,TX,77086,2812720005.0,29.9123338,-95.477855,,True,active,Returned by Kroger official Locations API on 2026-09-01,Kroger official Locations API,2026-09-01T18:57:47.243730+00:00
03400739,Kroger - Beltway 8 West,KROGER,9125 W Sam Houston Pkwy N,Houston,TX,77064,2814770701.0,29.9041147,-95.5556225,,True,active,Returned by Kroger official Locations API on 2026-09-01,Kroger official Locations API,2026-09-01T18:57:47.243730+00:00
03400347,Kroger - Bissonett,KROGER,9303 Highway 6 S,Houston,TX,77083,7134742100.0,29.6782723,-95.6410691,,True,active,Returned by Kroger official Locations API on 2026-09-01,Kroger official Locations API,2026-09-01T18:57:47.243730+00:00
03400349,Kroger - Briar Forest,KROGER,1520 Eldridge Pkwy,Houston,TX,77077,2814966063.0,29.7575194,-95.6273977,,True,active,Returned by Kroger official Locations API on 2026-09-01,Kroger official Locations API,2026-09-01T18:57:47.243730+00:00
03400314,Kroger - Buffalo Speedway,KROGER,5150 Buffalo Speedway,Houston,TX,77005,7136618305.0,29.7271706,-95.4308336,,True,active,Returned by Kroger official Locations API on 2026-09-01,Kroger official Locations API,2026-09-01T18:57:47.243730+00:00
03400351,Kroger - Channelview,KROGER,14710 Woodforest Blvd,Houston,TX,77015,7134531175.0,29.789622,-95.1592932,,True,active,Returned by Kroger official Locations API on 2026-09-01,Kroger official Locations API,2026-09-01T18:57:47.243730+00:00
03400161,Kroger - Country Place,KROGER,14344 Memorial Dr,Houston,TX,77079,2814931702.0,29.7711949,-95.5992075,,True,active,Returned by Kroger official Locations API on 2026-09-01,Kroger official Locations API,2026-09-01T18:57:47.243730+00:00
03400371,Kroger - Cypress N Houston,KROGER,12222 Jones Rd,Houston,TX,77070,8329127474.0,29.9517459,-95.5823718,,True,active,Returned by Kroger official Locations API on 2026-09-01,Kroger official Locations API,2026-09-01T18:57:47.243730+00:00
03400395,Kroger - Cypress Station,KROGER,360 Cypress Creek Pkwy,Houston,TX,77090,2813976633.0,30.0215311,-95.4353922,,True,active,Returned by Kroger official Locations API on 2026-09-01,Kroger official Locations API,2026-09-01T18:57:47.243730+00:00
03400735,Kroger - Dairy Ashford,KROGER,12555 Briar Forest Dr,Houston,TX,77077,2814969186.0,29.7524539,-95.605287,,True,active,Returned by Kroger official Locations API on 2026-09-01,Kroger official Locations API,2026-09-01T18:57:47.243730+00:00
03400374,Kroger - Easton Commons,KROGER,8550 Highway 6 N,Houston,TX,77095,2814634573.0,29.9025308,-95.6317137,,True,active,Returned by Kroger official Locations API on 2026-09-01,Kroger official Locations API,2026-09-01T18:57:47.243730+00:00
03400385,Kroger - El Camino Real,KROGER,16400 El Camino Real,Houston,TX,77062,2812862540.0,29.558579,-95.124616,,True,active,Returned by Kroger official Locations API on 2026-09-01,Kroger official Locations API,2026-09-01T18:57:47.243730+00:00
03400300,Kroger - El Dorado,KROGER,1950 El Dorado Blvd,Houston,TX,77062,2814802678.0,29.5779161,-95.1204152,,True,active,Returned by Kroger official Locations API on 2026-09-01,Kroger official Locations API,2026-09-01T18:57:47.243730+00:00
03400396,Kroger - Eldridge Lakes Town Center,KROGER,6350 N Eldridge Pkwy,Houston,TX,77041,7138966101.0,29.8653988,-95.6067981,,True,active,Returned by Kroger official Locations API on 2026-09-01,Kroger official Locations API,2026-09-01T18:57:47.243730+00:00
03400363,Kroger - Elmside,KROGER,9919 Westheimer Rd,Houston,TX,77042,7135325566.0,29.7363883,-95.5452668,,True,active,Returned by Kroger official Locations API on 2026-09-01,Kroger official Locations API,2026-09-01T18:57:47.243730+00:00
03400311,Kroger - Jersey Village,KROGER,9330 Jones Rd,Houston,TX,77065,2818947094.0,29.9082773,-95.5835528,,True,active,Returned by Kroger official Locations API on 2026-09-01,Kroger official Locations API,2026-09-01T18:57:47.243730+00:00
03400740,Kroger - Kirby,KROGER,7747 Kirby Dr,Houston,TX,77030,7136617175.0,29.6958915,-95.4154996,,True,active,Returned by Kroger official Locations API on 2026-09-01,Kroger official Locations API,2026-09-01T18:57:47.243730+00:00
03400313,Kroger - Meyerland,KROGER,10306 S Post Oak Rd,Houston,TX,77035,7137217691.0,29.6693074,-95.4639306,,True,active,Returned by Kroger official Locations API on 2026-09-01,Kroger official Locations API,2026-09-01T18:57:47.243730+00:00
03400356,Kroger - Oak Forest,KROGER,1352 W 43Rd St,Houston,TX,77018,7136810901.0,29.828825,-95.4320364,,True,active,Returned by Kroger official Locations API on 2026-09-01,Kroger official Locations API,2026-09-01T18:57:47.243730+00:00
03400223,Kroger - Polk,KROGER,4000 Polk St,Houston,TX,77023,7132245105.0,29.7397664,-95.3404338,,True,active,Returned by Kroger official Locations API on 2026-09-01,Kroger official Locations API,2026-09-01T18:57:47.243730+00:00
03400355,Kroger - River Oaks,KROGER,1938 W Gray St,Houston,TX,77019,7135211909.0,29.7540862,-95.4054526,,True,active,Returned by Kroger official Locations API on 2026-09-01,Kroger official Locations API,2026-09-01T18:57:47.243730+00:00
03400746,Kroger - Sabo,KROGER,11701 S Sam Houston Pkwy E,Houston,TX,77089,2814847754.0,29.6032731,-95.2148462,,True,active,Returned by Kroger official Locations API on 2026-09-01,Kroger official Locations API,2026-09-01T18:57:47.243730+00:00
03400312,Kroger - Shepherd,KROGER,1035 N Shepherd Dr,Houston,TX,77008,7138804496.0,29.7896671,-95.4111566,,True,active,Returned by Kroger official Locations API on 2026-09-01,Kroger official Locations API,2026-09-01T18:57:47.243730+00:00
03400017,Kroger - Studemont,KROGER,1440 Studemont St,Houston,TX,77007,8327082286.0,29.773344,-95.389864,,True,active,Returned by Kroger official Locations API on 2026-09-01,Kroger official Locations API,2026-09-01T18:57:47.243730+00:00
03400156,Kroger - Telephone Road,KROGER,6322 Telephone Rd,Houston,TX,77087,7136445434.0,29.674677,-95.2910216,,True,active,Returned by Kroger official Locations API on 2026-09-01,Kroger official Locations API,2026-09-01T18:57:47.243730+00:00
03400309,Kroger - Voss,KROGER,1801 S Voss Rd,Houston,TX,77057,7137807497.0,29.7482786,-95.5001017,,True,active,Returned by Kroger official Locations API on 2026-09-01,Kroger official Locations API,2026-09-01T18:57:47.243730+00:00
03400346,Kroger - Wirt,KROGER,1505 Wirt Rd,Houston,TX,77055,7137229800.0,29.7967052,-95.4864659,,True,active,Returned by Kroger official Locations API on 2026-09-01,Kroger official Locations API,2026-09-01T18:57:47.243730+00:00
03400331,Kroger - Woodforest,KROGER,12620 Woodforest Blvd,Houston,TX,77015,7134518121.0,29.7894759,-95.2009541,,True,active,Returned by Kroger official Locations API on 2026-09-01,Kroger official Locations API,2026-09-01T18:57:47.243730+00:00
03400128,Kroger Marketplace - Summerwood,KROGER,14221 E Sam Houston Pkwy N,Houston,TX,77044,2816702057.0,29.9242174,-95.2036449,,True,active,Returned by Kroger official Locations API on 2026-09-01,Kroger official Locations API,2026-09-01T18:57:47.243730+00:00
03400318,Kroger - Atascocita,KROGER,19300 W Lake Houston Pkwy,Humble,TX,77346,2818124422.0,30.001079,-95.1609357,,True,active,Returned by Kroger official Locations API on 2026-09-01,Kroger official Locations API,2026-09-01T18:57:47.243730+00:00
03400190,Kroger - Townsen,KROGER,9475 FM 1960 Bypass Rd W,Humble,TX,77338,2819735089.0,30.007065,-95.281223,,True,active,Returned by Kroger official Locations API on 2026-09-01,Kroger official Locations API,2026-09-01T18:57:47.243730+00:00
03400367,Kroger - Will Clayton,KROGER,3820 Atascocita Rd,Humble,TX,77396,2818122147.0,29.978981,-95.2150261,,True,active,Returned by Kroger official Locations API on 2026-09-01,Kroger official Locations API,2026-09-01T18:57:47.243730+00:00
03400145,Kroger - Huntsville,KROGER,223 Interstate 45 S,Huntsville,TX,77340,9369997000.0,30.709438,-95.568188,,True,active,Returned by Kroger official Locations API on 2026-09-01,Kroger official Locations API,2026-09-01T18:57:47.243730+00:00
03500844,Kroger - Hurst Store,KROGER,708 E Pipeline Rd,Hurst,TX,76053,8172859515.0,32.82255,-97.1590664,,True,active,Returned by Kroger official Locations API on 2026-09-01,Kroger official Locations API,2026-09-01T18:57:47.243730+00:00
03500577,Kroger - Las Colinas,KROGER,7505 N Macarthur Blvd,Irving,TX,75063,9728318357.0,32.908531,-96.960932,,True,active,Returned by Kroger official Locations API on 2026-09-01,Kroger official Locations API,2026-09-01T18:57:47.243730+00:00
03500402,Kroger - Northgate Hills,KROGER,3612 N Belt Line Rd,Irving,TX,75062,9722527413.0,32.855108,-96.9908465,,True,active,Returned by Kroger official Locations API on 2026-09-01,Kroger official Locations API,2026-09-01T18:57:47.243730+00:00
03500495,Kroger - South Irving,KROGER,515 S Macarthur Blvd,Irving,TX,75060,9722598023.0,32.8095186,-96.9609646,,True,active,Returned by Kroger official Locations API on 2026-09-01,Kroger official Locations API,2026-09-01T18:57:47.243730+00:00
03500429,Kroger - Story,KROGER,2201 W Grauwyler Rd,Irving,TX,75061,9727905745.0,32.8294759,-96.9747318,,True,active,Returned by Kroger official Locations API on 2026-09-01,Kroger official Locations API,2026-09-01T18:57:47.243730+00:00
03400733,Kroger - Bay Hill,KROGER,1550 W Grand Pkwy S,Katy,TX,77494,2816930603.0,29.7580735,-95.7784412,,True,active,Returned by Kroger official Locations API on 2026-09-01,Kroger official Locations API,2026-09-01T18:57:47.243730+00:00
03400336,Kroger - Cinco East,KROGER,22150 Westheimer Pkwy,Katy,TX,77450,2818288880.0,29.735585,-95.7538029,,True,active,Returned by Kroger official Locations API on 2026-09-01,Kroger official Locations API,2026-09-01T18:57:47.243730+00:00
03400378,Kroger - Eagle Ranch,KROGER,6055 Fry Rd,Katy,TX,77449,2818585774.0,29.8600669,-95.7216807,,True,active,Returned by Kroger official Locations API on 2026-09-01,Kroger official Locations API,2026-09-01T18:57:47.243730+00:00
03400121,Kroger - Gaston,KROGER,9806 Gaston Rd,Katy,TX,77494,3463073054.0,29.736724,-95.809772,,True,active,Returned by Kroger official Locations API on 2026-09-01,Kroger official Locations API,2026-09-01T18:57:47.243730+00:00
03400146,Kroger Marketplace - Firethorne,KROGER,1712 Spring Green Blvd,Katy,TX,77494,2817694360.0,29.762913,-95.843927,,True,active,Returned by Kroger official Locations API on 2026-09-01,Kroger official Locations API,2026-09-01T18:57:47.243730+00:00
03400122,Kroger Marketplace - Morton,KROGER,2700 W Grand Pkwy N,Katy,TX,77449,3463073084.0,29.812571,-95.770157,,True,active,Returned by Kroger official Locations API on 2026-09-01,Kroger official Locations API,2026-09-01T18:57:47.243730+00:00
03500516,Kroger - Keller Parkway,KROGER,976 Keller Pkwy,Keller,TX,76248,8174315194.0,32.9323694,-97.2302751,,True,active,Returned by Kroger official Locations API on 2026-09-01,Kroger official Locations API,2026-09-01T18:57:47.243730+00:00
03500537,Kroger - Rufe Snow,KROGER,2061 Rufe Snow Dr,Keller,TX,76248,8176058591.0,32.8970386,-97.2368451,,True,active,Returned by Kroger official Locations API on 2026-09-01,Kroger official Locations API,2026-09-01T18:57:47.243730+00:00
03400310,Kroger - Old Kingwood,KROGER,3410 Northpark Dr,Kingwood,TX,77345,2813617343.0,30.0666723,-95.1871526,,True,active,Returned by Kroger official Locations API on 2026-09-01,Kroger official Locations API,2026-09-01T18:57:47.243730+00:00
03400359,Kroger Marketplace - North Park,KROGER,25651 Highway 59 N,Kingwood,TX,77339,2813181194.0,30.0721487,-95.243004,,True,active,Returned by Kroger official Locations API on 2026-09-01,Kroger official Locations API,2026-09-01T18:57:47.243730+00:00
03400319,Kroger - LaPorte,KROGER,1300 W Fairmont Pkwy,La Porte,TX,77571,2818421020.0,29.6537825,-95.032225,,True,active,Returned by Kroger official Locations API on 2026-09-01,Kroger official Locations API,2026-09-01T18:57:47.243730+00:00
03400734,Kroger - Egret Bay,KROGER,250 S Egret Bay Blvd,League City,TX,77573,2813321422.0,29.5193785,-95.0753165,,True,active,Returned by Kroger official Locations API on 2026-09-01,Kroger official Locations API,2026-09-01T18:57:47.243730+00:00
03400398,Kroger - South Shore Harbour,KROGER,2750 E League City Pkwy,League City,TX,77573,2815212560.0,29.5077946,-95.0412982,,True,active,Returned by Kroger official Locations API on 2026-09-01,Kroger official Locations API,2026-09-01T18:57:47.243730+00:00
03400144,Kroger Marketplace - Hobbs,KROGER,1920 W League City Pkwy,League City,TX,77573,2816726104.0,29.488508,-95.113496,,True,active,Returned by Kroger official Locations API on 2026-09-01,Kroger official Locations API,2026-09-01T18:57:47.243730+00:00
03500599,Kroger Marketplace - Castle Hills,KROGER,4620 State Highway 121,Lewisville,TX,75056,4695352479.0,33.0622947,-96.8893145,,True,active,Returned by Kroger official Locations API on 2026-09-01,Kroger official Locations API,2026-09-01T18:57:47.243730+00:00
03500580,Kroger Marketplace - Little Elm,KROGER,2671 Little Elm Pkwy,Little Elm,TX,75068,4698885518.0,33.1704639,-96.8914457,,True,active,Returned by Kroger official Locations API on 2026-09-01,Kroger official Locations API,2026-09-01T18:57:47.243730+00:00
03500597,Kroger Marketplace - Little Elm Marketplace,KROGER,26587 E University Dr,Little Elm,TX,76227,9403439186.0,33.2239041,-96.96641,,True,active,Returned by Kroger official Locations API on 2026-09-01,Kroger official Locations API,2026-09-01T18:57:47.243730+00:00
03500959,Kroger - Longview,KROGER,701 W Marshall Ave,Longview,TX,75601,9037581726.0,32.5000382,-94.7495638,,True,active,Returned by Kroger official Locations API on 2026-09-01,Kroger official Locations API,2026-09-01T18:57:47.243730+00:00
03400389,Kroger - Fish Creek,KROGER,6616 Fm 1488 Rd,Magnolia,TX,77354,9363219885.0,30.2233071,-95.5670727,,True,active,Returned by Kroger official Locations API on 2026-09-01,Kroger official Locations API,2026-09-01T18:57:47.243730+00:00
03500584,Kroger - Matlock,KROGER,3001 Matlock Rd,Mansfield,TX,76063,8174730059.0,32.6071632,-97.1181663,,True,active,Returned by Kroger official Locations API on 2026-09-01,Kroger official Locations API,2026-09-01T18:57:47.243730+00:00
03500594,Kroger Marketplace - Broad St,KROGER,3300 E Broad St,Mansfield,TX,76063,8174355417.0,32.5736961,-97.0834403,,True,active,Returned by Kroger official Locations API on 2026-09-01,Kroger official Locations API,2026-09-01T18:57:47.243730+00:00
03500953,Kroger - Marshall,KROGER,300 E End Blvd N,Marshall,TX,75670,9039387711.0,32.547557,-94.3485635,,True,active,Returned by Kroger official Locations API on 2026-09-01,Kroger official Locations API,2026-09-01T18:57:47.243730+00:00
03500565,Kroger Marketplace - N Lake Forest Drive,KROGER,1801 N Lake Forest Dr,McKinney,TX,75071,4696783881.0,33.216261,-96.6811504,,True,active,Returned by Kroger official Locations API on 2026-09-01,Kroger official Locations API,2026-09-01T18:57:47.243730+00:00
03500984,Kroger - Kroger Melissa,KROGER,2721 Sam Rayburn Hwy,Melissa,TX,75454,4694240291.0,33.2842254,-96.561109,,True,active,Returned by Kroger official Locations API on 2026-09-01,Kroger official Locations API,2026-09-01T18:57:47.243730+00:00
03500893,Kroger - Creek Crossing,KROGER,1919 Faithon P Lucas Sr Blvd,Mesquite,TX,75181,4697260224.0,32.7446098,-96.5536552,,True,active,Returned by Kroger official Locations API on 2026-09-01,Kroger official Locations API,2026-09-01T18:57:47.243730+00:00
03500209,Kroger - Kroger Plaza,KROGER,525 N Galloway Ave,Mesquite,TX,75149,9722885477.0,32.771778,-96.600515,,True,active,Returned by Kroger official Locations API on 2026-09-01,Kroger official Locations API,2026-09-01T18:57:47.243730+00:00
03500450,Kroger - Towne Crossing,KROGER,3600 Gus Thomasson Rd Ste 150,Mesquite,TX,75150,9722703589.0,32.8138433,-96.6333069,,True,active,Returned by Kroger official Locations API on 2026-09-01,Kroger official Locations API,2026-09-01T18:57:47.243730+00:00
03500596,Kroger Marketplace - Midlothian Towne Ctr,KROGER,2200 FM 663,Midlothian,TX,76065,4693362040.0,32.458735,-96.992907,,True,active,Returned by Kroger official Locations API on 2026-09-01,Kroger official Locations API,2026-09-01T18:57:47.243730+00:00
03400334,Kroger - Colony Lakes,KROGER,6200 Highway 6,Missouri City,TX,77459,2812081737.0,29.5635804,-95.5654878,,True,active,Returned by Kroger official Locations API on 2026-09-01,Kroger official Locations API,2026-09-01T18:57:47.243730+00:00
03400009,Kroger - Ft Bend Tollway,KROGER,10250 Highway 6,Missouri City,TX,77459,2814316112.0,29.5296822,-95.5110223,,True,active,Returned by Kroger official Locations API on 2026-09-01,Kroger official Locations API,2026-09-01T18:57:47.243730+00:00
03400142,Kroger Marketplace - Montgomery,KROGER,20168 Eva St,Montgomery,TX,77356,9364497166.0,30.389937,-95.677995,,True,active,Returned by Kroger official Locations API on 2026-09-01,Kroger official Locations API,2026-09-01T18:57:47.243730+00:00
03500990,Kroger - North Street,KROGER,1215 North St,Nacogdoches,TX,75961,9365698226.0,31.6138391,-94.6540922,,True,active,Returned by Kroger official Locations API on 2026-09-01,Kroger official Locations API,2026-09-01T18:57:47.243730+00:00
03500566,Kroger - University Park,KROGER,3205 N University Dr,Nacogdoches,TX,75965,9365699303.0,31.6330037,-94.6413322,,True,active,Returned by Kroger official Locations API on 2026-09-01,Kroger official Locations API,2026-09-01T18:57:47.243730+00:00
03400138,Kroger Marketplace - Valley Ranch,KROGER,22030 Market Place Dr,New Caney,TX,77357,2817475088.0,30.133213,-95.236755,,True,active,Returned by Kroger official Locations API on 2026-09-01,Kroger official Locations API,2026-09-01T18:57:47.243730+00:00
03500807,Kroger - Greater Richland Plaza,KROGER,7201 Boulevard 26,North Richland Hills,TX,76180,8172814007.0,32.8248823,-97.2277724,,True,active,Returned by Kroger official Locations API on 2026-09-01,Kroger official Locations API,2026-09-01T18:57:47.243730+00:00
03500582,Kroger - The Crossing,KROGER,9135 Boulevard 26 STE 250,North Richland Hills,TX,76180,8176053392.0,32.8547227,-97.1903794,,True,active,Returned by Kroger official Locations API on 2026-09-01,Kroger official Locations API,2026-09-01T18:57:47.243730+00:00
03500535,Kroger Marketplace - North Tarrant Marketplace,KROGER,9150 N Tarrant Pkwy,North Richland Hills,TX,76182,8179183348.0,32.901939,-97.188962,,True,active,Returned by Kroger official Locations API on 2026-09-01,Kroger official Locations API,2026-09-01T18:57:47.243730+00:00
03400950,Kroger - Orange,KROGER,1600 N 16Th St,Orange,TX,77630,4098838521.0,30.1057221,-93.7464361,,True,active,Returned by Kroger official Locations API on 2026-09-01,Kroger official Locations API,2026-09-01T18:57:47.243730+00:00
03500431,Kroger - Palestine,KROGER,325 E Spring St,Palestine,TX,75801,9037295108.0,31.7631822,-95.6277496,,True,active,Returned by Kroger official Locations API on 2026-09-01,Kroger official Locations API,2026-09-01T18:57:47.243730+00:00
03500957,Kroger - Paris,KROGER,1310 Clarksville St,Paris,TX,75460,9037855591.0,33.6576212,-95.5421823,,True,active,Returned by Kroger official Locations API on 2026-09-01,Kroger official Locations API,2026-09-01T18:57:47.243730+00:00
03400337,Kroger - Kroger Junction,KROGER,2619 Red Bluff Rd,Pasadena,TX,77506,7134750925.0,29.6966036,-95.1737224,,True,active,Returned by Kroger official Locations API on 2026-09-01,Kroger official Locations API,2026-09-01T18:57:47.243730+00:00
03400322,Kroger - Red Bluff,KROGER,6767 Spencer Hwy,Pasadena,TX,77505,2819982561.0,29.6654233,-95.1352796,,True,active,Returned by Kroger official Locations API on 2026-09-01,Kroger official Locations API,2026-09-01T18:57:47.243730+00:00
03400354,Kroger - Spencer Square,KROGER,3550 Spencer Hwy,Pasadena,TX,77504,7139444555.0,29.6634041,-95.1895964,,True,active,Returned by Kroger official Locations API on 2026-09-01,Kroger official Locations API,2026-09-01T18:57:47.243730+00:00
03400343,Kroger - Cullen,KROGER,8323 Broadway St,Pearland,TX,77581,2819976400.0,29.56056,-95.3489198,,True,active,Returned by Kroger official Locations API on 2026-09-01,Kroger official Locations API,2026-09-01T18:57:47.243730+00:00
03400264,Kroger - Old Pearland,KROGER,3245 Broadway St,Pearland,TX,77581,2814856014.0,29.5606099,-95.2715022,,True,active,Returned by Kroger official Locations API on 2026-09-01,Kroger official Locations API,2026-09-01T18:57:47.243730+00:00
03400308,Kroger - Shadow Creek,KROGER,11003 Shadow Creek Pkwy,Pearland,TX,77584,2816691230.0,29.5830687,-95.389849,,True,active,Returned by Kroger official Locations API on 2026-09-01,Kroger official Locations API,2026-09-01T18:57:47.243730+00:00
03500698,Kroger - 121 and Coit Kroger,KROGER,9617 Coit Rd,Plano,TX,75024,4692520943.0,33.1104879,-96.7687969,,True,active,Returned by Kroger official Locations API on 2026-09-01,Kroger official Locations API,2026-09-01T18:57:47.243730+00:00
03500581,Kroger - Custer Park,KROGER,2925 Custer Rd,Plano,TX,75075,9726123280.0,33.0388317,-96.7351998,,True,active,Returned by Kroger official Locations API on 2026-09-01,Kroger official Locations API,2026-09-01T18:57:47.243730+00:00
03500522,Kroger - Legacy Village,KROGER,7100 Independence Pkwy,Plano,TX,75025,9724912594.0,33.0734103,-96.7486095,,True,active,Returned by Kroger official Locations API on 2026-09-01,Kroger official Locations API,2026-09-01T18:57:47.243730+00:00
03500563,Kroger - Los Rios,KROGER,4017 14Th St,Plano,TX,75074,9724234805.0,33.0154308,-96.6556188,,True,active,Returned by Kroger official Locations API on 2026-09-01,Kroger official Locations API,2026-09-01T18:57:47.243730+00:00
03500540,Kroger - Windhaven Plaza,KROGER,3305 Dallas Pkwy,Plano,TX,75093,9726084698.0,33.0476448,-96.83197,,True,active,Returned by Kroger official Locations API on 2026-09-01,Kroger official Locations API,2026-09-01T18:57:47.243730+00:00
03500573,Kroger Marketplace - Shops at Prosper Trail,KROGER,1250 N Preston Rd,Prosper,TX,75078,9723465209.0,33.249771,-96.782391,,True,active,Returned by Kroger official Locations API on 2026-09-01,Kroger official Locations API,2026-09-01T18:57:47.243730+00:00
03500589,Kroger Marketplace - Windsong Ranch Marketplace,KROGER,4650 W University Dr,Prosper,TX,75078,9723465243.0,33.220715,-96.877603,,True,active,Returned by Kroger official Locations API on 2026-09-01,Kroger official Locations API,2026-09-01T18:57:47.243730+00:00
03500526,Kroger - Buckingham,KROGER,536 Centennial Blvd,Richardson,TX,75081,9724372233.0,32.9364567,-96.7206467,,True,active,Returned by Kroger official Locations API on 2026-09-01,Kroger official Locations API,2026-09-01T18:57:47.243730+00:00
03500517,Kroger - Coit,KROGER,160 N Coit Rd,Richardson,TX,75080,9726640990.0,32.9532468,-96.7673296,,True,active,Returned by Kroger official Locations API on 2026-09-01,Kroger official Locations API,2026-09-01T18:57:47.243730+00:00
03400392,Kroger - Clodine,KROGER,6425 FM 1464 Rd,Richmond,TX,77407,2812775353.0,29.7086816,-95.6859098,,True,active,Returned by Kroger official Locations API on 2026-09-01,Kroger official Locations API,2026-09-01T18:57:47.243730+00:00
03400038,Kroger - Southpark Cinco,KROGER,25050 FM 1093 Rd,Richmond,TX,77406,8325867375.0,29.700373,-95.8117549,,True,active,Returned by Kroger official Locations API on 2026-09-01,Kroger official Locations API,2026-09-01T18:57:47.243730+00:00
03400397,Kroger Marketplace - Waterside,KROGER,8011 W Grand Pkwy S,Richmond,TX,77407,2813412760.0,29.6639089,-95.7382645,,True,active,Returned by Kroger official Locations API on 2026-09-01,Kroger official Locations API,2026-09-01T18:57:47.243730+00:00
03500574,Kroger - North Rockwall,KROGER,1950 N Goliad St,Rockwall,TX,75087,4696516026.0,32.949731,-96.460318,,True,active,Returned by Kroger official Locations API on 2026-09-01,Kroger official Locations API,2026-09-01T18:57:47.243730+00:00
03500575,Kroger - Rockwall,KROGER,2935 Ridge Rd,Rockwall,TX,75032,9728821255.0,32.8886536,-96.4710446,,True,active,Returned by Kroger official Locations API on 2026-09-01,Kroger official Locations API,2026-09-01T18:57:47.243730+00:00
03400010,Kroger Marketplace - Rosenberg,KROGER,24401 Brazos Town Xing,Rosenberg,TX,77471,2812321230.0,29.5415251,-95.7507484,,True,active,Returned by Kroger official Locations API on 2026-09-01,Kroger official Locations API,2026-09-01T18:57:47.243730+00:00
03500461,Kroger - Sachse,KROGER,5190 Highway 78,Sachse,TX,75048,9726752111.0,32.9688762,-96.6036595,,True,active,Returned by Kroger official Locations API on 2026-09-01,Kroger official Locations API,2026-09-01T18:57:47.243730+00:00
03400342,Kroger - Seabrook,KROGER,1905 El Mar Ln,Seabrook,TX,77586,2814744001.0,29.568918,-95.0255079,,True,active,Returned by Kroger official Locations API on 2026-09-01,Kroger official Locations API,2026-09-01T18:57:47.243730+00:00
03500824,Kroger - Sherman,KROGER,1820 N Loy Lake Rd,Sherman,TX,75090,9038936788.0,33.6562501,-96.6071793,,True,active,Returned by Kroger official Locations API on 2026-09-01,Kroger official Locations API,2026-09-01T18:57:47.243730+00:00
03500512,Kroger - Southlake Village Center,KROGER,2110 E Southlake Blvd,Southlake,TX,76092,8174218105.0,32.942842,-97.121898,,True,active,Returned by Kroger official Locations API on 2026-09-01,Kroger official Locations API,2026-09-01T18:57:47.243730+00:00
03400307,Kroger - Champion,KROGER,15802 Champion Forest Dr,Spring,TX,77379,2813709530.0,30.0029764,-95.5316182,,True,active,Returned by Kroger official Locations API on 2026-09-01,Kroger official Locations API,2026-09-01T18:57:47.243730+00:00
03400373,Kroger - Imperial Oaks,KROGER,2301 Rayford Rd,Spring,TX,77386,8328130300.0,30.1243945,-95.4073559,,True,active,Returned by Kroger official Locations API on 2026-09-01,Kroger official Locations API,2026-09-01T18:57:47.243730+00:00
03400376,Kroger - Kuykendahl Louetta,KROGER,18518 Kuykendahl Rd,Spring,TX,77379,2813503630.0,30.0404074,-95.4862146,,True,active,Returned by Kroger official Locations API on 2026-09-01,Kroger official Locations API,2026-09-01T18:57:47.243730+00:00
03400130,Kroger - Springwoods Village,KROGER,2150 Spring Stuebner Rd,Spring,TX,77389,2816020312.0,30.085446,-95.448363,,True,active,Returned by Kroger official Locations API on 2026-09-01,Kroger official Locations API,2026-09-01T18:57:47.243730+00:00
03400738,Kroger - Stables,KROGER,8745 Spring Cypress Rd,Spring,TX,77379,8327174100.0,30.0327425,-95.552755,,True,active,Returned by Kroger official Locations API on 2026-09-01,Kroger official Locations API,2026-09-01T18:57:47.243730+00:00
03400358,Kroger - Treaschwig,KROGER,5671 Treaschwig Rd,Spring,TX,77373,2814438806.0,30.0457619,-95.34811,,True,active,Returned by Kroger official Locations API on 2026-09-01,Kroger official Locations API,2026-09-01T18:57:47.243730+00:00
03400137,Kroger Marketplace - Birnham Woods,KROGER,3731 Riley Fuzzel Rd,Spring,TX,77386,2816020282.0,30.1173018,-95.380744,,True,active,Returned by Kroger official Locations API on 2026-09-01,Kroger official Locations API,2026-09-01T18:57:47.243730+00:00
03400131,Kroger - Riverstone,KROGER,18861 University Blvd,Sugar Land,TX,77479,8323429648.0,29.5517454,-95.5841622,,True,active,Returned by Kroger official Locations API on 2026-09-01,Kroger official Locations API,2026-09-01T18:57:47.243730+00:00
03400320,Kroger - Sweetwater,KROGER,4825 Sweetwater Blvd,Sugar Land,TX,77479,2814946500.0,29.5853732,-95.6332847,,True,active,Returned by Kroger official Locations API on 2026-09-01,Kroger official Locations API,2026-09-01T18:57:47.243730+00:00
03400375,Kroger - West Airport,KROGER,11565 S Highway 6,Sugar Land,TX,77498,2813401500.0,29.6479694,-95.6494359,,True,active,Returned by Kroger official Locations API on 2026-09-01,Kroger official Locations API,2026-09-01T18:57:47.243730+00:00
03400108,Kroger - Texas City,KROGER,3541 Palmer Hwy,Texas City,TX,77590,4099483471.0,29.3934765,-94.949374,,True,active,Returned by Kroger official Locations API on 2026-09-01,Kroger official Locations API,2026-09-01T18:57:47.243730+00:00
03400732,Kroger - Alden Bridge,KROGER,8000 Research Forest Dr,The Woodlands,TX,77382,2814191116.0,30.2107473,-95.5280016,,True,active,Returned by Kroger official Locations API on 2026-09-01,Kroger official Locations API,2026-09-01T18:57:47.243730+00:00
03400316,Kroger - Cochrans Crossing,KROGER,4747 Research Forest Dr,The Woodlands,TX,77381,2813671591.0,30.1852772,-95.490503,,True,active,Returned by Kroger official Locations API on 2026-09-01,Kroger official Locations API,2026-09-01T18:57:47.243730+00:00
03400390,Kroger - Tomball,KROGER,14060 FM 2920 Rd,Tomball,TX,77377,2815162184.0,30.092031,-95.63428,,True,active,Returned by Kroger official Locations API on 2026-09-01,Kroger official Locations API,2026-09-01T18:57:47.243730+00:00
03400117,Kroger Marketplace - West Rayford,KROGER,24350 Kuykendahl Rd,Tomball,TX,77375,2812050532.0,30.1147978,-95.552451,,True,active,Returned by Kroger official Locations API on 2026-09-01,Kroger official Locations API,2026-09-01T18:57:47.243730+00:00
03400014,Kroger Marketplace - Willis,KROGER,12605 Interstate 45 N,Willis,TX,77318,9368905083.0,30.422273,-95.494585,,True,active,Returned by Kroger official Locations API on 2026-09-01,Kroger official Locations API,2026-09-01T18:57:47.243730+00:00
03500578,Kroger Marketplace - Wylie,KROGER,2608 W FM 544,Wylie,TX,75098,9722447680.0,33.008667,-96.575187,,True,active,Returned by Kroger official Locations API on 2026-09-01,Kroger official Locations API,2026-09-01T18:57:47.243730+00:00
02900406,Kroger - Appomattox,KROGER,7789 Richmond Hwy,Appomattox,VA,24522,4343520817.0,37.3659656,-78.8444999,,True,active,Returned by Kroger official Locations API on 2026-09-01,Kroger official Locations API,2026-09-01T18:57:47.243730+00:00
02900402,Kroger - Gables,KROGER,1322 S Main St,Blacksburg,VA,24060,5409537004.0,37.2167784,-80.4027343,,True,active,Returned by Kroger official Locations API on 2026-09-01,Kroger official Locations API,2026-09-01T18:57:47.243730+00:00
02900210,Kroger - University City,KROGER,903 University City Blvd,Blacksburg,VA,24060,5409513045.0,37.2354892,-80.4352626,,True,active,Returned by Kroger official Locations API on 2026-09-01,Kroger official Locations API,2026-09-01T18:57:47.243730+00:00
02900335,Kroger - Bristol,KROGER,130 Stateline Ctr,Bristol,VA,24201,2766420031.0,36.5962501,-82.2153137,,True,active,Returned by Kroger official Locations API on 2026-09-01,Kroger official Locations API,2026-09-01T18:57:47.243730+00:00
02900359,Kroger - Barracks Road,KROGER,1159 Emmet St N,Charlottesville,VA,22903,4342935176.0,38.0535892,-78.5006568,,True,active,Returned by Kroger official Locations API on 2026-09-01,Kroger official Locations API,2026-09-01T18:57:47.243730+00:00
02900334,Kroger - Rio Hill,KROGER,1980 Rio Hill Ctr,Charlottesville,VA,22901,4349781311.0,38.0892084,-78.4740311,,True,active,Returned by Kroger official Locations API on 2026-09-01,Kroger official Locations API,2026-09-01T18:57:47.243730+00:00
02900572,Kroger - Chesapeake Kroger,KROGER,309 Battlefield Blvd S,Chesapeake,VA,23322,7574823377.0,36.714967,-76.237417,,True,active,Returned by Kroger official Locations API on 2026-09-01,Kroger official Locations API,2026-09-01T18:57:47.243730+00:00
02900578,Kroger - Mt Pleasant Kroger,KROGER,1464 Mount Pleasant Rd,Chesapeake,VA,23322,7572174030.0,36.716656,-76.187727,,True,active,Returned by Kroger official Locations API on 2026-09-01,Kroger official Locations API,2026-09-01T18:57:47.243730+00:00
02900557,Kroger Marketplace - Greenbrier Square Shopping Center,KROGER,1653 Sentinel Dr,Chesapeake,VA,23320,7573897326.0,36.778298,-76.253951,,True,active,Returned by Kroger official Locations API on 2026-09-01,Kroger official Locations API,2026-09-01T18:57:47.243730+00:00
02900520,Kroger - Breckenridge,KROGER,12726 Route 1,Chester,VA,23831,8044147000.0,37.3519264,-77.4148647,,True,active,Returned by Kroger official Locations API on 2026-09-01,Kroger official Locations API,2026-09-01T18:57:47.243730+00:00
02900524,Kroger Marketplace - Iron Bridge Marketplace,KROGER,10800 Iron Bridge Rd,Chester,VA,23831,8043185579.0,37.367386,-77.501722,,True,active,Returned by Kroger official Locations API on 2026-09-01,Kroger official Locations API,2026-09-01T18:57:47.243730+00:00
02900345,Kroger - Christiansburg,KROGER,555 N Franklin St,Christiansburg,VA,24073,5403818710.0,37.1361244,-80.4117031,,True,active,Returned by Kroger official Locations API on 2026-09-01,Kroger official Locations API,2026-09-01T18:57:47.243730+00:00
02900118,Kroger - Clifton Forge,KROGER,1618 Main St,Clifton Forge,VA,24422,5406912020.0,37.816521,-79.8090816,,True,active,Returned by Kroger official Locations API on 2026-09-01,Kroger official Locations API,2026-09-01T18:57:47.243730+00:00
02900364,Kroger - Daleville,KROGER,72 Kingston Dr,Daleville,VA,24083,5402546010.0,37.3968707,-79.9111764,,True,active,Returned by Kroger official Locations API on 2026-09-01,Kroger official Locations API,2026-09-01T18:57:47.243730+00:00
02900215,Kroger - Fairlawn,KROGER,7480 Lee Hwy,Fairlawn,VA,24141,5406390311.0,37.1416095,-80.5804881,,True,active,Returned by Kroger official Locations API on 2026-09-01,Kroger official Locations API,2026-09-01T18:57:47.243730+00:00
02900377,Kroger - Forest,KROGER,15069 Forest Rd,Forest,VA,24551,4345340020.0,37.3641567,-79.2949382,,True,active,Returned by Kroger official Locations API on 2026-09-01,Kroger official Locations API,2026-09-01T18:57:47.243730+00:00
02900573,Kroger - Grafton Kroger,KROGER,6500 George Washington Mem Hwy Ste C,Grafton,VA,23692,7579471240.0,37.1730607,-76.4725823,,True,active,Returned by Kroger official Locations API on 2026-09-01,Kroger official Locations API,2026-09-01T18:57:47.243730+00:00
02900543,Kroger - Hampton,KROGER,1050 W Mercury Blvd,Hampton,VA,23666,7572510443.0,37.044892,-76.383417,,True,active,Returned by Kroger official Locations API on 2026-09-01,Kroger official Locations API,2026-09-01T18:57:47.243730+00:00
02900199,Kroger - Hardy Fuel,KROGER,12788 Booker T Washington Hwy,Hardy,VA,24101,5409124555.0,37.120838,-79.7285495,,True,active,Returned by Kroger official Locations API on 2026-09-01,Kroger official Locations API,2026-09-01T18:57:47.243730+00:00
02900399,Kroger - Smith Mountain Lake,KROGER,80 Westlake Rd,Hardy,VA,24101,5407213102.0,37.1179775,-79.7190137,,True,active,Returned by Kroger official Locations API on 2026-09-01,Kroger official Locations API,2026-09-01T18:57:47.243730+00:00
02900310,Kroger - Harrisonburg,KROGER,1790 E Market St,Harrisonburg,VA,22801,5404321830.0,38.4316385,-78.8406856,,True,active,Returned by Kroger official Locations API on 2026-09-01,Kroger official Locations API,2026-09-01T18:57:47.243730+00:00
02900577,Kroger - Hayes Kroger,KROGER,7254 Hayes Shopping Ctr,Hayes,VA,23072,8046426101.0,37.29393,-76.511687,,True,active,Returned by Kroger official Locations API on 2026-09-01,Kroger official Locations API,2026-09-01T18:57:47.243730+00:00
02900500,Kroger - West Broad,KROGER,9480 W Broad St,Henrico,VA,23294,8042700933.0,37.6411047,-77.55518,,True,active,Returned by Kroger official Locations API on 2026-09-01,Kroger official Locations API,2026-09-01T18:57:47.243730+00:00
02900519,Kroger Marketplace - Staples Mill Marketplace,KROGER,9000 Staples Mill Rd,Henrico,VA,23228,8049779514.0,37.6400449,-77.5154884,,True,active,Returned by Kroger official Locations API on 2026-09-01,Kroger official Locations API,2026-09-01T18:57:47.243730+00:00
02900404,Kroger - Lexington,KROGER,422 E Nelson St,Lexington,VA,24450,5404643309.0,37.7808696,-79.4361553,,True,active,Returned by Kroger official Locations API on 2026-09-01,Kroger official Locations API,2026-09-01T18:57:47.243730+00:00
02900408,Kroger - Boonsboro,KROGER,4119 Boonsboro Rd,Lynchburg,VA,24503,4343842415.0,37.4423929,-79.2039943,,True,active,Returned by Kroger official Locations API on 2026-09-01,Kroger official Locations API,2026-09-01T18:57:47.243730+00:00
02900327,Kroger - Brookville,KROGER,7805 Timberlake Rd,Lynchburg,VA,24502,4342375738.0,37.3541197,-79.2268709,,True,active,Returned by Kroger official Locations API on 2026-09-01,Kroger official Locations API,2026-09-01T18:57:47.243730+00:00
02900326,Kroger - Wards Road,KROGER,2012 Wards Rd,Lynchburg,VA,24502,4342396018.0,37.3749965,-79.1835381,,True,active,Returned by Kroger official Locations API on 2026-09-01,Kroger official Locations API,2026-09-01T18:57:47.243730+00:00
02900350,Kroger - Martinsville,KROGER,240 Commonwealth Blvd W,Martinsville,VA,24112,2766664001.0,36.697591,-79.8760504,,True,active,Returned by Kroger official Locations API on 2026-09-01,Kroger official Locations API,2026-09-01T18:57:47.243730+00:00
02900529,Kroger Marketplace - Kroger Marketplace,KROGER,6468 Mechanicsville Tpke,Mechanicsville,VA,23111,8042772990.0,37.61546,-77.32939,,True,active,Returned by Kroger official Locations API on 2026-09-01,Kroger official Locations API,2026-09-01T18:57:47.243730+00:00
02900515,Kroger Marketplace - Rutland Marketplace,KROGER,9351 Atlee Rd,Mechanicsville,VA,23116,8045698240.0,37.651862,-77.4023142,,True,active,Returned by Kroger official Locations API on 2026-09-01,Kroger official Locations API,2026-09-01T18:57:47.243730+00:00
02900505,Kroger - Bellgrade,KROGER,3001 Polo Pkwy,Midlothian,VA,23113,8043791395.0,37.525986,-77.608528,,True,active,Returned by Kroger official Locations API on 2026-09-01,Kroger official Locations API,2026-09-01T18:57:47.243730+00:00
02900523,Kroger - Midlothian,KROGER,14101 Midlothian Tpke,Midlothian,VA,23113,8045941640.0,37.5044545,-77.6636743,,True,active,Returned by Kroger official Locations API on 2026-09-01,Kroger official Locations API,2026-09-01T18:57:47.243730+00:00
02900512,Kroger - Swift Creek,KROGER,13201 Rittenhouse Dr,Midlothian,VA,23112,8047635400.0,37.4154331,-77.638893,,True,active,Returned by Kroger official Locations API on 2026-09-01,Kroger official Locations API,2026-09-01T18:57:47.243730+00:00
02900501,Kroger - Hicks,KROGER,2821 Hicks Rd,North Chesterfield,VA,23235,8046752288.0,37.4619237,-77.5484941,,True,active,Returned by Kroger official Locations API on 2026-09-01,Kroger official Locations API,2026-09-01T18:57:47.243730+00:00
02900514,Kroger Marketplace - Stonebridge,KROGER,7000 Tim Price Way,North Chesterfield,VA,23225,8047728540.0,37.498952,-77.52557,,True,active,Returned by Kroger official Locations API on 2026-09-01,Kroger official Locations API,2026-09-01T18:57:47.243730+00:00
02900542,Kroger - Portsmouth Kroger,KROGER,1301 Frederick Blvd,Portsmouth,VA,23707,7572154205.0,36.8278206,-76.3364933,,True,active,Returned by Kroger official Locations API on 2026-09-01,Kroger official Locations API,2026-09-01T18:57:47.243730+00:00
02900504,Kroger - Carytown,KROGER,3507 W Cary St,Richmond,VA,23221,8042541975.0,37.5544269,-77.4879735,,True,active,Returned by Kroger official Locations API on 2026-09-01,Kroger official Locations API,2026-09-01T18:57:47.243730+00:00
02900525,Kroger - Eastridge,KROGER,1510 Eastridge Rd,Richmond,VA,23229,8042882730.0,37.6036466,-77.5618116,,True,active,Returned by Kroger official Locations API on 2026-09-01,Kroger official Locations API,2026-09-01T18:57:47.243730+00:00
02900503,Kroger - Gayton Crossing,KROGER,1356 Gaskins Rd,Richmond,VA,23238,8047401718.0,37.6066106,-77.5921409,,True,active,Returned by Kroger official Locations API on 2026-09-01,Kroger official Locations API,2026-09-01T18:57:47.243730+00:00
02900502,Kroger - Laburnum,KROGER,4816 S Laburnum Ave,Richmond,VA,23231,8042220240.0,37.5197952,-77.351953,,True,active,Returned by Kroger official Locations API on 2026-09-01,Kroger official Locations API,2026-09-01T18:57:47.243730+00:00
02900511,Kroger - Lombardy,KROGER,901 N Lombardy St,Richmond,VA,23220,8042133620.0,37.5559553,-77.4538601,,True,active,Returned by Kroger official Locations API on 2026-09-01,Kroger official Locations API,2026-09-01T18:57:47.243730+00:00
02900517,Kroger - Short Pump,KROGER,11895 W Broad St,Richmond,VA,23233,8043602643.0,37.6528767,-77.6257764,,True,active,Returned by Kroger official Locations API on 2026-09-01,Kroger official Locations API,2026-09-01T18:57:47.243730+00:00
02900509,Kroger - Willow Lawn,KROGER,1601 Willow Lawn Dr Ste 1,Richmond,VA,23230,8042882885.0,37.5800889,-77.4992451,,True,active,Returned by Kroger official Locations API on 2026-09-01,Kroger official Locations API,2026-09-01T18:57:47.243730+00:00
02900391,Kroger - Bonsack,KROGER,3970 Valley Gateway Blvd,Roanoke,VA,24012,5409776480.0,37.3129851,-79.8799901,,True,active,Returned by Kroger official Locations API on 2026-09-01,Kroger official Locations API,2026-09-01T18:57:47.243730+00:00
02900401,Kroger - Brambleton,KROGER,4404 Brambleton Ave,Roanoke,VA,24018,5407760050.0,37.2240862,-80.011781,,True,active,Returned by Kroger official Locations API on 2026-09-01,Kroger official Locations API,2026-09-01T18:57:47.243730+00:00
02900375,Kroger - Cave Spring Corners,KROGER,3971 Brambleton Ave,Roanoke,VA,24018,5407740861.0,37.2331066,-80.0090473,,True,active,Returned by Kroger official Locations API on 2026-09-01,Kroger official Locations API,2026-09-01T18:57:47.243730+00:00
02900209,Kroger - Hollins,KROGER,7223 Williamson Rd,Roanoke,VA,24019,5405630110.0,37.3454411,-79.9545141,,True,active,Returned by Kroger official Locations API on 2026-09-01,Kroger official Locations API,2026-09-01T18:57:47.243730+00:00
02900208,Kroger - Peters Creek Fuel,KROGER,3651 Peters Creek Rd NW,Roanoke,VA,24019,5405633061.0,37.3241145,-79.993607,,True,active,Returned by Kroger official Locations API on 2026-09-01,Kroger official Locations API,2026-09-01T18:57:47.243730+00:00
02900202,Kroger - Tanglewood,KROGER,4488 Electric Rd,Roanoke,VA,24018,5409894434.0,37.2332055,-79.9765167,,True,active,Returned by Kroger official Locations API on 2026-09-01,Kroger official Locations API,2026-09-01T18:57:47.243730+00:00
02900400,Kroger - Towers,KROGER,614 Brandon Ave Sw,Roanoke,VA,24015,5403421017.0,37.256175,-79.956016,,True,active,Returned by Kroger official Locations API on 2026-09-01,Kroger official Locations API,2026-09-01T18:57:47.243730+00:00
02900325,Kroger - Towne Square,KROGER,5050 Rutgers St Nw,Roanoke,VA,24012,5403625990.0,37.3171968,-79.9654969,,True,active,Returned by Kroger official Locations API on 2026-09-01,Kroger official Locations API,2026-09-01T18:57:47.243730+00:00
02900347,Kroger - Rocky Mount,KROGER,400 Old Franklin Tpke Ste 110,Rocky Mount,VA,24151,5404831002.0,37.0115094,-79.8658615,,True,active,Returned by Kroger official Locations API on 2026-09-01,Kroger official Locations API,2026-09-01T18:57:47.243730+00:00
02900320,Kroger - - Ridgewood Farms,KROGER,1925 Electric Rd,Salem,VA,24153,5403752600.0,37.2643375,-80.0350184,,True,active,Returned by Kroger official Locations API on 2026-09-01,Kroger official Locations API,2026-09-01T18:57:47.243730+00:00
02900330,Kroger - Lakeside,KROGER,161 Electric Rd,Salem,VA,24153,5409860009.0,37.2967495,-80.0291275,,True,active,Returned by Kroger official Locations API on 2026-09-01,Kroger official Locations API,2026-09-01T18:57:47.243730+00:00
02900226,Kroger - Spartan Square,KROGER,1477 W Main St,Salem,VA,24153,5403872481.0,37.2906453,-80.0831415,,True,active,Returned by Kroger official Locations API on 2026-09-01,Kroger official Locations API,2026-09-01T18:57:47.243730+00:00
02900575,Kroger - Smithfield Kroger,KROGER,1282 Smithfield Plz,Smithfield,VA,23430,7573572137.0,36.955618,-76.603377,,True,active,Returned by Kroger official Locations API on 2026-09-01,Kroger official Locations API,2026-09-01T18:57:47.243730+00:00
02900343,Kroger - Staunton,KROGER,850 Statler Blvd,Staunton,VA,24401,5408859866.0,38.1392166,-79.068779,,True,active,Returned by Kroger official Locations API on 2026-09-01,Kroger official Locations API,2026-09-01T18:57:47.243730+00:00
02900580,Kroger - North Main Suffolk,KROGER,1401 N Main St,Suffolk,VA,23434,7575394800.0,36.74948,-76.585462,,True,active,Returned by Kroger official Locations API on 2026-09-01,Kroger official Locations API,2026-09-01T18:57:47.243730+00:00
02900554,Kroger Marketplace - University Suffolk,KROGER,1017 University Blvd,Suffolk,VA,23435,7573354536.0,36.872355,-76.42044,,True,active,Returned by Kroger official Locations API on 2026-09-01,Kroger official Locations API,2026-09-01T18:57:47.243730+00:00
02900322,Kroger - Vinton,KROGER,915 Hardy Rd,Vinton,VA,24179,5403457017.0,37.2718692,-79.8871144,,True,active,Returned by Kroger official Locations API on 2026-09-01,Kroger official Locations API,2026-09-01T18:57:47.243730+00:00
02900539,Kroger - Kroger King Richard,KROGER,3330 Virginia Beach Blvd,Virginia Beach,VA,23452,7574860040.0,36.8440745,-76.0882684,,True,active,Returned by Kroger official Locations API on 2026-09-01,Kroger official Locations API,2026-09-01T18:57:47.243730+00:00
02900537,Kroger - Providence,KROGER,975 Providence Sq Shopping Ctr,Virginia Beach,VA,23464,7574958093.0,36.8122513,-76.167841,,True,active,Returned by Kroger official Locations API on 2026-09-01,Kroger official Locations API,2026-09-01T18:57:47.243730+00:00
02900533,Kroger - Republic Road,KROGER,1800 Republic Rd,Virginia Beach,VA,23454,7574224271.0,36.8523856,-76.0280787,,True,active,Returned by Kroger official Locations API on 2026-09-01,Kroger official Locations API,2026-09-01T18:57:47.243730+00:00
02900532,Kroger - Shore Drive,KROGER,4625 Shore Dr,Virginia Beach,VA,23455,7574600343.0,36.9030363,-76.1304624,,True,active,Returned by Kroger official Locations API on 2026-09-01,Kroger official Locations API,2026-09-01T18:57:47.243730+00:00
02900540,Kroger Marketplace - Holland Road,KROGER,3901 Holland Rd,Virginia Beach,VA,23452,7579950400.0,36.8132715,-76.1111927,,True,active,Returned by Kroger official Locations API on 2026-09-01,Kroger official Locations API,2026-09-01T18:57:47.243730+00:00
02900228,Kroger - Downtown Waynesboro,KROGER,245 Arch Ave,Waynesboro,VA,22980,5404475000.0,38.0656139,-78.8885241,,True,active,Returned by Kroger official Locations API on 2026-09-01,Kroger official Locations API,2026-09-01T18:57:47.243730+00:00
02900555,Kroger - Kiln Creek Kroger,KROGER,5007 Victory Blvd,Yorktown,VA,23693,7572347981.0,37.113543,-76.466555,,True,active,Returned by Kroger official Locations API on 2026-09-01,Kroger official Locations API,2026-09-01T18:57:47.243730+00:00
02900788,Kroger - Barboursville,KROGER,5465 US Route 60,Barboursville,WV,25504,3047333370.0,38.4156976,-82.3025786,,True,active,Returned by Kroger official Locations API on 2026-09-01,Kroger official Locations API,2026-09-01T18:57:47.243730+00:00
02900770,Kroger - Beaver,KROGER,151 N Beaver Ln,Beaver,WV,25813,3042555525.0,37.7507853,-81.1365177,,True,active,Returned by Kroger official Locations API on 2026-09-01,Kroger official Locations API,2026-09-01T18:57:47.243730+00:00
02900790,Kroger - Beckley Crossing,KROGER,133 Beckley Crossing SHPG CTR,Beckley,WV,25801,3042525573.0,37.8012928,-81.1816577,,True,active,Returned by Kroger official Locations API on 2026-09-01,Kroger official Locations API,2026-09-01T18:57:47.243730+00:00
02900805,Kroger - Harper Road,KROGER,1734 Harper Rd,Beckley,WV,25801,3042540520.0,37.7891065,-81.2025531,,True,active,Returned by Kroger official Locations API on 2026-09-01,Kroger official Locations API,2026-09-01T18:57:47.243730+00:00
02900722,Kroger - Buckhannon,KROGER,80 Skyline Plaza Dr,Buckhannon,WV,26201,3044720918.0,38.9735058,-80.2308613,,True,active,Returned by Kroger official Locations API on 2026-09-01,Kroger official Locations API,2026-09-01T18:57:47.243730+00:00
02900763,Kroger - Cross Lanes,KROGER,5450 Big Tyler Rd,Charleston,WV,25313,3047765063.0,38.4275163,-81.7865233,,True,active,Returned by Kroger official Locations API on 2026-09-01,Kroger official Locations API,2026-09-01T18:57:47.243730+00:00
02900778,Kroger - Delaware Ave,KROGER,500 Delaware Ave,Charleston,WV,25302,3043426995.0,38.3627458,-81.6448892,,True,active,Returned by Kroger official Locations API on 2026-09-01,Kroger official Locations API,2026-09-01T18:57:47.243730+00:00
02900772,Kroger - Kanawha City,KROGER,5717 Maccorkle Ave Se,Charleston,WV,25304,3049255447.0,38.3112419,-81.5652377,,True,active,Returned by Kroger official Locations API on 2026-09-01,Kroger official Locations API,2026-09-01T18:57:47.243730+00:00
02900786,Kroger - Kroger Charleston Fuel,KROGER,101 Mullins Rd,Charleston,WV,25314,,38.34195,-81.66406,,True,active,Returned by Kroger official Locations API on 2026-09-01,Kroger official Locations API,2026-09-01T18:57:47.243730+00:00
02900785,Kroger - South Hills,KROGER,1100 Fledderjohn Rd,Charleston,WV,25314,3043428807.0,38.3398665,-81.6774653,,True,active,Returned by Kroger official Locations API on 2026-09-01,Kroger official Locations API,2026-09-01T18:57:47.243730+00:00
02900774,Kroger - Clarksburg,KROGER,102 Emily Dr,Clarksburg,WV,26301,3045663912.0,39.279107,-80.279628,,True,active,Returned by Kroger official Locations API on 2026-09-01,Kroger official Locations API,2026-09-01T18:57:47.243730+00:00
02900817,Kroger - Danville,KROGER,3265 Smoot Ave,Danville,WV,25053,3043691935.0,38.074603,-81.821733,,True,active,Returned by Kroger official Locations API on 2026-09-01,Kroger official Locations API,2026-09-01T18:57:47.243730+00:00
02900730,Kroger - Elkins,KROGER,450 11Th St,Elkins,WV,26241,3046366888.0,38.9187102,-79.8438147,,True,active,Returned by Kroger official Locations API on 2026-09-01,Kroger official Locations API,2026-09-01T18:57:47.243730+00:00
02900807,Kroger - Elkview,KROGER,223 Crossings Mall Rd,Elkview,WV,25071,3049652750.0,38.45936,-81.49904,,True,active,Returned by Kroger official Locations API on 2026-09-01,Kroger official Locations API,2026-09-01T18:57:47.243730+00:00
02900743,Kroger - Hinton,KROGER,307 Stokes Dr,Hinton,WV,25951,3044848010.0,37.6600022,-80.8910937,,True,active,Returned by Kroger official Locations API on 2026-09-01,Kroger official Locations API,2026-09-01T18:57:47.243730+00:00
02900792,Kroger - 5Th Avenue,KROGER,2627 5Th Ave,Huntington,WV,25702,3045290670.0,38.4252641,-82.4067332,,True,active,Returned by Kroger official Locations API on 2026-09-01,Kroger official Locations API,2026-09-01T18:57:47.243730+00:00
02900782,Kroger - 7Th Ave,KROGER,19 7Th Ave W,Huntington,WV,25701,3045221201.0,38.4138346,-82.4567304,,True,active,Returned by Kroger official Locations API on 2026-09-01,Kroger official Locations API,2026-09-01T18:57:47.243730+00:00
02900668,Kroger - Logan,KROGER,25 Holden Rd,Logan,WV,25601,3042392261.0,37.845058,-82.014419,,True,active,Returned by Kroger official Locations API on 2026-09-01,Kroger official Locations API,2026-09-01T18:57:47.243730+00:00
02900754,Kroger - Marmet,KROGER,10635 Maccorkle Ave,Marmet,WV,25315,3049496124.0,38.2400889,-81.5599386,,True,active,Returned by Kroger official Locations API on 2026-09-01,Kroger official Locations API,2026-09-01T18:57:47.243730+00:00
02900714,Kroger - Patteson,KROGER,350 Patteson Dr,Morgantown,WV,26505,3045995324.0,39.6504833,-79.9682114,,True,active,Returned by Kroger official Locations API on 2026-09-01,Kroger official Locations API,2026-09-01T18:57:47.243730+00:00
02900755,Kroger - Sabraton,KROGER,1851 Earl L Core Rd,Morgantown,WV,26505,3042967146.0,39.6222006,-79.9249216,,True,active,Returned by Kroger official Locations API on 2026-09-01,Kroger official Locations API,2026-09-01T18:57:47.243730+00:00
02900813,Kroger - Suncrest,KROGER,500 Suncrest Town Centre Dr,Morgantown,WV,26505,3042856780.0,39.6508736,-79.9413753,,True,active,Returned by Kroger official Locations API on 2026-09-01,Kroger official Locations API,2026-09-01T18:57:47.243730+00:00
01600977,Kroger - Moundsville,KROGER,1212 Lafayette Ave,Moundsville,WV,26041,3048458116.0,39.9109599,-80.7459382,,True,active,Returned by Kroger official Locations API on 2026-09-01,Kroger official Locations API,2026-09-01T18:57:47.243730+00:00
02900780,Kroger - Oak Hill,KROGER,411 Mall Rd,Oak Hill,WV,25901,3044692921.0,38.0124177,-81.1276549,,True,active,Returned by Kroger official Locations API on 2026-09-01,Kroger official Locations API,2026-09-01T18:57:47.243730+00:00
02900752,Kroger - 7th Street,KROGER,2007 7Th St,Parkersburg,WV,26101,3044246369.0,39.2698071,-81.5213775,,True,active,Returned by Kroger official Locations API on 2026-09-01,Kroger official Locations API,2026-09-01T18:57:47.243730+00:00
02900753,Kroger - Division,KROGER,930 Division St,Parkersburg,WV,26101,3044288533.0,39.2494206,-81.5574612,,True,active,Returned by Kroger official Locations API on 2026-09-01,Kroger official Locations API,2026-09-01T18:57:47.243730+00:00
02900316,Kroger - Princeton,KROGER,1229 Stafford Dr,Princeton,WV,24740,3044876136.0,37.3606644,-81.0950314,,True,active,Returned by Kroger official Locations API on 2026-09-01,Kroger official Locations API,2026-09-01T18:57:47.243730+00:00
02900734,Kroger - Rainelle,KROGER,406 John Raine Dr,Rainelle,WV,25962,3044388951.0,37.966503,-80.7748258,,True,active,Returned by Kroger official Locations API on 2026-09-01,Kroger official Locations API,2026-09-01T18:57:47.243730+00:00
02900708,Kroger - Ripley,KROGER,106 McGraw St,Ripley,WV,25271,3043728221.0,38.8197513,-81.7218611,,True,active,Returned by Kroger official Locations API on 2026-09-01,Kroger official Locations API,2026-09-01T18:57:47.243730+00:00
02900765,Kroger - Fairlea,KROGER,178 Red Oaks Shopping Ctr,Ronceverte,WV,24970,3046457411.0,37.7682688,-80.467048,,True,active,Returned by Kroger official Locations API on 2026-09-01,Kroger official Locations API,2026-09-01T18:57:47.243730+00:00
02900725,Kroger - St Albans,KROGER,1439 Maccorkle Ave,Saint Albans,WV,25177,3047224248.0,38.3871888,-81.8262146,,True,active,Returned by Kroger official Locations API on 2026-09-01,Kroger official Locations API,2026-09-01T18:57:47.243730+00:00
02900794,Kroger - Scott Depot,KROGER,101 Great Teays Blvd,Scott Depot,WV,25560,3047577915.0,38.451511,-81.933844,,True,active,Returned by Kroger official Locations API on 2026-09-01,Kroger official Locations API,2026-09-01T18:57:47.243730+00:00
02900795,Kroger - Park Place,KROGER,3060 Ray Park Blvd,South Charleston,WV,25303,6813199750.0,38.3635339,-81.710366,,True,active,Returned by Kroger official Locations API on 2026-09-01,Kroger official Locations API,2026-09-01T18:57:47.243730+00:00
01600803,Kroger - Weirton,KROGER,100 Saint Thomas Dr,Weirton,WV,26062,3047235165.0,40.3967719,-80.5540849,,True,active,Returned by Kroger official Locations API on 2026-09-01,Kroger official Locations API,2026-09-01T18:57:47.243730+00:00
01600268,Kroger - Wellsburg,KROGER,91 27Th St,Wellsburg,WV,26070,3042436220.0,40.2906033,-80.6089879,,True,active,Returned by Kroger official Locations API on 2026-09-01,Kroger official Locations API,2026-09-01T18:57:47.243730+00:00
01600562,Kroger - Mt DeChantal,KROGER,200 Mount De Chantal Rd,Wheeling,WV,26003,3042335480.0,40.0738199,-80.6996599,,True,active,Returned by Kroger official Locations API on 2026-09-01,Kroger official Locations API,2026-09-01T18:57:47.243730+00:00
01600202,Kroger - Warwood,KROGER,1241 Warwood Ave,Wheeling,WV,26003,3042773260.0,40.114094,-80.699739,,True,active,Returned by Kroger official Locations API on 2026-09-01,Kroger official Locations API,2026-09-01T18:57:47.243730+00:00
