location_id,name,brand,address,city,state,zip_code,phone,latitude,longitude,website,is_kroger_banner,status,status_basis,source,api_collected_at_utc,department_count
61500318,Baker's - Galvin Rd Bakers on Galvin Road,BAKERS,801 Galvin Rd S,Bellevue,NE,68005,4022927070,41.1532885,-95.9157582,,False,active,Returned by Kroger official Locations API on 2026-09-01,Kroger official Locations API,2026-09-01T20:17:21.472587+00:00,31
61500300,Baker's - Twincreek,BAKERS,3614 Twin Creek Dr,Bellevue,NE,68123,4022923992,41.1424307,-95.9687454,,False,active,Returned by Kroger official Locations API on 2026-09-01,Kroger official Locations API,2026-09-01T20:17:21.472587+00:00,39
61500323,Baker's - Fremont,BAKERS,1531 N Bell St,Fremont,NE,68025,4027278622,41.4433803,-96.4852676,,False,active,Returned by Kroger official Locations API on 2026-09-01,Kroger official Locations API,2026-09-01T20:17:21.472587+00:00,26
61500301,Baker's - Benson Plaza Bakers,BAKERS,4405 N 72Nd St,Omaha,NE,68134,4025713057,41.2983665,-96.0221417,,False,active,Returned by Kroger official Locations API on 2026-09-01,Kroger official Locations API,2026-09-01T20:17:21.472587+00:00,32
61500315,Baker's - Eagle Run,BAKERS,13250 W Maple Rd,Omaha,NE,68164,4024969200,41.2946151,-96.1214874,,False,active,Returned by Kroger official Locations API on 2026-09-01,Kroger official Locations API,2026-09-01T20:17:21.472587+00:00,43
61500320,Baker's - Lakeside,BAKERS,17370 Lakeside Hills Plz,Omaha,NE,68130,4023332454,41.2360633,-96.1862438,,False,active,Returned by Kroger official Locations API on 2026-09-01,Kroger official Locations API,2026-09-01T20:17:21.472587+00:00,42
61500321,Baker's - Pepperwood,BAKERS,505 N 155Th Plz,Omaha,NE,68154,4024985717,41.263934,-96.1549669,,False,active,Returned by Kroger official Locations API on 2026-09-01,Kroger official Locations API,2026-09-01T20:17:21.472587+00:00,40
61500311,Baker's - Plaza North 90th St,BAKERS,5555 N 90th St,Omaha,NE,68134,4025716850,41.308659,-96.050636,,False,active,Returned by Kroger official Locations API on 2026-09-01,Kroger official Locations API,2026-09-01T20:17:21.472587+00:00,29
61500319,Baker's - Saddlecreek,BAKERS,888 S Saddle Creek Rd,Omaha,NE,68106,4025510613,41.2509107,-95.9870201,,False,active,Returned by Kroger official Locations API on 2026-09-01,Kroger official Locations API,2026-09-01T20:17:21.472587+00:00,38
61500316,Baker's - Weber,BAKERS,7312 N 30Th St,Omaha,NE,68112,4024517070,41.326175,-95.958872,,False,active,Returned by Kroger official Locations API on 2026-09-01,Kroger official Locations API,2026-09-01T20:17:21.472587+00:00,25
61500302,Baker's - Westwood Bakers,BAKERS,12025 W Center Rd,Omaha,NE,68144,4023345290,41.232696,-96.1017947,,False,active,Returned by Kroger official Locations API on 2026-09-01,Kroger official Locations API,2026-09-01T20:17:21.472587+00:00,33
62000422,City Market - Alamosa,CITYMARKET,131 Market St,Alamosa,CO,81101,7195892492,37.4758336,-105.8916844,,False,active,Returned by Kroger official Locations API on 2026-09-01,Kroger official Locations API,2026-09-01T20:17:21.472587+00:00,30
62000416,City Market - Aspen,CITYMARKET,711 E Cooper Ave,Aspen,CO,81611,9709252590,39.1871992,-106.8157882,,False,active,Returned by Kroger official Locations API on 2026-09-01,Kroger official Locations API,2026-09-01T20:17:21.472587+00:00,21
62000499,City Market - Aspen Pharmacy,CITYMARKET,685 E Cooper Ave,Aspen,CO,81611,9709207230,39.187424,-106.816734,,False,active,Returned by Kroger official Locations API on 2026-09-01,Kroger official Locations API,2026-09-01T20:17:21.472587+00:00,6
62000426,City Market - Avon,CITYMARKET,72 Beaver Creek Pl,Avon,CO,81620,9709495409,39.633836,-106.517577,,False,active,Returned by Kroger official Locations API on 2026-09-01,Kroger official Locations API,2026-09-01T20:17:21.472587+00:00,36
62000430,City Market - Breckenridge,CITYMARKET,400 N Park Ave,Breckenridge,CO,80424,9704530818,39.488771,-106.046866,,False,active,Returned by Kroger official Locations API on 2026-09-01,Kroger official Locations API,2026-09-01T20:17:21.472587+00:00,29
62000437,City Market - Buena Vista,CITYMARKET,438 US Highway 24 N,Buena Vista,CO,81211,7193952431,38.836912,-106.131222,,False,active,Returned by Kroger official Locations API on 2026-09-01,Kroger official Locations API,2026-09-01T20:17:21.472587+00:00,19
62000417,City Market - Canon City,CITYMARKET,1703 Fremont Dr,Canon City,CO,81212,7192751595,38.4487203,-105.2238959,,False,active,Returned by Kroger official Locations API on 2026-09-01,Kroger official Locations API,2026-09-01T20:17:21.472587+00:00,29
62000447,City Market - Carbondale,CITYMARKET,905 Highway 133,Carbondale,CO,81623,9702335205,39.40326,-107.222205,,False,active,Returned by Kroger official Locations API on 2026-09-01,Kroger official Locations API,2026-09-01T20:17:21.472587+00:00,27
62000408,City Market - Cortez,CITYMARKET,508 E Main St,Cortez,CO,81321,9705656504,37.3494882,-108.5777694,,False,active,Returned by Kroger official Locations API on 2026-09-01,Kroger official Locations API,2026-09-01T20:17:21.472587+00:00,29
62000415,City Market - Craig,CITYMARKET,505 W Victory Way,Craig,CO,81625,9708246515,40.5150144,-107.5538186,,False,active,Returned by Kroger official Locations API on 2026-09-01,Kroger official Locations API,2026-09-01T20:17:21.472587+00:00,19
62000404,City Market - Delta,CITYMARKET,122 Gunnison River Dr,Delta,CO,81416,9708749718,38.7475539,-108.0722945,,False,active,Returned by Kroger official Locations API on 2026-09-01,Kroger official Locations API,2026-09-01T20:17:21.472587+00:00,21
62000420,City Market - Dillon Ridge Road,CITYMARKET,300 Dillon Ridge Way,Dillon,CO,80435,9704682363,39.630504,-106.055478,,False,active,Returned by Kroger official Locations API on 2026-09-01,Kroger official Locations API,2026-09-01T20:17:21.472587+00:00,36
62000421,City Market - Main Avenue Durango,CITYMARKET,3130 Main Ave,Durango,CO,81301,9702590240,37.2999012,-107.870071,,False,active,Returned by Kroger official Locations API on 2026-09-01,Kroger official Locations API,2026-09-01T20:17:21.472587+00:00,28
62000406,City Market - South Durango,CITYMARKET,6 Town PLZ,Durango,CO,81301,9702474475,37.2742404,-107.8824442,,False,active,Returned by Kroger official Locations API on 2026-09-01,Kroger official Locations API,2026-09-01T20:17:21.472587+00:00,33
62000434,City Market - Eagle,CITYMARKET,13 Market St,Eagle,CO,81631,9703281302,39.6628011,-106.8258317,,False,active,Returned by Kroger official Locations API on 2026-09-01,Kroger official Locations API,2026-09-01T20:17:21.472587+00:00,26
62000433,City Market - El Jebel,CITYMARKET,250 E Valley Rd,El Jebel,CO,81623,9709633360,39.3914178,-107.0875876,,False,active,Returned by Kroger official Locations API on 2026-09-01,Kroger official Locations API,2026-09-01T20:17:21.472587+00:00,30
62000413,City Market - Fruita,CITYMARKET,135 S Plum St,Fruita,CO,81521,9708589506,39.1577506,-108.7352014,,False,active,Returned by Kroger official Locations API on 2026-09-01,Kroger official Locations API,2026-09-01T20:17:21.472587+00:00,26
62000405,City Market - Glenwood Springs,CITYMARKET,1410 Grand Ave,Glenwood Springs,CO,81601,9709458207,39.5386301,-107.3232532,,False,active,Returned by Kroger official Locations API on 2026-09-01,Kroger official Locations API,2026-09-01T20:17:21.472587+00:00,30
62000446,City Market - Granby,CITYMARKET,1001 Thompson Rd,Granby,CO,80446,9708877140,40.062807,-105.929407,,False,active,Returned by Kroger official Locations API on 2026-09-01,Kroger official Locations API,2026-09-01T20:17:21.472587+00:00,29
62000444,City Market - 12th Street Grand Junction,CITYMARKET,2600 N 12th St,Grand Junction,CO,81501,9706287555,39.090791,-108.550707,,False,active,Returned by Kroger official Locations API on 2026-09-01,Kroger official Locations API,2026-09-01T20:17:21.472587+00:00,38
62000451,City Market - 24 Road Grand Junction,CITYMARKET,630 24 Rd,Grand Junction,CO,81505,9702448100,39.0967788,-108.6070626,,False,active,Returned by Kroger official Locations API on 2026-09-01,Kroger official Locations API,2026-09-01T20:17:21.472587+00:00,33
62000425,City Market - Clifton,CITYMARKET,569 32 Rd,Grand Junction,CO,81504,9704349603,39.0874893,-108.4614428,,False,active,Returned by Kroger official Locations API on 2026-09-01,Kroger official Locations API,2026-09-01T20:17:21.472587+00:00,27
62000401,City Market - Orchard Mesa,CITYMARKET,2770 Highway 50,Grand Junction,CO,81503,9702451411,39.0399609,-108.5389668,,False,active,Returned by Kroger official Locations API on 2026-09-01,Kroger official Locations API,2026-09-01T20:17:21.472587+00:00,24
62000419,City Market - Gunnison,CITYMARKET,880 N Main St,Gunnison,CO,81230,9706413816,38.5532667,-106.9253503,,False,active,Returned by Kroger official Locations API on 2026-09-01,Kroger official Locations API,2026-09-01T20:17:21.472587+00:00,32
62000429,City Market - Hotchkiss,CITYMARKET,215 6th St,Hotchkiss,CO,81419,9708085080,38.7996133,-107.712441,,False,active,Returned by Kroger official Locations API on 2026-09-01,Kroger official Locations API,2026-09-01T20:17:21.472587+00:00,19
62000403,City Market - Downtown Montrose,CITYMARKET,128 S Townsend Ave,Montrose,CO,81401,9702493405,38.4766602,-107.8777482,,False,active,Returned by Kroger official Locations API on 2026-09-01,Kroger official Locations API,2026-09-01T20:17:21.472587+00:00,24
62000440,City Market - South Montrose,CITYMARKET,16400 S Townsend Ave,Montrose,CO,81401,9702403236,38.4528667,-107.8648684,,False,active,Returned by Kroger official Locations API on 2026-09-01,Kroger official Locations API,2026-09-01T20:17:21.472587+00:00,34
62000441,City Market - New Castle,CITYMARKET,850 Castle Valley Blvd,New Castle,CO,81647,9709849715,39.5686385,-107.5137036,,False,active,Returned by Kroger official Locations API on 2026-09-01,Kroger official Locations API,2026-09-01T20:17:21.472587+00:00,16
62000445,City Market - Pagosa,CITYMARKET,165 Country Center Dr,Pagosa Springs,CO,81147,9707316000,37.2571364,-107.0762517,,False,active,Returned by Kroger official Locations API on 2026-09-01,Kroger official Locations API,2026-09-01T20:17:21.472587+00:00,29
62000443,City Market - Rifle,CITYMARKET,1320 Railroad Ave,Rifle,CO,81650,9706253080,39.5425664,-107.782684,,False,active,Returned by Kroger official Locations API on 2026-09-01,Kroger official Locations API,2026-09-01T20:17:21.472587+00:00,22
62000414,City Market - Steamboat Springs,CITYMARKET,1825 Central Park Dr,Steamboat Springs,CO,80487,9708793290,40.4630805,-106.8215977,,False,active,Returned by Kroger official Locations API on 2026-09-01,Kroger official Locations API,2026-09-01T20:17:21.472587+00:00,33
62000442,City Market - Vail,CITYMARKET,2109 N Frontage Rd W,Vail,CO,81657,9704761017,39.63242,-106.416406,,False,active,Returned by Kroger official Locations API on 2026-09-01,Kroger official Locations API,2026-09-01T20:17:21.472587+00:00,24
62000431,City Market - Gold Hill Woodland Park,CITYMARKET,777 Gold Hill Pl S,Woodland Park,CO,80863,7196873592,38.9912382,-105.0591432,,False,active,Returned by Kroger official Locations API on 2026-09-01,Kroger official Locations API,2026-09-01T20:17:21.472587+00:00,23
62000410,City Market - Moab,CITYMARKET,425 S Main St,Moab,UT,84532,4354125121,38.5669581,-109.5492495,,False,active,Returned by Kroger official Locations API on 2026-09-01,Kroger official Locations API,2026-09-01T20:17:21.472587+00:00,29
62000412,City Market - Rawlins,CITYMARKET,602 N Higley Blvd,Rawlins,WY,82301,3073281421,41.7946075,-107.2173541,,False,active,Returned by Kroger official Locations API on 2026-09-01,Kroger official Locations API,2026-09-01T20:17:21.472587+00:00,23
61500085,Dillons Marketplace - Andover Marketplace,DILLONS,225 E Cloud Ave,Andover,KS,67002,3167333720,37.676928,-97.1330589,,False,active,Returned by Kroger official Locations API on 2026-09-01,Kroger official Locations API,2026-09-01T20:17:21.472587+00:00,51
61500038,Dillons - Ark City Dillons Summit Vine Dillons,DILLONS,425 N Summit St,Arkansas City,KS,67005,6204427931,37.0665729,-97.0399322,,False,active,Returned by Kroger official Locations API on 2026-09-01,Kroger official Locations API,2026-09-01T20:17:21.472587+00:00,24
61500018,Dillons - Augusta Dillons,DILLONS,1510 Ohio St,Augusta,KS,67010,3167755443,37.6909718,-96.9699708,,False,active,Returned by Kroger official Locations API on 2026-09-01,Kroger official Locations API,2026-09-01T20:17:21.472587+00:00,25
61500050,Dillons - Colby Dillons,DILLONS,1605 S Range Ave,Colby,KS,67701,7854621300,39.3741781,-101.0531466,,False,active,Returned by Kroger official Locations API on 2026-09-01,Kroger official Locations API,2026-09-01T20:17:21.472587+00:00,26
61500057,Dillons - Little Dillons Baby Dillons,DILLONS,200 W Greenway St,Derby,KS,67037,3167882809,37.5580231,-97.2721672,,False,active,Returned by Kroger official Locations API on 2026-09-01,Kroger official Locations API,2026-09-01T20:17:21.472587+00:00,14
61500083,Dillons Marketplace - Derby Marketplace,DILLONS,1624 N Rock Rd,Derby,KS,67037,3165542120,37.5636666,-97.2412639,,False,active,Returned by Kroger official Locations API on 2026-09-01,Kroger official Locations API,2026-09-01T20:17:21.472587+00:00,53
61500001,Dillons - Dodge City Dillons,DILLONS,1700 N 14Th Ave,Dodge City,KS,67801,6202256130,37.7647784,-100.0314798,,False,active,Returned by Kroger official Locations API on 2026-09-01,Kroger official Locations API,2026-09-01T20:17:21.472587+00:00,31
61500029,Dillons - El Dorados Best El Dorado Dillons,DILLONS,700 N Main St,El Dorado,KS,67042,3163210332,37.825213,-96.847924,,False,active,Returned by Kroger official Locations API on 2026-09-01,Kroger official Locations API,2026-09-01T20:17:21.472587+00:00,30
61500039,Dillons - Emporia Dillons 12th Lakeview Dillons,DILLONS,902 E 12Th Ave,Emporia,KS,66801,6203432360,38.4129842,-96.1675826,,False,active,Returned by Kroger official Locations API on 2026-09-01,Kroger official Locations API,2026-09-01T20:17:21.472587+00:00,22
61500005,Dillons - Dillons East,DILLONS,1305 E Kansas Ave,Garden City,KS,67846,6202754274,37.9764768,-100.8579413,,False,active,Returned by Kroger official Locations API on 2026-09-01,Kroger official Locations API,2026-09-01T20:17:21.472587+00:00,30
61500060,Dillons - Jones Ave Dillons West Dillons,DILLONS,1211 Buffalo Jones Ave,Garden City,KS,67846,6202750151,37.9766476,-100.8846112,,False,active,Returned by Kroger official Locations API on 2026-09-01,Kroger official Locations API,2026-09-01T20:17:21.472587+00:00,26
61500051,Dillons - Big Dillons 10th Street Dillons,DILLONS,4107 10Th St,Great Bend,KS,67530,6207923591,38.3599667,-98.7941046,,False,active,Returned by Kroger official Locations API on 2026-09-01,Kroger official Locations API,2026-09-01T20:17:21.472587+00:00,30
61500003,Dillons - North Store 19th Main,DILLONS,1811 Main St,Great Bend,KS,67530,6207937887,38.3703081,-98.7656017,,False,active,Returned by Kroger official Locations API on 2026-09-01,Kroger official Locations API,2026-09-01T20:17:21.472587+00:00,15
61500704,Dillons - Greensburg,DILLONS,203 W Kansas Ave,Greensburg,KS,67054,6207232224,37.605786,-99.294799,,False,active,Returned by Kroger official Locations API on 2026-09-01,Kroger official Locations API,2026-09-01T20:17:21.472587+00:00,12
61500061,Dillons - Big Dillons Vine Street Dillons,DILLONS,1902 Vine St,Hays,KS,67601,7856286137,38.875425,-99.3163489,,False,active,Returned by Kroger official Locations API on 2026-09-01,Kroger official Locations API,2026-09-01T20:17:21.472587+00:00,36
61500014,Dillons - Little Dillons Hall Street Dillons,DILLONS,515 W 27th St,Hays,KS,67601,7856281016,38.8862339,-99.3353089,,False,active,Returned by Kroger official Locations API on 2026-09-01,Kroger official Locations API,2026-09-01T20:17:21.472587+00:00,23
61500010,Dillons - 4th Street Dillons on 4th,DILLONS,725 E 4Th Ave,Hutchinson,KS,67501,6206623316,38.0570601,-97.9161782,,False,active,Returned by Kroger official Locations API on 2026-09-01,Kroger official Locations API,2026-09-01T20:17:21.472587+00:00,27
61500025,Dillons - 5th Adams Dillons 5th Street Dillons,DILLONS,206 W 5Th Ave,Hutchinson,KS,67501,6206634464,38.0592909,-97.9362941,,False,active,Returned by Kroger official Locations API on 2026-09-01,Kroger official Locations API,2026-09-01T20:17:21.472587+00:00,27
61500008,Dillons - Little Dillons Main Street Dillons,DILLONS,1321 N Main St,Hutchinson,KS,67501,6206621273,38.0680302,-97.9322571,,False,active,Returned by Kroger official Locations API on 2026-09-01,Kroger official Locations API,2026-09-01T20:17:21.472587+00:00,13
61500097,Dillons Marketplace - Hutch Marketplace,DILLONS,3200 Plaza East Dr,Hutchinson,KS,67502,6206655579,38.0890901,-97.895862,,False,active,Returned by Kroger official Locations API on 2026-09-01,Kroger official Locations API,2026-09-01T20:17:21.472587+00:00,46
61500044,Dillons - JC Dillons Junction City Dillons,DILLONS,618 W 6Th St,Junction City,KS,66441,7852382141,39.0290296,-96.8400809,,False,active,Returned by Kroger official Locations API on 2026-09-01,Kroger official Locations API,2026-09-01T20:17:21.472587+00:00,36
61500009,Dillons - Larned Dillons,DILLONS,423 Main St,Larned,KS,67550,6202853171,38.178162,-99.1005843,,False,active,Returned by Kroger official Locations API on 2026-09-01,Kroger official Locations API,2026-09-01T20:17:21.472587+00:00,17
61500170,Dillons - At the Crossing Dillons,DILLONS,2205 Iowa St,Lawrence,KS,66046,7858413366,38.944214,-95.261901,,False,active,Returned by Kroger official Locations API on 2026-09-01,Kroger official Locations API,2026-09-01T20:17:21.472587+00:00,42
61500098,Dillons - Dapper Dillons,DILLONS,1740 Massachusetts St,Lawrence,KS,66044,7858422942,38.9518574,-95.2352949,,False,active,Returned by Kroger official Locations API on 2026-09-01,Kroger official Locations API,2026-09-01T20:17:21.472587+00:00,39
61500068,Dillons - Lawrence Ave Dillons,DILLONS,3000 W 6Th St,Lawrence,KS,66049,7858430652,38.9726352,-95.2716393,,False,active,Returned by Kroger official Locations API on 2026-09-01,Kroger official Locations API,2026-09-01T20:17:21.472587+00:00,36
61500019,Dillons - Wakarusa Dillons,DILLONS,4701 W 6Th St,Lawrence,KS,66049,7858380100,38.9702211,-95.304068,,False,active,Returned by Kroger official Locations API on 2026-09-01,Kroger official Locations API,2026-09-01T20:17:21.472587+00:00,43
61500040,Dillons - Leavenworth Dillons,DILLONS,720 Eisenhower Rd,Leavenworth,KS,66048,9132503500,39.2679367,-94.9200065,,False,active,Returned by Kroger official Locations API on 2026-09-01,Kroger official Locations API,2026-09-01T20:17:21.472587+00:00,33
61500073,Dillons - Liberal Dillons,DILLONS,1417 N Kansas Ave,Liberal,KS,67901,6206264227,37.05355,-100.920279,,False,active,Returned by Kroger official Locations API on 2026-09-01,Kroger official Locations API,2026-09-01T20:17:21.472587+00:00,27
61500015,Dillons - East Dillons,DILLONS,130 Sarber Ln,Manhattan,KS,66502,7857769285,39.1826908,-96.5560699,,False,active,Returned by Kroger official Locations API on 2026-09-01,Kroger official Locations API,2026-09-01T20:17:21.472587+00:00,40
61500094,Dillons - Westloop Store,DILLONS,1101 Westloop Pl,Manhattan,KS,66502,7855397631,39.1914668,-96.6111358,,False,active,Returned by Kroger official Locations API on 2026-09-01,Kroger official Locations API,2026-09-01T20:17:21.472587+00:00,47
61500036,Dillons - McPherson,DILLONS,1320 N Main St,Mc Pherson,KS,67460,6202416084,38.3834074,-97.6656704,,False,active,Returned by Kroger official Locations API on 2026-09-01,Kroger official Locations API,2026-09-01T20:17:21.472587+00:00,30
61500032,Dillons - Mulvane,DILLONS,1203 N 2Nd Ave,Mulvane,KS,67110,3167771159,37.4866879,-97.2452175,,False,active,Returned by Kroger official Locations API on 2026-09-01,Kroger official Locations API,2026-09-01T20:17:21.472587+00:00,13
61500084,Dillons - North Dillons,DILLONS,1216 N Main St,Newton,KS,67114,3162834180,38.0564088,-97.3428343,,False,active,Returned by Kroger official Locations API on 2026-09-01,Kroger official Locations API,2026-09-01T20:17:21.472587+00:00,31
61500077,Dillons - South Dillons Small Dillons,DILLONS,1410 S Kansas Ave,Newton,KS,67114,3162843720,38.0276455,-97.3343538,,False,active,Returned by Kroger official Locations API on 2026-09-01,Kroger official Locations API,2026-09-01T20:17:21.472587+00:00,28
61500108,Dillons - Pittsburg Dillons,DILLONS,2600 N Broadway St,Pittsburg,KS,66762,6202323300,37.4320742,-94.7036474,,False,active,Returned by Kroger official Locations API on 2026-09-01,Kroger official Locations API,2026-09-01T20:17:21.472587+00:00,25
61500023,Dillons - Pratt Dillons,DILLONS,1108 E 1St St,Pratt,KS,67124,6206725597,37.6465387,-98.7276217,,False,active,Returned by Kroger official Locations API on 2026-09-01,Kroger official Locations API,2026-09-01T20:17:21.472587+00:00,27
61500095,Dillons - Ohio and Cloud Dillons,DILLONS,1235 E Cloud St,Salina,KS,67401,7858278775,38.813746,-97.592327,,False,active,Returned by Kroger official Locations API on 2026-09-01,Kroger official Locations API,2026-09-01T20:17:21.472587+00:00,28
61500074,Dillons - Planet Avenue Dillons,DILLONS,2350 Planet Ave,Salina,KS,67401,7858239403,38.7995496,-97.6149182,,False,active,Returned by Kroger official Locations API on 2026-09-01,Kroger official Locations API,2026-09-01T20:17:21.472587+00:00,36
61500041,Dillons - Sunset Plaza Dillons,DILLONS,1201 W Crawford St,Salina,KS,67401,7858278743,38.8260115,-97.6236547,,False,active,Returned by Kroger official Locations API on 2026-09-01,Kroger official Locations API,2026-09-01T20:17:21.472587+00:00,27
61500007,Dillons - Sterling Dillons,DILLONS,212 S Broadway Ave,Sterling,KS,67579,6202782311,38.2080439,-98.2064226,,False,active,Returned by Kroger official Locations API on 2026-09-01,Kroger official Locations API,2026-09-01T20:17:21.472587+00:00,13
61500088,Dillons - 10th Gage Dillons Fleming Place Dillons,DILLONS,4015 Sw 10Th Ave,Topeka,KS,66604,7852288700,39.0504939,-95.7274241,,False,active,Returned by Kroger official Locations API on 2026-09-01,Kroger official Locations API,2026-09-01T20:17:21.472587+00:00,29
61500047,Dillons - Brookwood Dillons,DILLONS,2815 Sw 29Th St,Topeka,KS,66614,7852720661,39.0141362,-95.7132721,,False,active,Returned by Kroger official Locations API on 2026-09-01,Kroger official Locations API,2026-09-01T20:17:21.472587+00:00,28
61500067,Dillons - Cali California Dillons,DILLONS,2010 SE 29th St,Topeka,KS,66605,7852671797,39.0165768,-95.6499508,,False,active,Returned by Kroger official Locations API on 2026-09-01,Kroger official Locations API,2026-09-01T20:17:21.472587+00:00,40
61500087,Dillons - Fairlawn Dillons,DILLONS,5311 SW 22nd Pl,Topeka,KS,66614,7852288760,39.0266857,-95.7446748,,False,active,Returned by Kroger official Locations API on 2026-09-01,Kroger official Locations API,2026-09-01T20:17:21.472587+00:00,46
61500054,Dillons - North Dillons,DILLONS,800 NW 25th St,Topeka,KS,66618,7853572660,39.093561,-95.6745644,,False,active,Returned by Kroger official Locations API on 2026-09-01,Kroger official Locations API,2026-09-01T20:17:21.472587+00:00,40
61500037,Dillons - Sherwood Dillons,DILLONS,6829 Sw 29Th St,Topeka,KS,66614,7852284200,39.0134048,-95.7822483,,False,active,Returned by Kroger official Locations API on 2026-09-01,Kroger official Locations API,2026-09-01T20:17:21.472587+00:00,41
61500063,Dillons - Wellington Dillons,DILLONS,1111 W 8Th St,Wellington,KS,67152,6203265907,37.2683832,-97.411695,,False,active,Returned by Kroger official Locations API on 2026-09-01,Kroger official Locations API,2026-09-01T20:17:21.472587+00:00,26
61500081,Dillons - 135th Maple Dillons,DILLONS,13415 W Maple St,Wichita,KS,67235,3167295200,37.677042,-97.496946,,False,active,Returned by Kroger official Locations API on 2026-09-01,Kroger official Locations API,2026-09-01T20:17:21.472587+00:00,35
61500016,Dillons - 13th Tyler Dillons,DILLONS,8828 W 13Th St N,Wichita,KS,67212,3167225690,37.7100006,-97.4457417,,False,active,Returned by Kroger official Locations API on 2026-09-01,Kroger official Locations API,2026-09-01T20:17:21.472587+00:00,31
61500034,Dillons - 13th West Dillons,DILLONS,3932 W 13Th St N,Wichita,KS,67203,3169427477,37.7097332,-97.3883502,,False,active,Returned by Kroger official Locations API on 2026-09-01,Kroger official Locations API,2026-09-01T20:17:21.472587+00:00,29
61500089,Dillons - 21st Amidon,DILLONS,1910 W 21st St N,Wichita,KS,67203,3168381158,37.7235772,-97.3610638,,False,active,Returned by Kroger official Locations API on 2026-09-01,Kroger official Locations API,2026-09-01T20:17:21.472587+00:00,30
61500056,Dillons - 37th Woodlawn Dillons,DILLONS,3707 N Woodlawn Blvd,Wichita,KS,67220,3166919130,37.7507235,-97.2640049,,False,active,Returned by Kroger official Locations API on 2026-09-01,Kroger official Locations API,2026-09-01T20:17:21.472587+00:00,38
61500033,Dillons - 47th Broadway Dillons,DILLONS,4747 S Broadway Ave,Wichita,KS,67216,3165299030,37.6091931,-97.3355394,,False,active,Returned by Kroger official Locations API on 2026-09-01,Kroger official Locations API,2026-09-01T20:17:21.472587+00:00,41
61500072,Dillons - Central Maize Dillons,DILLONS,10515 W Central Ave,Wichita,KS,67212,3167290050,37.6927303,-97.4646066,,False,active,Returned by Kroger official Locations API on 2026-09-01,Kroger official Locations API,2026-09-01T20:17:21.472587+00:00,42
61500092,Dillons - Central ad West St Dillons,DILLONS,640 N West St,Wichita,KS,67203,3169411920,37.6941126,-97.3881759,,False,active,Returned by Kroger official Locations API on 2026-09-01,Kroger official Locations API,2026-09-01T20:17:21.472587+00:00,28
61500091,Dillons - College Hill Dillons,DILLONS,3020 E Douglas Ave,Wichita,KS,67214,3166816830,37.6873055,-97.3003488,,False,active,Returned by Kroger official Locations API on 2026-09-01,Kroger official Locations API,2026-09-01T20:17:21.472587+00:00,28
61500096,Dillons - Harry Edgemoor Dillons,DILLONS,5500 E Harry St,Wichita,KS,67218,3166865200,37.6659634,-97.2726503,,False,active,Returned by Kroger official Locations API on 2026-09-01,Kroger official Locations API,2026-09-01T20:17:21.472587+00:00,35
61500012,Dillons - Harry Webb Dillons,DILLONS,9450 E Harry St,Wichita,KS,67207,3166512720,37.6659073,-97.2273631,,False,active,Returned by Kroger official Locations API on 2026-09-01,Kroger official Locations API,2026-09-01T20:17:21.472587+00:00,37
61500065,Dillons - South Seneca Dillons,DILLONS,3211 S Seneca St,Wichita,KS,67217,3165224404,37.6359437,-97.3541231,,False,active,Returned by Kroger official Locations API on 2026-09-01,Kroger official Locations API,2026-09-01T20:17:21.472587+00:00,44
61500066,Dillons - Tallgrass,DILLONS,2244 N Rock Rd,Wichita,KS,67226,3166855844,37.7246494,-97.2424328,,False,active,Returned by Kroger official Locations API on 2026-09-01,Kroger official Locations API,2026-09-01T20:17:21.472587+00:00,32
61500049,Dillons Marketplace - 21st Maize Marketplace,DILLONS,10222 W 21St St N,Wichita,KS,67205,3167291530,37.724055,-97.4611465,,False,active,Returned by Kroger official Locations API on 2026-09-01,Kroger official Locations API,2026-09-01T20:17:21.472587+00:00,55
61500020,Dillons Marketplace - Dillons Marketplace Rock Road Central,DILLONS,7707 E Central Ave,Wichita,KS,67206,3166512700,37.6921613,-97.2460114,,False,active,Returned by Kroger official Locations API on 2026-09-01,Kroger official Locations API,2026-09-01T20:17:21.472587+00:00,50
61500045,Dillons - Winfield Dillons,DILLONS,2310 Main St,Winfield,KS,67156,6202215700,37.2259182,-96.9936985,,False,active,Returned by Kroger official Locations API on 2026-09-01,Kroger official Locations API,2026-09-01T20:17:21.472587+00:00,26
70400310,Food 4 Less - Anaheim,FOOD4LESS,1616 W Katella Ave,Anaheim,CA,92802,7145397497,33.8018677,-117.9377591,,False,active,Returned by Kroger official Locations API on 2026-09-01,Kroger official Locations API,2026-09-01T20:17:21.472587+00:00,12
70400982,Food 4 Less - Food 4 Less,FOOD4LESS,20600 Bear Valley Rd,Apple Valley,CA,92308,7606468089,34.471741,-117.214564,,False,active,Returned by Kroger official Locations API on 2026-09-01,Kroger official Locations API,2026-09-01T20:17:21.472587+00:00,2
70400782,Food 4 Less - Kiowa Square,FOOD4LESS,20801 Bear Valley Rd,Apple Valley,CA,92308,7602474990,34.4701617,-117.2090595,,False,active,Returned by Kroger official Locations API on 2026-09-01,Kroger official Locations API,2026-09-01T20:17:21.472587+00:00,11
70400309,Food 4 Less - Pacoima Center,FOOD4LESS,9635 Laurel Canyon Blvd,Arleta,CA,91331,8188973545,34.2438259,-118.4174555,,False,active,Returned by Kroger official Locations API on 2026-09-01,Kroger official Locations API,2026-09-01T20:17:21.472587+00:00,10
70400396,Food 4 Less - Baldwin Park,FOOD4LESS,3000 Baldwin Park Blvd,Baldwin Park,CA,91706,6268560511,34.0687842,-117.9791209,,False,active,Returned by Kroger official Locations API on 2026-09-01,Kroger official Locations API,2026-09-01T20:17:21.472587+00:00,11
70400312,Food 4 Less - Barstow Road Center,FOOD4LESS,580 E Virginia Way,Barstow,CA,92311,7602552233,34.8869674,-117.0182568,,False,active,Returned by Kroger official Locations API on 2026-09-01,Kroger official Locations API,2026-09-01T20:17:21.472587+00:00,12
70400386,Food 4 Less - Beaumont,FOOD4LESS,1691 E Sixth St,Beaumont,CA,92223,9518453323,33.9278905,-116.9482893,,False,active,Returned by Kroger official Locations API on 2026-09-01,Kroger official Locations API,2026-09-01T20:17:21.472587+00:00,10
70400307,Food 4 Less - Bell Gardens Marketplace,FOOD4LESS,6901 Eastern Ave,Bell Gardens,CA,90201,3237712003,33.9706509,-118.1659748,,False,active,Returned by Kroger official Locations API on 2026-09-01,Kroger official Locations API,2026-09-01T20:17:21.472587+00:00,10
70400781,Food 4 Less - Calexico,FOOD4LESS,109 W Birch St,Calexico,CA,92231,7607689766,32.6804539,-115.5017072,,False,active,Returned by Kroger official Locations API on 2026-09-01,Kroger official Locations API,2026-09-01T20:17:21.472587+00:00,14
70400326,Food 4 Less - Saticoy Winnetka Center,FOOD4LESS,20155 Saticoy St,Canoga Park,CA,91306,8189988074,34.2091035,-118.5728055,,False,active,Returned by Kroger official Locations API on 2026-09-01,Kroger official Locations API,2026-09-01T20:17:21.472587+00:00,9
70400308,Food 4 Less - Cathedral City Marketplace,FOOD4LESS,34251 Date Palm Dr,Cathedral City,CA,92234,7607703034,33.7996822,-116.4604186,,False,active,Returned by Kroger official Locations API on 2026-09-01,Kroger official Locations API,2026-09-01T20:17:21.472587+00:00,16
70400780,Food 4 Less - Palomar Trolley Center,FOOD4LESS,660 Palomar St,Chula Vista,CA,91911,6194980327,32.6024992,-117.0829042,,False,active,Returned by Kroger official Locations API on 2026-09-01,Kroger official Locations API,2026-09-01T20:17:21.472587+00:00,6
70400517,Food 4 Less - Coachella,FOOD4LESS,49241 Grapefruit Blvd,Coachella,CA,92236,7603983474,33.6900223,-116.18536710000001,,False,active,Returned by Kroger official Locations API on 2026-09-01,Kroger official Locations API,2026-09-01T20:17:21.472587+00:00,8
70400786,Food 4 Less - Colton,FOOD4LESS,1150 N Pepper Ave,Colton,CA,92324,9093701761,34.0798257,-117.3513107,,False,active,Returned by Kroger official Locations API on 2026-09-01,Kroger official Locations API,2026-09-01T20:17:21.472587+00:00,13
70400379,Food 4 Less - Gateway Plaza SC,FOOD4LESS,1900 W Rosecrans Ave,Compton,CA,90220,3106093385,33.9015828,-118.25203429999999,,False,active,Returned by Kroger official Locations API on 2026-09-01,Kroger official Locations API,2026-09-01T20:17:21.472587+00:00,12
70400778,Food 4 Less - Lakewood Rosecrans,FOOD4LESS,13525 Lakewood Blvd,Downey,CA,90242,5626330830,33.905217,-118.1444391,,False,active,Returned by Kroger official Locations API on 2026-09-01,Kroger official Locations API,2026-09-01T20:17:21.472587+00:00,10
70400394,Food 4 Less - El Cajon,FOOD4LESS,444 Broadway,El Cajon,CA,92021,6194408364,32.8089331,-116.9576148,,False,active,Returned by Kroger official Locations API on 2026-09-01,Kroger official Locations API,2026-09-01T20:17:21.472587+00:00,11
70400774,Food 4 Less - El Centro,FOOD4LESS,2420 Cottonwood Dr,El Centro,CA,92243,7604820530,32.8157014,-115.5726767,,False,active,Returned by Kroger official Locations API on 2026-09-01,Kroger official Locations API,2026-09-01T20:17:21.472587+00:00,11
70400338,Food 4 Less - South El Monte,FOOD4LESS,11950 Garvey Ave,El Monte,CA,91732,6264427155,34.0618264,-118.0199179,,False,active,Returned by Kroger official Locations API on 2026-09-01,Kroger official Locations API,2026-09-01T20:17:21.472587+00:00,11
70400345,Food 4 Less - West Escondido,FOOD4LESS,644 N Broadway,Escondido,CA,92025,7607378920,33.1287191,-117.08299840000001,,False,active,Returned by Kroger official Locations API on 2026-09-01,Kroger official Locations API,2026-09-01T20:17:21.472587+00:00,10
70400389,Food 4 Less - Valley Center,FOOD4LESS,16991 Valley Blvd,Fontana,CA,92335,9098231286,34.0684359,-117.4338131,,False,active,Returned by Kroger official Locations API on 2026-09-01,Kroger official Locations API,2026-09-01T20:17:21.472587+00:00,11
70400508,Food 4 Less - Fullerton,FOOD4LESS,914 W Orangethorpe Ave,Fullerton,CA,92832,7147730238,33.8577936,-117.9405597,,False,active,Returned by Kroger official Locations API on 2026-09-01,Kroger official Locations API,2026-09-01T20:17:21.472587+00:00,14
70400350,Food 4 Less - Gardena,FOOD4LESS,1299 W Artesia Blvd,Gardena,CA,90248,3107683095,33.8735471,-118.2948103,,False,active,Returned by Kroger official Locations API on 2026-09-01,Kroger official Locations API,2026-09-01T20:17:21.472587+00:00,13
70400775,Food 4 Less - Hawaiian Gardens,FOOD4LESS,12222 Carson St,Hawaiian Gardens,CA,90716,5624299135,33.8309047,-118.0703463,,False,active,Returned by Kroger official Locations API on 2026-09-01,Kroger official Locations API,2026-09-01T20:17:21.472587+00:00,11
70400313,Food 4 Less - Hawthorne Ocean Gate,FOOD4LESS,14500 Ocean Gate Ave,Hawthorne,CA,90250,3106441183,33.899341,-118.36649489999999,,False,active,Returned by Kroger official Locations API on 2026-09-01,Kroger official Locations API,2026-09-01T20:17:21.472587+00:00,13
70400385,Food 4 Less - Highland Center,FOOD4LESS,26529 Highland Ave,Highland,CA,92346,9094258040,34.1343511,-117.2252054,,False,active,Returned by Kroger official Locations API on 2026-09-01,Kroger official Locations API,2026-09-01T20:17:21.472587+00:00,11
70400321,Food 4 Less - Margarita Plaza,FOOD4LESS,6920 Santa Fe Ave,Huntington Park,CA,90255,3235856430,33.976576,-118.2295908,,False,active,Returned by Kroger official Locations API on 2026-09-01,Kroger official Locations API,2026-09-01T20:17:21.472587+00:00,14
70400765,Food 4 Less - Indio,FOOD4LESS,82124 Us Highway 111,Indio,CA,92201,7608634186,33.71652,-116.233118,,False,active,Returned by Kroger official Locations API on 2026-09-01,Kroger official Locations API,2026-09-01T20:17:21.472587+00:00,10
70400369,Food 4 Less - Plaza De Hacienda Shopping Center,FOOD4LESS,1821 N Hacienda Blvd,La Puente,CA,91744,6269161120,34.0521394,-117.9443188,,False,active,Returned by Kroger official Locations API on 2026-09-01,Kroger official Locations API,2026-09-01T20:17:21.472587+00:00,11
70400306,Food 4 Less - Valley Central Community Centers,FOOD4LESS,44455 Valley Central Way,Lancaster,CA,93536,6619406373,34.6906215,-118.1738586,,False,active,Returned by Kroger official Locations API on 2026-09-01,Kroger official Locations API,2026-09-01T20:17:21.472587+00:00,11
70400318,Food 4 Less - Lemon Grove,FOOD4LESS,7420 Broadway,Lemon Grove,CA,91945,6194634774,32.7440569,-117.0375817,,False,active,Returned by Kroger official Locations API on 2026-09-01,Kroger official Locations API,2026-09-01T20:17:21.472587+00:00,12
70400762,Food 4 Less - Anaheim Redondo,FOOD4LESS,3210 E Anaheim St,Long Beach,CA,90804,5624386978,33.7812382,-118.1541508,,False,active,Returned by Kroger official Locations API on 2026-09-01,Kroger official Locations API,2026-09-01T20:17:21.472587+00:00,9
70400317,Food 4 Less - Long Beach,FOOD4LESS,6700 Cherry Ave,Long Beach,CA,90805,5622202373,33.8769389,-118.1675675,,False,active,Returned by Kroger official Locations API on 2026-09-01,Kroger official Locations API,2026-09-01T20:17:21.472587+00:00,13
70400344,Food 4 Less - 54th Main,FOOD4LESS,5318 S Main St,Los Angeles,CA,90037,3238468895,33.9939354,-118.2733783,,False,active,Returned by Kroger official Locations API on 2026-09-01,Kroger official Locations API,2026-09-01T20:17:21.472587+00:00,10
70400770,Food 4 Less - 6th Burlington,FOOD4LESS,1700 W 6Th St,Los Angeles,CA,90017,2133530920,34.0569857,-118.2703986,,False,active,Returned by Kroger official Locations API on 2026-09-01,Kroger official Locations API,2026-09-01T20:17:21.472587+00:00,9
70400363,Food 4 Less - Boyle Heights,FOOD4LESS,2750 E 1St St,Los Angeles,CA,90033,3232680461,34.0408006,-118.2056846,,False,active,Returned by Kroger official Locations API on 2026-09-01,Kroger official Locations API,2026-09-01T20:17:21.472587+00:00,10
70400777,Food 4 Less - Chesterfield Square,FOOD4LESS,1820 W Slauson Ave,Los Angeles,CA,90047,3232931369,33.9876936,-118.3108387,,False,active,Returned by Kroger official Locations API on 2026-09-01,Kroger official Locations API,2026-09-01T20:17:21.472587+00:00,12
70400370,Food 4 Less - El Sereno,FOOD4LESS,4910 Huntington Dr S,Los Angeles,CA,90032,3232222659,34.0866796,-118.17596879999999,,False,active,Returned by Kroger official Locations API on 2026-09-01,Kroger official Locations API,2026-09-01T20:17:21.472587+00:00,8
70400766,Food 4 Less - Highland Park,FOOD4LESS,5100 N Figueroa St,Los Angeles,CA,90042,3239820304,34.1053945,-118.2001081,,False,active,Returned by Kroger official Locations API on 2026-09-01,Kroger official Locations API,2026-09-01T20:17:21.472587+00:00,13
70400359,Food 4 Less - Jefferson Park,FOOD4LESS,1748 S. Jefferson Blvd.,Los Angeles,CA,90018,3237358317,34.025028,-118.3074597,,False,active,Returned by Kroger official Locations API on 2026-09-01,Kroger official Locations API,2026-09-01T20:17:21.472587+00:00,10
70400399,Food 4 Less - Los Angeles,FOOD4LESS,11507 S Western Ave,Los Angeles,CA,90047,3237571257,33.9294747,-118.31050619999999,,False,active,Returned by Kroger official Locations API on 2026-09-01,Kroger official Locations API,2026-09-01T20:17:21.472587+00:00,15
70400322,Food 4 Less - Martin Luther King SC,FOOD4LESS,1651 E 103Rd St,Los Angeles,CA,90002,3235643753,33.9448084,-118.2439655,,False,active,Returned by Kroger official Locations API on 2026-09-01,Kroger official Locations API,2026-09-01T20:17:21.472587+00:00,11
70400375,Food 4 Less - Olympic Hoover,FOOD4LESS,1091 S Hoover St,Los Angeles,CA,90006,2133861680,34.0511295,-118.2847015,,False,active,Returned by Kroger official Locations API on 2026-09-01,Kroger official Locations API,2026-09-01T20:17:21.472587+00:00,10
70400348,Food 4 Less - Reseda,FOOD4LESS,18318 Vanowen St,Los Angeles,CA,91335,8183433492,34.1924453,-118.53260470000001,,False,active,Returned by Kroger official Locations API on 2026-09-01,Kroger official Locations API,2026-09-01T20:17:21.472587+00:00,10
70400767,Food 4 Less - Sylmar,FOOD4LESS,12689 Glenoaks Blvd,Los Angeles,CA,91342,8183623309,34.2997424,-118.4419673,,False,active,Returned by Kroger official Locations API on 2026-09-01,Kroger official Locations API,2026-09-01T20:17:21.472587+00:00,11
70400330,Food 4 Less - Unicentro ANGELUS,FOOD4LESS,3654 E Olympic Blvd,Los Angeles,CA,90023,3239805067,34.0178324,-118.1983564,,False,active,Returned by Kroger official Locations API on 2026-09-01,Kroger official Locations API,2026-09-01T20:17:21.472587+00:00,10
70400381,Food 4 Less - WesternVenice,FOOD4LESS,1717 S Western Ave,Los Angeles,CA,90006,3237310164,34.0421284,-118.3100774,,False,active,Returned by Kroger official Locations API on 2026-09-01,Kroger official Locations API,2026-09-01T20:17:21.472587+00:00,8
70400378,Food 4 Less - Willowbrook,FOOD4LESS,11840 Wilmington Ave,Los Angeles,CA,90059,3235643986,33.9259365,-118.23737679999999,,False,active,Returned by Kroger official Locations API on 2026-09-01,Kroger official Locations API,2026-09-01T20:17:21.472587+00:00,9
70400324,Food 4 Less - Lynwood towne center,FOOD4LESS,11245 Long Beach Blvd,Lynwood,CA,90262,3106329954,33.9285173,-118.2126643,,False,active,Returned by Kroger official Locations API on 2026-09-01,Kroger official Locations API,2026-09-01T20:17:21.472587+00:00,10
70400341,Food 4 Less - Maywood,FOOD4LESS,4400 Slauson Ave,Maywood,CA,90270,3237732214,33.9868811,-118.1874664,,False,active,Returned by Kroger official Locations API on 2026-09-01,Kroger official Locations API,2026-09-01T20:17:21.472587+00:00,10
70400302,Food 4 Less - E Moreno Valley,FOOD4LESS,12200 Perris Blvd,Moreno Valley,CA,92557,9512470787,33.9439434,-117.22460939999999,,False,active,Returned by Kroger official Locations API on 2026-09-01,Kroger official Locations API,2026-09-01T20:17:21.472587+00:00,12
70400398,Food 4 Less - Moreno Valley,FOOD4LESS,24440 Alessandro Blvd,Moreno Valley,CA,92553,9512437571,33.9199471,-117.23605380000001,,False,active,Returned by Kroger official Locations API on 2026-09-01,Kroger official Locations API,2026-09-01T20:17:21.472587+00:00,12
70400346,Food 4 Less - N Chula Vista,FOOD4LESS,1320 E 30Th St,National City,CA,91950,6194775991,32.6602513,-117.08546390000001,,False,active,Returned by Kroger official Locations API on 2026-09-01,Kroger official Locations API,2026-09-01T20:17:21.472587+00:00,10
70400354,Food 4 Less - Woodley Parthenia,FOOD4LESS,16208 Parthenia St,North Hills,CA,91343,8188300249,34.227378,-118.4862303,,False,active,Returned by Kroger official Locations API on 2026-09-01,Kroger official Locations API,2026-09-01T20:17:21.472587+00:00,10
70400332,Food 4 Less - N Hollywood,FOOD4LESS,8035 Webb Ave,North Hollywood,CA,91605,8182524855,34.2161874,-118.3896871,,False,active,Returned by Kroger official Locations API on 2026-09-01,Kroger official Locations API,2026-09-01T20:17:21.472587+00:00,11
70400320,Food 4 Less - Driftwood Village SC,FOOD4LESS,2246 S Euclid Ave,Ontario,CA,91762,9099866673,34.0327116,-117.652671,,False,active,Returned by Kroger official Locations API on 2026-09-01,Kroger official Locations API,2026-09-01T20:17:21.472587+00:00,10
70400335,Food 4 Less - Food 4 Less,FOOD4LESS,250 W Esplanade Dr,Oxnard,CA,93036,8052888686,34.232312,-119.177286,,False,active,Returned by Kroger official Locations API on 2026-09-01,Kroger official Locations API,2026-09-01T20:17:21.472587+00:00,14
70400377,Food 4 Less - N Pacoima,FOOD4LESS,12765 Van Nuys Blvd,Pacoima,CA,91331,8188901151,34.2754018,-118.4123043,,False,active,Returned by Kroger official Locations API on 2026-09-01,Kroger official Locations API,2026-09-01T20:17:21.472587+00:00,10
70400360,Food 4 Less - Village Plaza,FOOD4LESS,2341 E Avenue S,Palmdale,CA,93550,6612669091,34.5596597,-118.08627630000001,,False,active,Returned by Kroger official Locations API on 2026-09-01,Kroger official Locations API,2026-09-01T20:17:21.472587+00:00,13
70400314,Food 4 Less - Panorama Towne Plaza,FOOD4LESS,8530 Tobias Ave,Panorama City,CA,91402,8188307085,34.2257128,-118.4509206,,False,active,Returned by Kroger official Locations API on 2026-09-01,Kroger official Locations API,2026-09-01T20:17:21.472587+00:00,10
70400327,Food 4 Less - Pasadena,FOOD4LESS,1329 N Lake Ave,Pasadena,CA,91104,6267917412,34.1683295,-118.133532,,False,active,Returned by Kroger official Locations API on 2026-09-01,Kroger official Locations API,2026-09-01T20:17:21.472587+00:00,11
70400315,Food 4 Less - Perris Plaza,FOOD4LESS,1688 N Perris Blvd Ste E,Perris,CA,92571,9519435655,33.8021938,-117.2285458,,False,active,Returned by Kroger official Locations API on 2026-09-01,Kroger official Locations API,2026-09-01T20:17:21.472587+00:00,12
70400336,Food 4 Less - Pico Rivera Plaza,FOOD4LESS,8620 Whittier Blvd,Pico Rivera,CA,90660,5629483435,34.0017795,-118.0883565,,False,active,Returned by Kroger official Locations API on 2026-09-01,Kroger official Locations API,2026-09-01T20:17:21.472587+00:00,10
70400358,Food 4 Less - Pomona,FOOD4LESS,2090 S Garey Ave,Pomona,CA,91766,9099020299,34.0344463,-117.7477004,,False,active,Returned by Kroger official Locations API on 2026-09-01,Kroger official Locations API,2026-09-01T20:17:21.472587+00:00,15
70400328,Food 4 Less - Foothill Marketplace,FOOD4LESS,12879 Foothill Blvd,Rancho Cucamonga,CA,91739,9098998388,34.1048993,-117.5245838,,False,active,Returned by Kroger official Locations API on 2026-09-01,Kroger official Locations API,2026-09-01T20:17:21.472587+00:00,13
70400311,Food 4 Less - Pavilions Shopping Center,FOOD4LESS,2070 W Redlands Blvd,Redlands,CA,92373,9097930722,34.0651947,-117.2250232,,False,active,Returned by Kroger official Locations API on 2026-09-01,Kroger official Locations API,2026-09-01T20:17:21.472587+00:00,10
70400303,Food 4 Less - Renaissance Center,FOOD4LESS,1410 W Foothill Blvd,Rialto,CA,92376,9098739377,34.1080599,-117.39916360000001,,False,active,Returned by Kroger official Locations API on 2026-09-01,Kroger official Locations API,2026-09-01T20:17:21.472587+00:00,14
70400329,Food 4 Less - Chicago Plaza,FOOD4LESS,3900 Chicago Ave,Riverside,CA,92507,9513699434,33.9739208,-117.34689470000001,,False,active,Returned by Kroger official Locations API on 2026-09-01,Kroger official Locations API,2026-09-01T20:17:21.472587+00:00,10
70400343,Food 4 Less - Riverside,FOOD4LESS,4250 Van Buren Blvd,Riverside,CA,92503,9513528353,33.9275045,-117.45336040000001,,False,active,Returned by Kroger official Locations API on 2026-09-01,Kroger official Locations API,2026-09-01T20:17:21.472587+00:00,16
70400301,Food 4 Less - S San Bernardino,FOOD4LESS,555 W 2Nd St Ste A,San Bernardino,CA,92401,9098885654,34.1013439,-117.2954728,,False,active,Returned by Kroger official Locations API on 2026-09-01,Kroger official Locations API,2026-09-01T20:17:21.472587+00:00,10
70400333,Food 4 Less - Hazard Center,FOOD4LESS,7730 Hazard Center Dr,San Diego,CA,92108,6196837760,32.7724009,-117.1556599,,False,active,Returned by Kroger official Locations API on 2026-09-01,Kroger official Locations API,2026-09-01T20:17:21.472587+00:00,14
70400763,Food 4 Less - Market Creek Plaza,FOOD4LESS,312 Euclid Ave,San Diego,CA,92114,6192663161,32.7081712,-117.0859451,,False,active,Returned by Kroger official Locations API on 2026-09-01,Kroger official Locations API,2026-09-01T20:17:21.472587+00:00,11
70400347,Food 4 Less - McGrath Center,FOOD4LESS,4995 Shawline St,San Diego,CA,92111,8582780681,32.8310009,-117.16309100000001,,False,active,Returned by Kroger official Locations API on 2026-09-01,Kroger official Locations API,2026-09-01T20:17:21.472587+00:00,11
70400374,Food 4 Less - University Square,FOOD4LESS,5975 University Ave,San Diego,CA,92115,6192876501,32.7508438,-117.06787990000001,,False,active,Returned by Kroger official Locations API on 2026-09-01,Kroger official Locations API,2026-09-01T20:17:21.472587+00:00,11
70400340,Food 4 Less - Bristol Warner Center,FOOD4LESS,2140 S Bristol St,Santa Ana,CA,92704,7145456401,33.7179486,-117.8866332,,False,active,Returned by Kroger official Locations API on 2026-09-01,Kroger official Locations API,2026-09-01T20:17:21.472587+00:00,10
70400382,Food 4 Less - Downtown Plaza,FOOD4LESS,315 E 1St St,Santa Ana,CA,92701,7149721997,33.7467051,-117.8647502,,False,active,Returned by Kroger official Locations API on 2026-09-01,Kroger official Locations API,2026-09-01T20:17:21.472587+00:00,10
70400349,Food 4 Less - Mission Creek SC,FOOD4LESS,9430 Cuyamaca St,Santee,CA,92071,6195969076,32.8481832,-116.9853188,,False,active,Returned by Kroger official Locations API on 2026-09-01,Kroger official Locations API,2026-09-01T20:17:21.472587+00:00,10
70400772,Food 4 Less - Cherry Willow,FOOD4LESS,1600 E Willow St,Signal Hill,CA,90755,5629897576,33.8036716,-118.1714474,,False,active,Returned by Kroger official Locations API on 2026-09-01,Kroger official Locations API,2026-09-01T20:17:21.472587+00:00,10
70400319,Food 4 Less - Palm Plaza SC,FOOD4LESS,26419 Ynez Rd,Temecula,CA,92591,9512965534,33.5228426,-117.1607381,,False,active,Returned by Kroger official Locations API on 2026-09-01,Kroger official Locations API,2026-09-01T20:17:21.472587+00:00,10
70400368,Food 4 Less - Harbor City,FOOD4LESS,851 Sepulveda Blvd,Torrance,CA,90502,3105494870,33.8112139,-118.2889518,,False,active,Returned by Kroger official Locations API on 2026-09-01,Kroger official Locations API,2026-09-01T20:17:21.472587+00:00,13
70400323,Food 4 Less - Airport Plaza,FOOD4LESS,16530 Sherman Way,Van Nuys,CA,91406,8189970170,34.2006442,-118.4940637,,False,active,Returned by Kroger official Locations API on 2026-09-01,Kroger official Locations API,2026-09-01T20:17:21.472587+00:00,10
70400397,Food 4 Less - North Victorville,FOOD4LESS,14738 La Paz Dr,Victorville,CA,92392,7609515600,34.5193892,-117.3145192,,False,active,Returned by Kroger official Locations API on 2026-09-01,Kroger official Locations API,2026-09-01T20:17:21.472587+00:00,10
70400305,Food 4 Less - S Victorville,FOOD4LESS,16266 Bear Valley Rd,Victorville,CA,92392,7609511140,34.4718485,-117.3087509,,False,active,Returned by Kroger official Locations API on 2026-09-01,Kroger official Locations API,2026-09-01T20:17:21.472587+00:00,12
70400300,Food 4 Less - Melrose Hacienda Center,FOOD4LESS,500 Hacienda Dr,Vista,CA,92083,7606305333,33.1928304,-117.2508126,,False,active,Returned by Kroger official Locations API on 2026-09-01,Kroger official Locations API,2026-09-01T20:17:21.472587+00:00,12
70400337,Food 4 Less - W Covina,FOOD4LESS,615 N Azusa Ave,West Covina,CA,91791,6269675244,34.0815896,-117.9093464,,False,active,Returned by Kroger official Locations API on 2026-09-01,Kroger official Locations API,2026-09-01T20:17:21.472587+00:00,12
70400383,Food 4 Less - Santa Fe Springs Towne Center,FOOD4LESS,7810 Norwalk Blvd,Whittier,CA,90606,5626993358,33.9744216,-118.07412049999999,,False,active,Returned by Kroger official Locations API on 2026-09-01,Kroger official Locations API,2026-09-01T20:17:21.472587+00:00,10
70400761,Food 4 Less - Whittier,FOOD4LESS,13413 Telegraph Rd,Whittier,CA,90605,5629461425,33.9412312,-118.0449076,,False,active,Returned by Kroger official Locations API on 2026-09-01,Kroger official Locations API,2026-09-01T20:17:21.472587+00:00,12
70400760,Food 4 Less - Wilmington,FOOD4LESS,336 W Anaheim St,Wilmington,CA,90744,3108477488,33.7787255,-118.2655536,,False,active,Returned by Kroger official Locations API on 2026-09-01,Kroger official Locations API,2026-09-01T20:17:21.472587+00:00,11
70800553,Food 4 Less - Alsip,FOOD4LESS,12150 S Pulaski Rd,Alsip,IL,60803,7083853046,41.672379,-87.7213347,,False,active,Returned by Kroger official Locations API on 2026-09-01,Kroger official Locations API,2026-09-01T20:17:21.472587+00:00,16
70800570,Food 4 Less - 87th Dan Ryan,FOOD4LESS,112 W 87Th St,Chicago,IL,60620,7733584180,41.737679,-87.627506,,False,active,Returned by Kroger official Locations API on 2026-09-01,Kroger official Locations API,2026-09-01T20:17:21.472587+00:00,11
70800552,Food 4 Less - Englewood Plaza,FOOD4LESS,7030 S Ashland Ave,Chicago,IL,60636,7733499000,41.7654881,-87.6644677,,False,active,Returned by Kroger official Locations API on 2026-09-01,Kroger official Locations API,2026-09-01T20:17:21.472587+00:00,16
70800567,Food 4 Less - Washington Square,FOOD4LESS,4821 W North Ave,Chicago,IL,60639,7732351783,41.9083017,-87.7473681,,False,active,Returned by Kroger official Locations API on 2026-09-01,Kroger official Locations API,2026-09-01T20:17:21.472587+00:00,16
70800568,Food 4 Less - Lincoln Crossing Shopping Center,FOOD4LESS,1333 Western Ave,Chicago Heights,IL,60411,7084416262,41.5070874,-87.6717982,,False,active,Returned by Kroger official Locations API on 2026-09-01,Kroger official Locations API,2026-09-01T20:17:21.472587+00:00,6
70800551,Food 4 Less - 31st Cicero,FOOD4LESS,3039 S Cicero Ave,Cicero,IL,60804,7086524257,41.837677,-87.7411862,,False,active,Returned by Kroger official Locations API on 2026-09-01,Kroger official Locations API,2026-09-01T20:17:21.472587+00:00,17
70800561,Food 4 Less - Crest Hill,FOOD4LESS,1701 N Larkin Ave Ste 100,Crest Hill,IL,60403,8157252421,41.5527192,-88.1286929,,False,active,Returned by Kroger official Locations API on 2026-09-01,Kroger official Locations API,2026-09-01T20:17:21.472587+00:00,21
70800566,Food 4 Less - Dolton,FOOD4LESS,1000 E Sibley Blvd,Dolton,IL,60419,7082012940,41.6239192,-87.5931905,,False,active,Returned by Kroger official Locations API on 2026-09-01,Kroger official Locations API,2026-09-01T20:17:21.472587+00:00,9
70800558,Food 4 Less - Main Street Shopping Center,FOOD4LESS,2400 Main St,Evanston,IL,60202,8474921904,42.0326832,-87.7069905,,False,active,Returned by Kroger official Locations API on 2026-09-01,Kroger official Locations API,2026-09-01T20:17:21.472587+00:00,20
70800787,Food 4 Less - Hammond Shopping Center,FOOD4LESS,1724 165Th St,Hammond,IN,46320,2198452918,41.5939258,-87.4867814,,False,active,Returned by Kroger official Locations API on 2026-09-01,Kroger official Locations API,2026-09-01T20:17:21.472587+00:00,14
70400384,Foodsco - N Bakersfield FC,FOODSCO,2505 Haley St,Bakersfield,CA,93305,6618732052,35.3945059,-118.9743649,,False,active,Returned by Kroger official Locations API on 2026-09-01,Kroger official Locations API,2026-09-01T20:17:21.472587+00:00,15
70400365,Foodsco - S Bakersfield FC,FOODSCO,1801 White Ln,Bakersfield,CA,93304,6618364360,35.316039,-119.0228504,,False,active,Returned by Kroger official Locations API on 2026-09-01,Kroger official Locations API,2026-09-01T20:17:21.472587+00:00,14
70400339,Foodsco - 1st Sheilds,FOODSCO,3053 E Shields Ave,Fresno,CA,93726,5592439660,36.7811129,-119.7737968,,False,active,Returned by Kroger official Locations API on 2026-09-01,Kroger official Locations API,2026-09-01T20:17:21.472587+00:00,12
70400316,Foodsco - Kings Canyon,FOODSCO,4838 E Kings Canyon Rd,Fresno,CA,93727,5594569050,36.7342925,-119.73487370000001,,False,active,Returned by Kroger official Locations API on 2026-09-01,Kroger official Locations API,2026-09-01T20:17:21.472587+00:00,13
70400520,Foodsco - Hanford,FOODSCO,1850 W Lacey Blvd,Hanford,CA,93230,5595852080,36.3289981,-119.6762171,,False,active,Returned by Kroger official Locations API on 2026-09-01,Kroger official Locations API,2026-09-01T20:17:21.472587+00:00,8
70400771,Foodsco - Lompoc,FOODSCO,601 W Central Ave,Lompoc,CA,93436,8057409490,34.662676,-120.4634066,,False,active,Returned by Kroger official Locations API on 2026-09-01,Kroger official Locations API,2026-09-01T20:17:21.472587+00:00,11
70400534,Foodsco - Oakland,FOODSCO,10790 Macarthur Blvd,Oakland,CA,94605,5109243060,37.7432402,-122.1483776,,False,active,Returned by Kroger official Locations API on 2026-09-01,Kroger official Locations API,2026-09-01T20:17:21.472587+00:00,11
70400764,Foodsco - Pittsburg,FOODSCO,300 Atlantic Ave,Pittsburg,CA,94565,9254732130,38.0069619,-121.8880421,,False,active,Returned by Kroger official Locations API on 2026-09-01,Kroger official Locations API,2026-09-01T20:17:21.472587+00:00,10
70400352,Foodsco - Richmond City Center,FOODSCO,1250 Macdonald Ave,Richmond,CA,94801,5104124444,37.9344357,-122.3569548,,False,active,Returned by Kroger official Locations API on 2026-09-01,Kroger official Locations API,2026-09-01T20:17:21.472587+00:00,11
70400532,Foodsco - College Square Marketplace,FOODSCO,7421 W Stockton Blvd,Sacramento,CA,95823,9166883343,38.4566875,-121.4154151,,False,active,Returned by Kroger official Locations API on 2026-09-01,Kroger official Locations API,2026-09-01T20:17:21.472587+00:00,14
70400355,Foodsco - Natomas Gardens Shopping Center,FOODSCO,3625 Northgate Blvd,Sacramento,CA,95834,9169278560,38.6310338,-121.47723189999999,,False,active,Returned by Kroger official Locations API on 2026-09-01,Kroger official Locations API,2026-09-01T20:17:21.472587+00:00,10
70400501,Foodsco - Stockton Blvd FC,FOODSCO,5330 Stockton Blvd,Sacramento,CA,95820,9164510806,38.527096,-121.444677,,False,active,Returned by Kroger official Locations API on 2026-09-01,Kroger official Locations API,2026-09-01T20:17:21.472587+00:00,10
70400769,Foodsco - Salinas,FOODSCO,1030 E Alisal St,Salinas,CA,93905,8314240455,36.6714507,-121.62596070000001,,False,active,Returned by Kroger official Locations API on 2026-09-01,Kroger official Locations API,2026-09-01T20:17:21.472587+00:00,12
70400357,Foodsco - Folsom,FOODSCO,1800 Folsom St,San Francisco,CA,94103,4155589137,37.7677384,-122.4161106,,False,active,Returned by Kroger official Locations API on 2026-09-01,Kroger official Locations API,2026-09-01T20:17:21.472587+00:00,10
70400351,Foodsco - San Francisco Williams,FOODSCO,345 Williams Ave,San Francisco,CA,94124,4153301870,37.7298405,-122.398825,,False,active,Returned by Kroger official Locations API on 2026-09-01,Kroger official Locations API,2026-09-01T20:17:21.472587+00:00,9
70400779,Foodsco - Santa Maria,FOODSCO,1465 S Broadway,Santa Maria,CA,93454,8059229815,34.9350575,-120.4376193,,False,active,Returned by Kroger official Locations API on 2026-09-01,Kroger official Locations API,2026-09-01T20:17:21.472587+00:00,14
70400387,Foodsco - Soledad,FOODSCO,2443 H Dela Rosa Sr St,Soledad,CA,93960,8316781937,36.4142453,-121.3198754,,False,active,Returned by Kroger official Locations API on 2026-09-01,Kroger official Locations API,2026-09-01T20:17:21.472587+00:00,15
70400783,Foodsco - Tulare,FOODSCO,1210 E Prosperity Ave,Tulare,CA,93274,5596859731,36.2284457,-119.3273929,,False,active,Returned by Kroger official Locations API on 2026-09-01,Kroger official Locations API,2026-09-01T20:17:21.472587+00:00,12
70100011,Fred Meyer - Anchorage,FRED,1000 E Northern Lights Blvd,Anchorage,AK,99508,9072649600,61.1944795,-149.8638144,,False,active,Returned by Kroger official Locations API on 2026-09-01,Kroger official Locations API,2026-09-01T20:17:21.472587+00:00,50
70100071,Fred Meyer - Dimond,FRED,2000 W Dimond Blvd,Anchorage,AK,99515,9072676700,61.1360204,-149.9193,,False,active,Returned by Kroger official Locations API on 2026-09-01,Kroger official Locations API,2026-09-01T20:17:21.472587+00:00,50
70100018,Fred Meyer - Muldoon,FRED,7701 Debarr Rd,Anchorage,AK,99504,9072691700,61.2115203,-149.73677800000002,,False,active,Returned by Kroger official Locations API on 2026-09-01,Kroger official Locations API,2026-09-01T20:17:21.472587+00:00,45
70100656,Fred Meyer - Southeast Anchorage,FRED,2300 Abbott Rd,Anchorage,AK,99507,9073652000,61.135933,-149.8384764,,False,active,Returned by Kroger official Locations API on 2026-09-01,Kroger official Locations API,2026-09-01T20:17:21.472587+00:00,48
70100668,Fred Meyer - Eagle River,FRED,13401 Old Glenn Hwy,Eagle River,AK,99577,9076894000,61.341355,-149.55534,,False,active,Returned by Kroger official Locations API on 2026-09-01,Kroger official Locations API,2026-09-01T20:17:21.472587+00:00,48
70100224,Fred Meyer - East Fairbanks,FRED,930 Old Steese Hwy Ste A,Fairbanks,AK,99701,9074594200,64.8547239,-147.6904112,,False,active,Returned by Kroger official Locations API on 2026-09-01,Kroger official Locations API,2026-09-01T20:17:21.472587+00:00,55
70100485,Fred Meyer - West Fairbanks,FRED,1384 S University Ave,Fairbanks,AK,99709,9074741400,64.835321,-147.817606,,False,active,Returned by Kroger official Locations API on 2026-09-01,Kroger official Locations API,2026-09-01T20:17:21.472587+00:00,57
70100158,Fred Meyer - Juneau,FRED,8181 Glacier Hwy,Juneau,AK,99801,9077896500,58.3594856,-134.561529,,False,active,Returned by Kroger official Locations API on 2026-09-01,Kroger official Locations API,2026-09-01T20:17:21.472587+00:00,43
70100649,Fred Meyer - Palmer,FRED,535 E Palmer Wasilla Hwy,Palmer,AK,99645,9077070400,61.600669,-149.124516,,False,active,Returned by Kroger official Locations API on 2026-09-01,Kroger official Locations API,2026-09-01T20:17:21.472587+00:00,53
70100017,Fred Meyer - Soldotna,FRED,43843 Sterling Hwy,Soldotna,AK,99669,9072602200,60.4895056,-151.049127,,False,active,Returned by Kroger official Locations API on 2026-09-01,Kroger official Locations API,2026-09-01T20:17:21.472587+00:00,48
70100653,Fred Meyer - Wasilla,FRED,1501 E Parks Hwy,Wasilla,AK,99654,9073525000,61.5795419,-149.40911690000001,,False,active,Returned by Kroger official Locations API on 2026-09-01,Kroger official Locations API,2026-09-01T20:17:21.472587+00:00,52
70100439,Fred Meyer - Boise,FRED,10751 W Overland Rd,Boise,ID,83709,2083735200,43.5892145,-116.3164908,,False,active,Returned by Kroger official Locations API on 2026-09-01,Kroger official Locations API,2026-09-01T20:17:21.472587+00:00,49
70100662,Fred Meyer - Boise Franklin,FRED,5230 W Franklin Rd,Boise,ID,83705,2084296400,43.6038792,-116.2460065,,False,active,Returned by Kroger official Locations API on 2026-09-01,Kroger official Locations API,2026-09-01T20:17:21.472587+00:00,52
70100613,Fred Meyer - Southeast Boise,FRED,3527 S Federal Way,Boise,ID,83705,2084247500,43.5679789,-116.1874525,,False,active,Returned by Kroger official Locations API on 2026-09-01,Kroger official Locations API,2026-09-01T20:17:21.472587+00:00,50
70100049,Fred Meyer - Coeur D Alene,FRED,560 W Kathleen Ave,Coeur D Alene,ID,83815,2086654700,47.7124854,-116.7947521,,False,active,Returned by Kroger official Locations API on 2026-09-01,Kroger official Locations API,2026-09-01T20:17:21.472587+00:00,50
70100449,Fred Meyer - Glenwood,FRED,5425 W Chinden Blvd,Garden City,ID,83714,2083237030,43.6455334,-116.2764063,,False,active,Returned by Kroger official Locations API on 2026-09-01,Kroger official Locations API,2026-09-01T20:17:21.472587+00:00,50
70100156,Fred Meyer - Idaho Falls,FRED,1555 Northgate Mile,Idaho Falls,ID,83401,2085352520,43.5107155,-112.0200582,,False,active,Returned by Kroger official Locations API on 2026-09-01,Kroger official Locations API,2026-09-01T20:17:21.472587+00:00,47
70100685,Fred Meyer - Eagle Island,FRED,1400 W Chinden Blvd,Meridian,ID,83646,2088936000,43.665843,-116.4110566,,False,active,Returned by Kroger official Locations API on 2026-09-01,Kroger official Locations API,2026-09-01T20:17:21.472587+00:00,51
70100198,Fred Meyer - Meridian,FRED,1850 E Fairview Ave,Meridian,ID,83642,2088875240,43.6210835,-116.3722372,,False,active,Returned by Kroger official Locations API on 2026-09-01,Kroger official Locations API,2026-09-01T20:17:21.472587+00:00,55
70100226,Fred Meyer - Nampa,FRED,50 2Nd St S,Nampa,ID,83651,2084652830,43.5884719,-116.5745109,,False,active,Returned by Kroger official Locations API on 2026-09-01,Kroger official Locations API,2026-09-01T20:17:21.472587+00:00,41
70100260,Fred Meyer - Pocatello,FRED,800 Yellowstone Ave,Pocatello,ID,83201,2082394000,42.8898398,-112.44926,,False,active,Returned by Kroger official Locations API on 2026-09-01,Kroger official Locations API,2026-09-01T20:17:21.472587+00:00,48
70100383,Fred Meyer - Twin Falls,FRED,705 Blue Lakes Blvd N,Twin Falls,ID,83301,2087365340,42.5753383,-114.4626573,,False,active,Returned by Kroger official Locations API on 2026-09-01,Kroger official Locations API,2026-09-01T20:17:21.472587+00:00,43
70100005,Fred Meyer - Albany,FRED,2500 Santiam Hwy Se,Albany,OR,97322,5419269463,44.63097,-123.0754921,,False,active,Returned by Kroger official Locations API on 2026-09-01,Kroger official Locations API,2026-09-01T20:17:21.472587+00:00,43
70100035,Fred Meyer - Beaverton,FRED,11425 Sw Beaverton Hillsdale Hwy,Beaverton,OR,97005,5035261800,45.4880726,-122.7945702,,False,active,Returned by Kroger official Locations API on 2026-09-01,Kroger official Locations API,2026-09-01T20:17:21.472587+00:00,51
70100482,Fred Meyer - Walker Road,FRED,15995 Sw Walker Rd,Beaverton,OR,97006,5036905800,45.5189624,-122.8416965,,False,active,Returned by Kroger official Locations API on 2026-09-01,Kroger official Locations API,2026-09-01T20:17:21.472587+00:00,55
70100021,Fred Meyer - Bend,FRED,61535 S Highway 97,Bend,OR,97702,5413856667,44.0348265,-121.3095136,,False,active,Returned by Kroger official Locations API on 2026-09-01,Kroger official Locations API,2026-09-01T20:17:21.472587+00:00,55
70100030,Fred Meyer - Brookings,FRED,325 5Th St,Brookings,OR,97415,5414691610,42.0535981,-124.2904377,,False,active,Returned by Kroger official Locations API on 2026-09-01,Kroger official Locations API,2026-09-01T20:17:21.472587+00:00,45
70100651,Fred Meyer - Canby,FRED,1401 Se 1St Ave,Canby,OR,97013,5032634100,45.2664015,-122.6767301,,False,active,Returned by Kroger official Locations API on 2026-09-01,Kroger official Locations API,2026-09-01T20:17:21.472587+00:00,45
70100063,Fred Meyer - Clackamas,FRED,16301 Se 82Nd Dr,Clackamas,OR,97015,5036571197,45.404549,-122.57008379999999,,False,active,Returned by Kroger official Locations API on 2026-09-01,Kroger official Locations API,2026-09-01T20:17:21.472587+00:00,46
70100050,Fred Meyer - Coos Bay,FRED,1020 1st St,Coos Bay,OR,97420,5412694000,43.3569283,-124.2106805,,False,active,Returned by Kroger official Locations API on 2026-09-01,Kroger official Locations API,2026-09-01T20:17:21.472587+00:00,37
70100060,Fred Meyer - Cornelius,FRED,2200 Baseline St,Cornelius,OR,97113,5033593100,45.5218463,-123.045191,,False,active,Returned by Kroger official Locations API on 2026-09-01,Kroger official Locations API,2026-09-01T20:17:21.472587+00:00,43
70100070,Fred Meyer - Corvallis,FRED,777 NW Kings Blvd,Corvallis,OR,97330,5417539116,44.5752586,-123.2741787,,False,active,Returned by Kroger official Locations API on 2026-09-01,Kroger official Locations API,2026-09-01T20:17:21.472587+00:00,45
70100325,Fred Meyer - Santa Clara,FRED,60 Division Ave,Eugene,OR,97404,5414611400,44.0980472,-123.1263443,,False,active,Returned by Kroger official Locations API on 2026-09-01,Kroger official Locations API,2026-09-01T20:17:21.472587+00:00,47
70100417,Fred Meyer - West Eugene,FRED,3333 W 11Th Ave,Eugene,OR,97402,5414844200,44.0495396,-123.1429636,,False,active,Returned by Kroger official Locations API on 2026-09-01,Kroger official Locations API,2026-09-01T20:17:21.472587+00:00,50
70100464,Fred Meyer - Florence,FRED,4701 Highway 101,Florence,OR,97439,5419027300,44.0078057,-124.1032871,,False,active,Returned by Kroger official Locations API on 2026-09-01,Kroger official Locations API,2026-09-01T20:17:21.472587+00:00,37
70100126,Fred Meyer - Grants Pass,FRED,1101 Grants Pass Pkwy,Grants Pass,OR,97526,5414747200,42.4353401,-123.30562929999999,,False,active,Returned by Kroger official Locations API on 2026-09-01,Kroger official Locations API,2026-09-01T20:17:21.472587+00:00,45
70100127,Fred Meyer - Gresham,FRED,2497 Se Burnside Rd,Gresham,OR,97080,5036694200,45.4959258,-122.4051716,,False,active,Returned by Kroger official Locations API on 2026-09-01,Kroger official Locations API,2026-09-01T20:17:21.472587+00:00,44
70100694,Fred Meyer - Fred Meyer,FRED,17005 SE Sunnyside Rd,Happy Valley,OR,97015,9719996250,45.428533,-122.48779,,False,active,Returned by Kroger official Locations API on 2026-09-01,Kroger official Locations API,2026-09-01T20:17:21.472587+00:00,40
70100153,Fred Meyer - Johnson Creek,FRED,8955 Se 82Nd Ave,Happy Valley,OR,97086,5037882000,45.4584982,-122.5810676,,False,active,Returned by Kroger official Locations API on 2026-09-01,Kroger official Locations API,2026-09-01T20:17:21.472587+00:00,55
70100143,Fred Meyer - Hillsboro,FRED,6495 Se Tualatin Valley Hwy,Hillsboro,OR,97129,5038484550,45.5000696,-122.9145741,,False,active,Returned by Kroger official Locations API on 2026-09-01,Kroger official Locations API,2026-09-01T20:17:21.472587+00:00,19
70100661,Fred Meyer - Sunset,FRED,7355 NE Imbrie Dr,Hillsboro,OR,97124,5037471100,45.55129,-122.903596,,False,active,Returned by Kroger official Locations API on 2026-09-01,Kroger official Locations API,2026-09-01T20:17:21.472587+00:00,52
70100165,Fred Meyer - Klamath Falls,FRED,2655 Shasta Way,Klamath Falls,OR,97603,5418841086,42.2155075,-121.7556737,,False,active,Returned by Kroger official Locations API on 2026-09-01,Kroger official Locations API,2026-09-01T20:17:21.472587+00:00,52
70100195,Fred Meyer - Medford,FRED,2424 Crater Lake Hwy,Medford,OR,97504,5417796158,42.3518884,-122.8709025,,False,active,Returned by Kroger official Locations API on 2026-09-01,Kroger official Locations API,2026-09-01T20:17:21.472587+00:00,50
70100196,Fred Meyer - Medford South,FRED,1301 Center Dr,Medford,OR,97501,5418574650,42.3144688,-122.85593109999999,,False,active,Returned by Kroger official Locations API on 2026-09-01,Kroger official Locations API,2026-09-01T20:17:21.472587+00:00,51
70100220,Fred Meyer - Newberg,FRED,3300 E Portland Rd,Newberg,OR,97132,5035371350,45.305688,-122.9440225,,False,active,Returned by Kroger official Locations API on 2026-09-01,Kroger official Locations API,2026-09-01T20:17:21.472587+00:00,48
70100227,Fred Meyer - Newport,FRED,150 Ne 20Th St,Newport,OR,97365,5412654581,44.6509974,-124.0510274,,False,active,Returned by Kroger official Locations API on 2026-09-01,Kroger official Locations API,2026-09-01T20:17:21.472587+00:00,44
70100240,Fred Meyer - Oak Grove,FRED,14700 Se Mcloughlin Blvd,Oak Grove,OR,97267,5036524100,45.4170066,-122.6304244,,False,active,Returned by Kroger official Locations API on 2026-09-01,Kroger official Locations API,2026-09-01T20:17:21.472587+00:00,50
70100242,Fred Meyer - Oregon City,FRED,1839 Molalla Ave,Oregon City,OR,97045,5036566226,45.3312936,-122.5830344,,False,active,Returned by Kroger official Locations API on 2026-09-01,Kroger official Locations API,2026-09-01T20:17:21.472587+00:00,52
70100040,Fred Meyer - Burlingame,FRED,7555 Sw Barbur Blvd,Portland,OR,97219,5034523000,45.4707414,-122.6902309,,False,active,Returned by Kroger official Locations API on 2026-09-01,Kroger official Locations API,2026-09-01T20:17:21.472587+00:00,45
70100075,Fred Meyer - Division,FRED,14700 Se Division St,Portland,OR,97236,5037624403,45.5029637,-122.51219950000001,,False,active,Returned by Kroger official Locations API on 2026-09-01,Kroger official Locations API,2026-09-01T20:17:21.472587+00:00,43
70100125,Fred Meyer - Glisan,FRED,6615 Ne Glisan St,Portland,OR,97213,5037976940,45.5275664,-122.5959047,,False,active,Returned by Kroger official Locations API on 2026-09-01,Kroger official Locations API,2026-09-01T20:17:21.472587+00:00,42
70100135,Fred Meyer - Hawthorne,FRED,3805 Se Hawthorne Blvd,Portland,OR,97214,5038723300,45.512474,-122.623335,,False,active,Returned by Kroger official Locations API on 2026-09-01,Kroger official Locations API,2026-09-01T20:17:21.472587+00:00,52
70100600,Fred Meyer - Hollywood West,FRED,3030 Ne Weidler St,Portland,OR,97232,5032801300,45.5330393,-122.63492360000001,,False,active,Returned by Kroger official Locations API on 2026-09-01,Kroger official Locations API,2026-09-01T20:17:21.472587+00:00,58
70100150,Fred Meyer - Interstate,FRED,7404 N Interstate Ave,Portland,OR,97217,5032866751,45.5758646,-122.68091150000001,,False,active,Returned by Kroger official Locations API on 2026-09-01,Kroger official Locations API,2026-09-01T20:17:21.472587+00:00,50
70100255,Fred Meyer - Peninsula,FRED,6850 N Lombard St,Portland,OR,97203,5032402700,45.5858293,-122.7380499,,False,active,Returned by Kroger official Locations API on 2026-09-01,Kroger official Locations API,2026-09-01T20:17:21.472587+00:00,38
70100285,Fred Meyer - Raleigh Hills,FRED,7700 Sw Beaverton Hillsdale Hwy,Portland,OR,97225,5032920731,45.4854232,-122.7560373,,False,active,Returned by Kroger official Locations API on 2026-09-01,Kroger official Locations API,2026-09-01T20:17:21.472587+00:00,40
70100360,Fred Meyer - Stadium,FRED,100 NW 20Th Pl,Portland,OR,97209,5032732004,45.5239565,-122.6927962,,False,active,Returned by Kroger official Locations API on 2026-09-01,Kroger official Locations API,2026-09-01T20:17:21.472587+00:00,43
70100650,Fred Meyer - Redmond,FRED,944 Sw Veterans Way,Redmond,OR,97756,5415045100,44.2673945,-121.1766845,,False,active,Returned by Kroger official Locations API on 2026-09-01,Kroger official Locations API,2026-09-01T20:17:21.472587+00:00,52
70100281,Fred Meyer - Roseburg,FRED,929 Nw Garden Valley Blvd,Roseburg,OR,97471,5416728581,43.2279664,-123.3685543,,False,active,Returned by Kroger official Locations API on 2026-09-01,Kroger official Locations API,2026-09-01T20:17:21.472587+00:00,39
70100090,Fred Meyer - East Salem,FRED,3740 Market St Ne,Salem,OR,97301,5035851225,44.9483916,-122.9862285,,False,active,Returned by Kroger official Locations API on 2026-09-01,Kroger official Locations API,2026-09-01T20:17:21.472587+00:00,48
70100225,Fred Meyer - North Salem,FRED,2855 Broadway St Ne,Salem,OR,97303,5035857151,44.9683322,-123.0301778,,False,active,Returned by Kroger official Locations API on 2026-09-01,Kroger official Locations API,2026-09-01T20:17:21.472587+00:00,37
70100355,Fred Meyer - South Salem,FRED,3450 Commercial St Se,Salem,OR,97302,5035857663,44.9061207,-123.0409338,,False,active,Returned by Kroger official Locations API on 2026-09-01,Kroger official Locations API,2026-09-01T20:17:21.472587+00:00,46
70100663,Fred Meyer - Sandy,FRED,16625 362ND Ave,Sandy,OR,97055,5036682300,45.4028564,-122.2924639,,False,active,Returned by Kroger official Locations API on 2026-09-01,Kroger official Locations API,2026-09-01T20:17:21.472587+00:00,48
70100462,Fred Meyer - Scappoose,FRED,51501 Columbia River Hwy,Scappoose,OR,97056,5035434500,45.742623,-122.878641,,False,active,Returned by Kroger official Locations API on 2026-09-01,Kroger official Locations API,2026-09-01T20:17:21.472587+00:00,45
70100328,Fred Meyer - Springfield,FRED,650 Q St,Springfield,OR,97477,5417415150,44.0634185,-123.0178431,,False,active,Returned by Kroger official Locations API on 2026-09-01,Kroger official Locations API,2026-09-01T20:17:21.472587+00:00,38
70100372,Fred Meyer - The Dalles,FRED,1215 W 6Th St,The Dalles,OR,97058,5412961700,45.6069179,-121.1994318,,False,active,Returned by Kroger official Locations API on 2026-09-01,Kroger official Locations API,2026-09-01T20:17:21.472587+00:00,44
70100375,Fred Meyer - Tigard,FRED,11565 Sw Pacific Hwy,Tigard,OR,97223,5032937053,45.4410981,-122.7520882,,False,active,Returned by Kroger official Locations API on 2026-09-01,Kroger official Locations API,2026-09-01T20:17:21.472587+00:00,54
70100377,Fred Meyer - Tillamook,FRED,2500 Main Ave N,Tillamook,OR,97141,5038151400,45.4747029,-123.845776,,False,active,Returned by Kroger official Locations API on 2026-09-01,Kroger official Locations API,2026-09-01T20:17:21.472587+00:00,29
70100393,Fred Meyer - Tualatin,FRED,19200 Sw Martinazzi Ave,Tualatin,OR,97062,5036914200,45.3815359,-122.757262,,False,active,Returned by Kroger official Locations API on 2026-09-01,Kroger official Locations API,2026-09-01T20:17:21.472587+00:00,54
70100218,Fred Meyer - North Coast,FRED,695 S Highway 101,Warrenton,OR,97146,5038613000,46.160422,-123.9031092,,False,active,Returned by Kroger official Locations API on 2026-09-01,Kroger official Locations API,2026-09-01T20:17:21.472587+00:00,50
70100516,Fred Meyer - Wilsonville,FRED,30300 Sw Boones Ferry Rd,Wilsonville,OR,97070,5035703500,45.3010013,-122.7707833,,False,active,Returned by Kroger official Locations API on 2026-09-01,Kroger official Locations API,2026-09-01T20:17:21.472587+00:00,50
70100660,Fred Meyer - Wood Village,FRED,22855 Ne Park Ln,Wood Village,OR,97060,5034925000,45.5303367,-122.428668,,False,active,Returned by Kroger official Locations API on 2026-09-01,Kroger official Locations API,2026-09-01T20:17:21.472587+00:00,47
70100019,Fred Meyer - Auburn,FRED,801 Auburn Way N,Auburn,WA,98002,2539315550,47.3153441,-122.2263041,,False,active,Returned by Kroger official Locations API on 2026-09-01,Kroger official Locations API,2026-09-01T20:17:21.472587+00:00,54
70100614,Fred Meyer - Battle Ground,FRED,401 Nw 12Th Ave,Battle Ground,WA,98604,3606665100,45.7841164,-122.5489608,,False,active,Returned by Kroger official Locations API on 2026-09-01,Kroger official Locations API,2026-09-01T20:17:21.472587+00:00,42
70100023,Fred Meyer - Bellevue,FRED,2041 148Th Ave Ne,Bellevue,WA,98007,4258658560,47.6288277,-122.1446464,,False,active,Returned by Kroger official Locations API on 2026-09-01,Kroger official Locations API,2026-09-01T20:17:21.472587+00:00,42
70100025,Fred Meyer - Bellingham,FRED,800 Lakeway Dr,Bellingham,WA,98229,3606761102,48.7434772,-122.4645617,,False,active,Returned by Kroger official Locations API on 2026-09-01,Kroger official Locations API,2026-09-01T20:17:21.472587+00:00,47
70100667,Fred Meyer - North Bellingham,FRED,1225 W Bakerview Rd,Bellingham,WA,98226,3607882900,48.7884657,-122.5116232,,False,active,Returned by Kroger official Locations API on 2026-09-01,Kroger official Locations API,2026-09-01T20:17:21.472587+00:00,57
70100041,Fred Meyer - Bonney Lake,FRED,20904 State Route 410 E,Bonney Lake,WA,98391,2538917300,47.1664465,-122.1509565,,False,active,Returned by Kroger official Locations API on 2026-09-01,Kroger official Locations API,2026-09-01T20:17:21.472587+00:00,54
70100457,Fred Meyer - Bothell,FRED,21045 Bothell Everett Hwy,Bothell,WA,98021,4253987000,47.807305,-122.205946,,False,active,Returned by Kroger official Locations API on 2026-09-01,Kroger official Locations API,2026-09-01T20:17:21.472587+00:00,52
70100171,Fred Meyer - Kitsap,FRED,5050 State Highway 303 Ne,Bremerton,WA,98311,3607922800,47.609617,-122.6265172,,False,active,Returned by Kroger official Locations API on 2026-09-01,Kroger official Locations API,2026-09-01T20:17:21.472587+00:00,50
70100028,Fred Meyer - Burien,FRED,14300 1St Ave S,Burien,WA,98168,2064336411,47.4752714,-122.3315918,,False,active,Returned by Kroger official Locations API on 2026-09-01,Kroger official Locations API,2026-09-01T20:17:21.472587+00:00,56
70100024,Fred Meyer - Burlington,FRED,920 S Burlington Blvd,Burlington,WA,98233,3607579100,48.4667448,-122.33350659999999,,False,active,Returned by Kroger official Locations API on 2026-09-01,Kroger official Locations API,2026-09-01T20:17:21.472587+00:00,47
70100053,Fred Meyer - Covington,FRED,16735 Se 272Nd St,Covington,WA,98042,2536397400,47.3563794,-122.11849910000001,,False,active,Returned by Kroger official Locations API on 2026-09-01,Kroger official Locations API,2026-09-01T20:17:21.472587+00:00,54
70100654,Fred Meyer - Wenatchee,FRED,11 Grant Rd,East Wenatchee,WA,98802,5098812800,47.4070717,-120.2909944,,False,active,Returned by Kroger official Locations API on 2026-09-01,Kroger official Locations API,2026-09-01T20:17:21.472587+00:00,36
70100652,Fred Meyer - Ellensburg,FRED,201 S Water St,Ellensburg,WA,98926,5099620500,46.9912557,-120.5517978,,False,active,Returned by Kroger official Locations API on 2026-09-01,Kroger official Locations API,2026-09-01T20:17:21.472587+00:00,47
70100458,Fred Meyer - Mill Creek,FRED,12906 Bothell Everett Hwy,Everett,WA,98208,4253572000,47.8799113,-122.2092576,,False,active,Returned by Kroger official Locations API on 2026-09-01,Kroger official Locations API,2026-09-01T20:17:21.472587+00:00,48
70100111,Fred Meyer - Federal Way,FRED,33702 21St Ave Sw,Federal Way,WA,98023,2539520100,47.2979032,-122.3588638,,False,active,Returned by Kroger official Locations API on 2026-09-01,Kroger official Locations API,2026-09-01T20:17:21.472587+00:00,45
70100691,Fred Meyer - Gig Harbor,FRED,5502 Point Fosdick Dr,Gig Harbor,WA,98335,2534328800,47.307272,-122.581157,,False,active,Returned by Kroger official Locations API on 2026-09-01,Kroger official Locations API,2026-09-01T20:17:21.472587+00:00,29
70100658,Fred Meyer - Issaquah,FRED,6100 E Lake Sammamish Pkwy Se,Issaquah,WA,98029,4254161100,47.548743,-122.0388627,,False,active,Returned by Kroger official Locations API on 2026-09-01,Kroger official Locations API,2026-09-01T20:17:21.472587+00:00,50
70100163,Fred Meyer - Kennewick,FRED,2811 W 10th Ave,Kennewick,WA,99336,5097358700,46.197345,-119.16146499999999,,False,active,Returned by Kroger official Locations API on 2026-09-01,Kroger official Locations API,2026-09-01T20:17:21.472587+00:00,52
70100215,Fred Meyer - Redondo,FRED,25250 Pacific Hwy S,Kent,WA,98032,2539467400,47.3742246,-122.2981516,,False,active,Returned by Kroger official Locations API on 2026-09-01,Kroger official Locations API,2026-09-01T20:17:21.472587+00:00,53
70100391,Fred Meyer - Fred Meyer Kirkland,FRED,12221 120th Ave NE,Kirkland,WA,98034,4258203200,47.7078712,-122.1841547,,False,active,Returned by Kroger official Locations API on 2026-09-01,Kroger official Locations API,2026-09-01T20:17:21.472587+00:00,59
70100186,Fred Meyer - Lacey,FRED,700 Sleater Kinney Rd Se,Lacey,WA,98503,3604386450,47.0410766,-122.8308983,,False,active,Returned by Kroger official Locations API on 2026-09-01,Kroger official Locations API,2026-09-01T20:17:21.472587+00:00,51
70100185,Fred Meyer - Longview,FRED,3184 Ocean Beach Hwy,Longview,WA,98632,3606361010,46.149001,-122.964547,,False,active,Returned by Kroger official Locations API on 2026-09-01,Kroger official Locations API,2026-09-01T20:17:21.472587+00:00,47
70100688,Fred Meyer - Alderwood,FRED,2902 164Th St Sw,Lynnwood,WA,98087,4257874900,47.8475416,-122.2729081,,False,active,Returned by Kroger official Locations API on 2026-09-01,Kroger official Locations API,2026-09-01T20:17:21.472587+00:00,55
70100180,Fred Meyer - Lynnwood,FRED,4615 196Th St Sw Ste 175,Lynnwood,WA,98036,4256700200,47.8221703,-122.2955091,,False,active,Returned by Kroger official Locations API on 2026-09-01,Kroger official Locations API,2026-09-01T20:17:21.472587+00:00,54
70100682,Fred Meyer - Maple Valley,FRED,26520 Maple Valley Black Diamond Rd SE,Maple Valley,WA,98038,4254332300,47.363933,-122.01886400000001,,False,active,Returned by Kroger official Locations API on 2026-09-01,Kroger official Locations API,2026-09-01T20:17:21.472587+00:00,56
70100209,Fred Meyer - Marysville,FRED,9925 State Ave,Marysville,WA,98270,3606530700,48.0853027,-122.1696979,,False,active,Returned by Kroger official Locations API on 2026-09-01,Kroger official Locations API,2026-09-01T20:17:21.472587+00:00,51
70100210,Fred Meyer - Monroe,FRED,18805 State Route 2,Monroe,WA,98272,3608051996,47.8629936,-121.9785773,,False,active,Returned by Kroger official Locations API on 2026-09-01,Kroger official Locations API,2026-09-01T20:17:21.472587+00:00,55
70100655,Fred Meyer - Port Orchard,FRED,1900 Se Sedgwick Rd,Port Orchard,WA,98366,3608747140,47.5032857,-122.6292304,,False,active,Returned by Kroger official Locations API on 2026-09-01,Kroger official Locations API,2026-09-01T20:17:21.472587+00:00,50
70100265,Fred Meyer - Puyallup,FRED,1100 N Meridian,Puyallup,WA,98371,2538408150,47.201305,-122.296414,,False,active,Returned by Kroger official Locations API on 2026-09-01,Kroger official Locations API,2026-09-01T20:17:21.472587+00:00,51
70100424,Fred Meyer - South Hill,FRED,17404 MERIDIAN E,Puyallup,WA,98375,2534457840,47.0992143,-122.2968621,,False,active,Returned by Kroger official Locations API on 2026-09-01,Kroger official Locations API,2026-09-01T20:17:21.472587+00:00,53
70100031,Fred Meyer - Benson Plaza,FRED,17801 108Th Ave Se,Renton,WA,98055,4252355350,47.4429452,-122.1993985,,False,active,Returned by Kroger official Locations API on 2026-09-01,Kroger official Locations API,2026-09-01T20:17:21.472587+00:00,49
70100459,Fred Meyer - Renton,FRED,365 Renton Center Way Sw,Renton,WA,98057,4252045200,47.4775586,-122.2192897,,False,active,Returned by Kroger official Locations API on 2026-09-01,Kroger official Locations API,2026-09-01T20:17:21.472587+00:00,48
70100286,Fred Meyer - Richland,FRED,101 Wellsian Way,Richland,WA,99352,5099438340,46.262722,-119.28636,,False,active,Returned by Kroger official Locations API on 2026-09-01,Kroger official Locations API,2026-09-01T20:17:21.472587+00:00,43
70100608,Fred Meyer - Ballard,FRED,915 Nw 45Th St,Seattle,WA,98107,2062974300,47.6602885,-122.3684231,,False,active,Returned by Kroger official Locations API on 2026-09-01,Kroger official Locations API,2026-09-01T20:17:21.472587+00:00,56
70100122,Fred Meyer - Greenwood,FRED,100 NW 85th St,Seattle,WA,98117,2067849600,47.691887,-122.359195,,False,active,Returned by Kroger official Locations API on 2026-09-01,Kroger official Locations API,2026-09-01T20:17:21.472587+00:00,47
70100603,Fred Meyer - Shelton,FRED,301 E Wallace Kneeland Blvd,Shelton,WA,98584,3604272979,47.229962,-123.124041,,False,active,Returned by Kroger official Locations API on 2026-09-01,Kroger official Locations API,2026-09-01T20:17:21.472587+00:00,29
70100013,Fred Meyer - Shoreline,FRED,18325 Aurora Ave N,Shoreline,WA,98133,2065460720,47.7621166,-122.3477418,,False,active,Returned by Kroger official Locations API on 2026-09-01,Kroger official Locations API,2026-09-01T20:17:21.472587+00:00,49
70100681,Fred Meyer - Snohomish,FRED,2801 Bickford Ave,Snohomish,WA,98290,3605633700,47.9439153,-122.10519550000001,,False,active,Returned by Kroger official Locations API on 2026-09-01,Kroger official Locations API,2026-09-01T20:17:21.472587+00:00,53
70100604,Fred Meyer - Bethel Station,FRED,22303 Mountain Hwy E,Spanaway,WA,98387,2538759282,47.055248,-122.3973026,,False,active,Returned by Kroger official Locations API on 2026-09-01,Kroger official Locations API,2026-09-01T20:17:21.472587+00:00,31
70100657,Fred Meyer - Thor Street Spokane,FRED,400 S Thor St,Spokane,WA,99202,5095324000,47.6525303,-117.3622158,,False,active,Returned by Kroger official Locations API on 2026-09-01,Kroger official Locations API,2026-09-01T20:17:21.472587+00:00,47
70100214,Fred Meyer - Wandermere,FRED,12120 N Division St,Spokane,WA,99218,5094654400,47.7675968,-117.4023408,,False,active,Returned by Kroger official Locations API on 2026-09-01,Kroger official Locations API,2026-09-01T20:17:21.472587+00:00,51
70100351,Fred Meyer - Spokane Sullivan,FRED,15609 E Sprague Ave,Spokane Valley,WA,99037,5099215350,47.6588398,-117.1934717,,False,active,Returned by Kroger official Locations API on 2026-09-01,Kroger official Locations API,2026-09-01T20:17:21.472587+00:00,52
70100665,Fred Meyer - Sumner,FRED,1201 Valley Ave E,Sumner,WA,98390,2538268400,47.2044963,-122.2278548,,False,active,Returned by Kroger official Locations API on 2026-09-01,Kroger official Locations API,2026-09-01T20:17:21.472587+00:00,49
70100605,Fred Meyer - James Center,FRED,6901 S 19Th St,Tacoma,WA,98466,2535647477,47.2442399,-122.5290968,,False,active,Returned by Kroger official Locations API on 2026-09-01,Kroger official Locations API,2026-09-01T20:17:21.472587+00:00,27
70100390,Fred Meyer - Tacoma-Stevens,FRED,4505 S 19Th St,Tacoma,WA,98405,2537569280,47.2440486,-122.4972644,,False,active,Returned by Kroger official Locations API on 2026-09-01,Kroger official Locations API,2026-09-01T20:17:21.472587+00:00,49
70100659,Fred Meyer - Tumwater,FRED,555 Trosper Rd Sw,Tumwater,WA,98512,3607537900,46.998181,-122.9146539,,False,active,Returned by Kroger official Locations API on 2026-09-01,Kroger official Locations API,2026-09-01T20:17:21.472587+00:00,54
70100615,Fred Meyer - University Place,FRED,6305 Bridgeport Way W,University Place,WA,98467,2534604000,47.2006877,-122.5288898,,False,active,Returned by Kroger official Locations API on 2026-09-01,Kroger official Locations API,2026-09-01T20:17:21.472587+00:00,49
70100093,Fred Meyer - Fishers Landing,FRED,16600 Se Mcgillivray Blvd,Vancouver,WA,98683,3602603300,45.6058395,-122.5015067,,False,active,Returned by Kroger official Locations API on 2026-09-01,Kroger official Locations API,2026-09-01T20:17:21.472587+00:00,55
70100683,Fred Meyer - Grand Central,FRED,2500 Columbia House Blvd,Vancouver,WA,98661,3606191700,45.620379,-122.645506,,False,active,Returned by Kroger official Locations API on 2026-09-01,Kroger official Locations API,2026-09-01T20:17:21.472587+00:00,56
70100140,Fred Meyer - Hazel Dell,FRED,7700 NE Highway 99,Vancouver,WA,98665,3606998100,45.676978,-122.663391,,False,active,Returned by Kroger official Locations API on 2026-09-01,Kroger official Locations API,2026-09-01T20:17:21.472587+00:00,43
70100208,Fred Meyer - Mill Plain,FRED,11325 Se Mill Plain Blvd,Vancouver,WA,98684,3602537053,45.6195112,-122.5562683,,False,active,Returned by Kroger official Locations API on 2026-09-01,Kroger official Locations API,2026-09-01T20:17:21.472587+00:00,36
70100236,Fred Meyer - Orchards,FRED,7411 NE 117Th Ave,Vancouver,WA,98662,3608963500,45.6760999,-122.5509276,,False,active,Returned by Kroger official Locations API on 2026-09-01,Kroger official Locations API,2026-09-01T20:17:21.472587+00:00,49
70100460,Fred Meyer - Salmon Creek,FRED,800 Ne Tenney Rd,Vancouver,WA,98685,3605712540,45.7206085,-122.6624984,,False,active,Returned by Kroger official Locations API on 2026-09-01,Kroger official Locations API,2026-09-01T20:17:21.472587+00:00,56
70100486,Fred Meyer - West Yakima,FRED,1206 N 40Th Ave,Yakima,WA,98908,5095766800,46.6201393,-120.5643649,,False,active,Returned by Kroger official Locations API on 2026-09-01,Kroger official Locations API,2026-09-01T20:17:21.472587+00:00,53
66000665,Fry's Marketplace - NEC Old West Highway Idaho Road,FRYS,150 E Old West Hwy,Apache Junction,AZ,85119,4802882140,33.414069,-111.543981,,False,active,Returned by Kroger official Locations API on 2026-09-01,Kroger official Locations API,2026-09-01T20:17:21.472587+00:00,39
66000066,Fry's Food And Drug - 107th Ave Indian School,FRYS,10675 W Indian School Rd,Avondale,AZ,85392,6237720501,33.492113,-112.2884396,,False,active,Returned by Kroger official Locations API on 2026-09-01,Kroger official Locations API,2026-09-01T20:17:21.472587+00:00,28
66000089,Fry's Food And Drug - 115th Ave Buckeye Rd,FRYS,11425 W Buckeye Rd,Avondale,AZ,85323,6239076160,33.43396,-112.304428,,False,active,Returned by Kroger official Locations API on 2026-09-01,Kroger official Locations API,2026-09-01T20:17:21.472587+00:00,35
66000112,Fry's Food And Drug - Dysart McDowell,FRYS,1575 N Dysart Rd,Avondale,AZ,85392,6239250267,33.463042,-112.338997,,False,active,Returned by Kroger official Locations API on 2026-09-01,Kroger official Locations API,2026-09-01T20:17:21.472587+00:00,34
66000654,Fry's Food And Drug - Buckeye Frys,FRYS,4625 S Miller Rd,Buckeye,AZ,85326,4803517450,33.4039176,-112.58741,,False,active,Returned by Kroger official Locations API on 2026-09-01,Kroger official Locations API,2026-09-01T20:17:21.472587+00:00,58
66000692,Fry's Marketplace - Verrado - Indian School and Jack Rabbit Trail,FRYS,19600 W Indian School Rd,Buckeye,AZ,85396,6232657200,33.495296,-112.481823,,False,active,Returned by Kroger official Locations API on 2026-09-01,Kroger official Locations API,2026-09-01T20:17:21.472587+00:00,44
66000675,Fry's Marketplace - Yuma St Watson Rd,FRYS,1300 S Watson Rd,Buckeye,AZ,85326,6236916600,33.434938,-112.558496,,False,active,Returned by Kroger official Locations API on 2026-09-01,Kroger official Locations API,2026-09-01T20:17:21.472587+00:00,53
66000048,Fry's Food And Drug - Florence Blvd Colorado,FRYS,1385 E Florence Blvd,Casa Grande,AZ,85122,5208361701,32.8786361,-111.7277347,,False,active,Returned by Kroger official Locations API on 2026-09-01,Kroger official Locations API,2026-09-01T20:17:21.472587+00:00,35
66000669,Fry's Marketplace - Pinal McCartney Rd,FRYS,2858 N Pinal Ave,Casa Grande,AZ,85122,5204264700,32.9404572,-111.754323,,False,active,Returned by Kroger official Locations API on 2026-09-01,Kroger official Locations API,2026-09-01T20:17:21.472587+00:00,43
66000067,Fry's Food And Drug - 48th St Carefree Hwy,FRYS,4815 E Carefree Hwy Ste 100,Cave Creek,AZ,85331,4805750693,33.797217,-111.9766901,,False,active,Returned by Kroger official Locations API on 2026-09-01,Kroger official Locations API,2026-09-01T20:17:21.472587+00:00,35
66000474,Fry's Food And Drug - Tatum Cave Creek,FRYS,29455 N Cave Creek Rd,Cave Creek,AZ,85331,4805387130,33.7524364,-111.9904257,,False,active,Returned by Kroger official Locations API on 2026-09-01,Kroger official Locations API,2026-09-01T20:17:21.472587+00:00,39
66000037,Fry's Food And Drug - Alma School Elliott,FRYS,981 W Elliot Rd,Chandler,AZ,85225,4808212296,33.348099,-111.8579718,,False,active,Returned by Kroger official Locations API on 2026-09-01,Kroger official Locations API,2026-09-01T20:17:21.472587+00:00,29
66000069,Fry's Food And Drug - Alma School Germann,FRYS,2010 S Alma School Rd,Chandler,AZ,85286,4809177596,33.275562,-111.8609191,,False,active,Returned by Kroger official Locations API on 2026-09-01,Kroger official Locations API,2026-09-01T20:17:21.472587+00:00,39
66000051,Fry's Food And Drug - Dobson Ray Rd,FRYS,1950 W Ray Rd,Chandler,AZ,85224,4808147732,33.321889,-111.8749268,,False,active,Returned by Kroger official Locations API on 2026-09-01,Kroger official Locations API,2026-09-01T20:17:21.472587+00:00,33
66000681,Fry's Marketplace - E Ocotillo Rd S Gilbert,FRYS,2929 E Ocotillo Rd,Chandler,AZ,85249,4805668875,33.2455194,-111.7915797,,False,active,Returned by Kroger official Locations API on 2026-09-01,Kroger official Locations API,2026-09-01T20:17:21.472587+00:00,53
66000668,Fry's Marketplace - Riggs Rd McQueen Rd,FRYS,985 E Riggs Rd,Chandler,AZ,85249,4808836500,33.2173551,-111.82517250000001,,False,active,Returned by Kroger official Locations API on 2026-09-01,Kroger official Locations API,2026-09-01T20:17:21.472587+00:00,44
66000103,Fry's Food And Drug - Hwy 89-260 Fir,FRYS,1100 S State Route 260,Cottonwood,AZ,86326,9286349611,34.7183757,-112.0032267,,False,active,Returned by Kroger official Locations API on 2026-09-01,Kroger official Locations API,2026-09-01T20:17:21.472587+00:00,34
66000104,Fry's Food And Drug - Switzer Canyon Route 66,FRYS,201 N Switzer Canyon Dr,Flagstaff,AZ,86001,9287742719,35.1951744,-111.6351926,,False,active,Returned by Kroger official Locations API on 2026-09-01,Kroger official Locations API,2026-09-01T20:17:21.472587+00:00,39
66000070,Fry's Food And Drug - Shea Eagle Mountain,FRYS,14845 E Shea Blvd,Fountain Hills,AZ,85268,4808367311,33.5789606,-111.7604044,,False,active,Returned by Kroger official Locations API on 2026-09-01,Kroger official Locations API,2026-09-01T20:17:21.472587+00:00,27
66000072,Fry's Food And Drug - Gilbert Williams Field Rd,FRYS,87 E Williams Field Rd,Gilbert,AZ,85295,4807263720,33.3048641,-111.7879439,,False,active,Returned by Kroger official Locations API on 2026-09-01,Kroger official Locations API,2026-09-01T20:17:21.472587+00:00,35
66000075,Fry's Food And Drug - Pecos Higley,FRYS,3261 E Pecos Rd,Gilbert,AZ,85295,4809886300,33.2904394,-111.7196264,,False,active,Returned by Kroger official Locations API on 2026-09-01,Kroger official Locations API,2026-09-01T20:17:21.472587+00:00,39
66000052,Fry's Food And Drug - Warner Cooper,FRYS,855 W Warner Rd,Gilbert,AZ,85233,4808137388,33.3339918,-111.8083638,,False,active,Returned by Kroger official Locations API on 2026-09-01,Kroger official Locations API,2026-09-01T20:17:21.472587+00:00,40
66000064,Fry's Food And Drug - Warner Val Vista,FRYS,714 S Val Vista Dr,Gilbert,AZ,85296,4806546968,33.3373394,-111.7571804,,False,active,Returned by Kroger official Locations API on 2026-09-01,Kroger official Locations API,2026-09-01T20:17:21.472587+00:00,36
66000624,Fry's Marketplace - Baseline Gilbert,FRYS,1845 E Baseline Rd,Gilbert,AZ,85233,4805393700,33.3769467,-111.7911336,,False,active,Returned by Kroger official Locations API on 2026-09-01,Kroger official Locations API,2026-09-01T20:17:21.472587+00:00,46
66000670,Fry's Marketplace - Chandler Heights Higley,FRYS,6470 S Higley Rd,Gilbert,AZ,85298,4808409560,33.232731,-111.723131,,False,active,Returned by Kroger official Locations API on 2026-09-01,Kroger official Locations API,2026-09-01T20:17:21.472587+00:00,52
66000658,Fry's Marketplace - Cooley Station,FRYS,4075 E Williams Field Rd,Gilbert,AZ,85295,4803479812,33.3046654,-111.70242,,False,active,Returned by Kroger official Locations API on 2026-09-01,Kroger official Locations API,2026-09-01T20:17:21.472587+00:00,51
66000615,Fry's Marketplace - Frys Marketplace Gilbert,FRYS,1455 N Higley Rd,Gilbert,AZ,85234,4804287180,33.376732,-111.720379,,False,active,Returned by Kroger official Locations API on 2026-09-01,Kroger official Locations API,2026-09-01T20:17:21.472587+00:00,52
66000655,Fry's Marketplace - Gilbert Marketplace,FRYS,3490 S Power Rd,Gilbert,AZ,85234,4805467370,33.3524346,-111.68928,,False,active,Returned by Kroger official Locations API on 2026-09-01,Kroger official Locations API,2026-09-01T20:17:21.472587+00:00,59
66000028,Fry's Food And Drug - 43rd Ave Bell Rd,FRYS,4315 W Bell Rd,Glendale,AZ,85308,6029782590,33.6378817,-112.1527143,,False,active,Returned by Kroger official Locations API on 2026-09-01,Kroger official Locations API,2026-09-01T20:17:21.472587+00:00,31
66000010,Fry's Food And Drug - 43rd Ave Bethany Home,FRYS,4353 W Bethany Home Rd,Glendale,AZ,85301,6239345324,33.5225437,-112.1533759,,False,active,Returned by Kroger official Locations API on 2026-09-01,Kroger official Locations API,2026-09-01T20:17:21.472587+00:00,25
66000136,Fry's Food And Drug - 43rd Northern,FRYS,4329 W Northern Ave,Glendale,AZ,85301,6239318445,33.5523776,-112.1531895,,False,active,Returned by Kroger official Locations API on 2026-09-01,Kroger official Locations API,2026-09-01T20:17:21.472587+00:00,30
66000026,Fry's Food And Drug - 51st Ave Olive,FRYS,5116 W Olive Ave,Glendale,AZ,85302,6239341862,33.5688563,-112.1699382,,False,active,Returned by Kroger official Locations API on 2026-09-01,Kroger official Locations API,2026-09-01T20:17:21.472587+00:00,28
66000060,Fry's Food And Drug - 59th Ave Beardsley,FRYS,20220 N 59Th Ave,Glendale,AZ,85308,6238253111,33.6697071,-112.1889182,,False,active,Returned by Kroger official Locations API on 2026-09-01,Kroger official Locations API,2026-09-01T20:17:21.472587+00:00,36
66000006,Fry's Food And Drug - 59th Ave Thunderbird,FRYS,5771 W Thunderbird Rd,Glendale,AZ,85306,6029789488,33.6093102,-112.1840283,,False,active,Returned by Kroger official Locations API on 2026-09-01,Kroger official Locations API,2026-09-01T20:17:21.472587+00:00,29
66000011,Fry's Food And Drug - 67th Ave Bethany Home,FRYS,6710 W Bethany Home Rd,Glendale,AZ,85303,6239340348,33.5252143,-112.2042508,,False,active,Returned by Kroger official Locations API on 2026-09-01,Kroger official Locations API,2026-09-01T20:17:21.472587+00:00,27
66000073,Fry's Food And Drug - 67th Ave Happy Valley Rd,FRYS,6625 W Happy Valley Rd,Glendale,AZ,85310,6235618905,33.710617,-112.20150459999999,,False,active,Returned by Kroger official Locations API on 2026-09-01,Kroger official Locations API,2026-09-01T20:17:21.472587+00:00,34
66000625,Fry's Marketplace - 67th Ave Bell Rd,FRYS,6611 W Bell Rd,Glendale,AZ,85308,6233342940,33.6368706,-112.2004963,,False,active,Returned by Kroger official Locations API on 2026-09-01,Kroger official Locations API,2026-09-01T20:17:21.472587+00:00,41
66000676,Fry's Marketplace - Yuma Sarival Rd,FRYS,16380 W Yuma Rd,Goodyear,AZ,85338,6239254440,33.437491,-112.411304,,False,active,Returned by Kroger official Locations API on 2026-09-01,Kroger official Locations API,2026-09-01T20:17:21.472587+00:00,46
66000087,Fry's Food And Drug - 51st Ave Baseline,FRYS,5140 W Baseline Rd,Laveen,AZ,85339,6022377000,33.3795016,-112.1703697,,False,active,Returned by Kroger official Locations API on 2026-09-01,Kroger official Locations API,2026-09-01T20:17:21.472587+00:00,36
66000667,Fry's Marketplace - Litchfield Park,FRYS,13730 W Camelback Rd,Litchfield Park,AZ,85340,6233347735,33.509991,-112.355685,,False,active,Returned by Kroger official Locations API on 2026-09-01,Kroger official Locations API,2026-09-01T20:17:21.472587+00:00,52
66000677,Fry's Marketplace - Gladden Farms Marketplace,FRYS,11350 W Tangerine Rd,Marana,AZ,85653,5206356800,32.4286631,-111.20519,,False,active,Returned by Kroger official Locations API on 2026-09-01,Kroger official Locations API,2026-09-01T20:17:21.472587+00:00,60
66000689,Fry's Marketplace - Tangerine Thornydale,FRYS,12100 N Thornydale Rd,Marana,AZ,85658,5205726040,32.4262894,-111.0450321,,False,active,Returned by Kroger official Locations API on 2026-09-01,Kroger official Locations API,2026-09-01T20:17:21.472587+00:00,43
66000672,Fry's Marketplace - John Wayne Pkwy Edwards Ave,FRYS,20797 N John Wayne Pkwy,Maricopa,AZ,85139,5205686200,33.0677005,-112.0443417,,False,active,Returned by Kroger official Locations API on 2026-09-01,Kroger official Locations API,2026-09-01T20:17:21.472587+00:00,50
66000113,Fry's Food And Drug - Alma School Rd Main St,FRYS,1245 W Main St,Mesa,AZ,85201,4808338879,33.4130927,-111.8580863,,False,active,Returned by Kroger official Locations API on 2026-09-01,Kroger official Locations API,2026-09-01T20:17:21.472587+00:00,26
66000062,Fry's Food And Drug - Baseline Country Club,FRYS,554 W Baseline Rd,Mesa,AZ,85210,4809699299,33.3805677,-111.8435935,,False,active,Returned by Kroger official Locations API on 2026-09-01,Kroger official Locations API,2026-09-01T20:17:21.472587+00:00,32
66000123,Fry's Food And Drug - Broadway Lindsay,FRYS,2727 E Broadway Rd,Mesa,AZ,85204,4804645705,33.4064146,-111.7723364,,False,active,Returned by Kroger official Locations API on 2026-09-01,Kroger official Locations API,2026-09-01T20:17:21.472587+00:00,31
66000115,Fry's Food And Drug - Ellsworth Broadway,FRYS,435 S Ellsworth Rd,Mesa,AZ,85208,4803801005,33.4068667,-111.630782,,False,active,Returned by Kroger official Locations API on 2026-09-01,Kroger official Locations API,2026-09-01T20:17:21.472587+00:00,35
66000023,Fry's Food And Drug - McKellips Recker,FRYS,5941 E Mckellips Rd,Mesa,AZ,85215,4808308949,33.4503008,-111.7028442,,False,active,Returned by Kroger official Locations API on 2026-09-01,Kroger official Locations API,2026-09-01T20:17:21.472587+00:00,35
66000611,Fry's Marketplace - Greenfield Main,FRYS,4440 E Main St,Mesa,AZ,85205,4802188540,33.4173282,-111.7349675,,False,active,Returned by Kroger official Locations API on 2026-09-01,Kroger official Locations API,2026-09-01T20:17:21.472587+00:00,40
66000622,Fry's Marketplace - McKellips Stapley Dr,FRYS,1935 N Stapley Dr,Mesa,AZ,85203,4806104140,33.450397,-111.802907,,False,active,Returned by Kroger official Locations API on 2026-09-01,Kroger official Locations API,2026-09-01T20:17:21.472587+00:00,44
66000686,Fry's Marketplace - Signal Butte Rd Guadalupe,FRYS,2724 S Signal Butte Rd,Mesa,AZ,85209,4804817200,33.365825,-111.603988,,False,active,Returned by Kroger official Locations API on 2026-09-01,Kroger official Locations API,2026-09-01T20:17:21.472587+00:00,50
66000109,Fry's Food And Drug - Hwy 60 Hwy 70,FRYS,2115 E Highway 60 STE 200,Miami,AZ,85539,9284253276,33.4203709,-110.8167008,,False,active,Returned by Kroger official Locations API on 2026-09-01,Kroger official Locations API,2026-09-01T20:17:21.472587+00:00,29
66000117,Fry's Food And Drug - Lambert La Canada Dr,FRYS,10450 N La Canada Dr,Oro Valley,AZ,85737,5208779207,32.3964524,-110.9937504,,False,active,Returned by Kroger official Locations API on 2026-09-01,Kroger official Locations API,2026-09-01T20:17:21.472587+00:00,35
66000018,Fry's Food And Drug - ORACLE 1ST AVE,FRYS,10661 N Oracle Rd,Oro Valley,AZ,85737,5207426663,32.4007935,-110.9578475,,False,active,Returned by Kroger official Locations API on 2026-09-01,Kroger official Locations API,2026-09-01T20:17:21.472587+00:00,37
66000045,Fry's Food And Drug - 75th Ave Cactus,FRYS,7455 W Cactus Rd,Peoria,AZ,85381,6234860120,33.5944965,-112.2189306,,False,active,Returned by Kroger official Locations API on 2026-09-01,Kroger official Locations API,2026-09-01T20:17:21.472587+00:00,30
66000074,Fry's Food And Drug - 83rd Ave Deer Valley Rd,FRYS,8375 W Deer Valley Rd,Peoria,AZ,85382,6235615504,33.6802843,-112.2399064,,False,active,Returned by Kroger official Locations API on 2026-09-01,Kroger official Locations API,2026-09-01T20:17:21.472587+00:00,37
66000056,Fry's Food And Drug - 91st Ave Olive,FRYS,9043 W Olive Ave,Peoria,AZ,85345,6239798880,33.564647,-112.25374,,False,active,Returned by Kroger official Locations API on 2026-09-01,Kroger official Locations API,2026-09-01T20:17:21.472587+00:00,34
66000114,Fry's Food And Drug - 91st Ave Union Hills,FRYS,9245 W Union Hills Dr,Peoria,AZ,85382,6239727902,33.651245,-112.2565525,,False,active,Returned by Kroger official Locations API on 2026-09-01,Kroger official Locations API,2026-09-01T20:17:21.472587+00:00,32
66000683,Fry's Food And Drug - Peoria,FRYS,11701 W Lone Mountain Pkwy,Peoria,AZ,85383,4803722050,33.75125,-112.3126,,False,active,Returned by Kroger official Locations API on 2026-09-01,Kroger official Locations API,2026-09-01T20:17:21.472587+00:00,60
66000657,Fry's Marketplace - Lake Pleasant Happy Valley Rd,FRYS,25401 N Lake Pleasant Pkwy,Peoria,AZ,85383,6232352350,33.714458,-112.267706,,False,active,Returned by Kroger official Locations API on 2026-09-01,Kroger official Locations API,2026-09-01T20:17:21.472587+00:00,52
66000623,Fry's Food And Drug - 19th Ave Glendale,FRYS,1815 W Glendale Ave,Phoenix,AZ,85021,6023352240,33.537101,-112.098281,,False,active,Returned by Kroger official Locations API on 2026-09-01,Kroger official Locations API,2026-09-01T20:17:21.472587+00:00,40
66000012,Fry's Food And Drug - 19th Ave Union Hills,FRYS,18420 N 19Th Ave,Phoenix,AZ,85023,6029935960,33.6539612,-112.1014282,,False,active,Returned by Kroger official Locations API on 2026-09-01,Kroger official Locations API,2026-09-01T20:17:21.472587+00:00,32
66000129,Fry's Food And Drug - 20th St Highland,FRYS,4724 N 20Th St,Phoenix,AZ,85016,6022630766,33.5069387,-112.0413791,,False,active,Returned by Kroger official Locations API on 2026-09-01,Kroger official Locations API,2026-09-01T20:17:21.472587+00:00,38
66000081,Fry's Food And Drug - 24Th Baseline,FRYS,2250 E Baseline Rd,Phoenix,AZ,85042,6023054420,33.3795515,-112.0318116,,False,active,Returned by Kroger official Locations API on 2026-09-01,Kroger official Locations API,2026-09-01T20:17:21.472587+00:00,36
66000002,Fry's Food And Drug - 30th St Thomas,FRYS,3036 E Thomas Rd,Phoenix,AZ,85016,6024689155,33.4818022,-112.0165716,,False,active,Returned by Kroger official Locations API on 2026-09-01,Kroger official Locations API,2026-09-01T20:17:21.472587+00:00,25
66000641,Fry's Food And Drug - 35th Ave Peoria,FRYS,3511 W Peoria Ave,Phoenix,AZ,85029,6028665420,33.5806948,-112.1353489,,False,active,Returned by Kroger official Locations API on 2026-09-01,Kroger official Locations API,2026-09-01T20:17:21.472587+00:00,36
66000040,Fry's Food And Drug - 35th Ave Thunderbird,FRYS,3421 W Thunderbird Rd,Phoenix,AZ,85053,6023750186,33.609296,-112.1320737,,False,active,Returned by Kroger official Locations API on 2026-09-01,Kroger official Locations API,2026-09-01T20:17:21.472587+00:00,32
66000121,Fry's Food And Drug - 40th St Thunderbird,FRYS,4025 E Thunderbird Rd,Phoenix,AZ,85032,6029531615,33.6111029,-111.9941463,,False,active,Returned by Kroger official Locations API on 2026-09-01,Kroger official Locations API,2026-09-01T20:17:21.472587+00:00,38
66000127,Fry's Food And Drug - 43rd Ave Cactus,FRYS,4204 W Cactus Rd,Phoenix,AZ,85029,6024399034,33.5979982,-112.1499809,,False,active,Returned by Kroger official Locations API on 2026-09-01,Kroger official Locations API,2026-09-01T20:17:21.472587+00:00,36
66000135,Fry's Food And Drug - 44th St Thomas,FRYS,4505 E Thomas Rd,Phoenix,AZ,85018,6029521288,33.4791872,-111.9841093,,False,active,Returned by Kroger official Locations API on 2026-09-01,Kroger official Locations API,2026-09-01T20:17:21.472587+00:00,37
66000126,Fry's Food And Drug - 67th Ave Indian School,FRYS,6601 W Indian School Rd,Phoenix,AZ,85033,6238460622,33.4930705,-112.201674,,False,active,Returned by Kroger official Locations API on 2026-09-01,Kroger official Locations API,2026-09-01T20:17:21.472587+00:00,30
66000128,Fry's Food And Drug - 7th Ave Camelback,FRYS,744 W Camelback Rd,Phoenix,AZ,85013,6022799001,33.5114149,-112.0854513,,False,active,Returned by Kroger official Locations API on 2026-09-01,Kroger official Locations API,2026-09-01T20:17:21.472587+00:00,30
66000046,Fry's Food And Drug - 7th St Baseline,FRYS,520 E Baseline Rd,Phoenix,AZ,85042,6022433012,33.3792846,-112.0661103,,False,active,Returned by Kroger official Locations API on 2026-09-01,Kroger official Locations API,2026-09-01T20:17:21.472587+00:00,27
66000079,Fry's Food And Drug - 83Rd Ave Lower Buckeye,FRYS,2626 S 83Rd Ave,Phoenix,AZ,85043,6239072434,33.4241543,-112.2403308,,False,active,Returned by Kroger official Locations API on 2026-09-01,Kroger official Locations API,2026-09-01T20:17:21.472587+00:00,34
66000619,Fry's Food And Drug - 83rd Ave Indian School,FRYS,8325 W Indian School Rd,Phoenix,AZ,85037,6232457320,33.4927456,-112.2390711,,False,active,Returned by Kroger official Locations API on 2026-09-01,Kroger official Locations API,2026-09-01T20:17:21.472587+00:00,31
66000609,Fry's Food And Drug - Cave Creek Hatcher,FRYS,850 E Hatcher Rd,Phoenix,AZ,85020,6022161440,33.57279,-112.061058,,False,active,Returned by Kroger official Locations API on 2026-09-01,Kroger official Locations API,2026-09-01T20:17:21.472587+00:00,34
66000088,Fry's Food And Drug - Frys Food And Drug Phoenix,FRYS,100 E Jefferson St,Phoenix,AZ,85004,4805696805,33.447386,-112.072287,,False,active,Returned by Kroger official Locations API on 2026-09-01,Kroger official Locations API,2026-09-01T20:17:21.472587+00:00,43
66000078,Fry's Food And Drug - Gavilan Peak Daisy Mountain Dr,FRYS,39508 N Daisy Mountain Dr,Phoenix,AZ,85086,6235517220,33.8444841,-112.1338324,,False,active,Returned by Kroger official Locations API on 2026-09-01,Kroger official Locations API,2026-09-01T20:17:21.472587+00:00,41
66000096,Fry's Food And Drug - Phoenix,FRYS,26300 N Norterra Pkwy,Phoenix,AZ,85085,9282517070,33.724009,-112.115957,,False,active,Returned by Kroger official Locations API on 2026-09-01,Kroger official Locations API,2026-09-01T20:17:21.472587+00:00,54
66000027,Fry's Food And Drug - Ray Rd Ranch Circle,FRYS,3616 E Ray Rd,Phoenix,AZ,85044,4807060601,33.3168353,-112.0054657,,False,active,Returned by Kroger official Locations API on 2026-09-01,Kroger official Locations API,2026-09-01T20:17:21.472587+00:00,39
66000617,Fry's Marketplace - 27th Ave Bell Rd,FRYS,2727 W Bell Rd,Phoenix,AZ,85053,6028962500,33.638177,-112.119906,,False,active,Returned by Kroger official Locations API on 2026-09-01,Kroger official Locations API,2026-09-01T20:17:21.472587+00:00,49
66000618,Fry's Marketplace - 32nd St Bell Rd,FRYS,3246 E Bell Rd,Phoenix,AZ,85032,6027654600,33.6419701,-112.0113244,,False,active,Returned by Kroger official Locations API on 2026-09-01,Kroger official Locations API,2026-09-01T20:17:21.472587+00:00,48
66000628,Fry's Marketplace - 40th St Chandler Blvd,FRYS,3949 E Chandler Blvd,Phoenix,AZ,85048,4807067340,33.3035377,-111.9987539,,False,active,Returned by Kroger official Locations API on 2026-09-01,Kroger official Locations API,2026-09-01T20:17:21.472587+00:00,44
66000698,Fry's Marketplace - Bell Rd 14th St,FRYS,1311 E Bell Rd,Phoenix,AZ,85022,6025945030,33.6387404,-112.0535518,,False,active,Returned by Kroger official Locations API on 2026-09-01,Kroger official Locations API,2026-09-01T20:17:21.472587+00:00,39
66000612,Fry's Marketplace - Frys Marketplace Phoenix,FRYS,4707 E Shea Blvd,Phoenix,AZ,85028,4803673940,33.58129,-111.97913,,False,active,Returned by Kroger official Locations API on 2026-09-01,Kroger official Locations API,2026-09-01T20:17:21.472587+00:00,48
66000694,Fry's Marketplace - North Valley Pkwy Dove Valley,FRYS,2800 W Dove Valley Rd,Phoenix,AZ,85085,4809946230,33.786026,-112.1194,,False,active,Returned by Kroger official Locations API on 2026-09-01,Kroger official Locations API,2026-09-01T20:17:21.472587+00:00,46
66000610,Fry's Mercado - 43rd Ave McDowell,FRYS,4230 W Mcdowell Rd,Phoenix,AZ,85009,6024155700,33.4678091,-112.1506813,,False,active,Returned by Kroger official Locations API on 2026-09-01,Kroger official Locations API,2026-09-01T20:17:21.472587+00:00,35
66000116,Fry's Food And Drug - Prescott Fair Miller Valley,FRYS,950 Fair St,Prescott,AZ,86305,9287786494,34.5543377,-112.4824255,,False,active,Returned by Kroger official Locations API on 2026-09-01,Kroger official Locations API,2026-09-01T20:17:21.472587+00:00,36
66000077,Fry's Food And Drug - Sandretto Willow Creek Rd,FRYS,3198 Willow Creek Rd,Prescott,AZ,86301,9287783717,34.6005962,-112.4584399,,False,active,Returned by Kroger official Locations API on 2026-09-01,Kroger official Locations API,2026-09-01T20:17:21.472587+00:00,37
66000063,Fry's Food And Drug - Glassford Hill Florentine,FRYS,3100 N Glassford Hill Rd,Prescott Valley,AZ,86314,9284453010,34.587977,-112.34197,,False,active,Returned by Kroger official Locations API on 2026-09-01,Kroger official Locations API,2026-09-01T20:17:21.472587+00:00,44
66000693,Fry's Marketplace - Ellsworth and Riggs,FRYS,25105 S Ellsworth Rd,Queen Creek,AZ,85142,4804287615,33.2203439,-111.634323,,False,active,Returned by Kroger official Locations API on 2026-09-01,Kroger official Locations API,2026-09-01T20:17:21.472587+00:00,58
66000656,Fry's Marketplace - Queen Creek Marketplace,FRYS,22265 E Queen Creek Rd,Queen Creek,AZ,85142,6024574315,33.2624239,-111.60302,,False,active,Returned by Kroger official Locations API on 2026-09-01,Kroger official Locations API,2026-09-01T20:17:21.472587+00:00,64
66000679,Fry's Marketplace - Rancho Sahuarita Sahuarita,FRYS,15950 S Rancho Sahuarita Blvd,Sahuarita,AZ,85629,5206487700,31.9603816,-110.9859764,,False,active,Returned by Kroger official Locations API on 2026-09-01,Kroger official Locations API,2026-09-01T20:17:21.472587+00:00,43
66000084,Fry's Food And Drug - Bella Vista Hunt Hwy,FRYS,542 E Hunt Hwy,San Tan Valley,AZ,85143,4808881778,33.1607521,-111.5601377,,False,active,Returned by Kroger official Locations API on 2026-09-01,Kroger official Locations API,2026-09-01T20:17:21.472587+00:00,37
66000682,Fry's Marketplace - Gantzel Combs,FRYS,155 W Combs Rd,San Tan Valley,AZ,85140,4804746600,33.2180807,-111.5657403,,False,active,Returned by Kroger official Locations API on 2026-09-01,Kroger official Locations API,2026-09-01T20:17:21.472587+00:00,48
66000120,Fry's Food And Drug - 64th St Greenway,FRYS,6321 E Greenway Rd,Scottsdale,AZ,85254,4803688930,33.624603,-111.94427999999999,,False,active,Returned by Kroger official Locations API on 2026-09-01,Kroger official Locations API,2026-09-01T20:17:21.472587+00:00,37
66000005,Fry's Food And Drug - 77th St McDowell,FRYS,7770 E Mcdowell Rd,Scottsdale,AZ,85257,4809414088,33.4673075,-111.9126567,,False,active,Returned by Kroger official Locations API on 2026-09-01,Kroger official Locations API,2026-09-01T20:17:21.472587+00:00,35
66000125,Fry's Food And Drug - Pima Shea,FRYS,10450 N 90Th St,Scottsdale,AZ,85258,4806610001,33.580826,-111.8896666,,False,active,Returned by Kroger official Locations API on 2026-09-01,Kroger official Locations API,2026-09-01T20:17:21.472587+00:00,44
66000054,Fry's Food And Drug - Tatum Bell,FRYS,4842 E Bell Rd,Scottsdale,AZ,85254,6028670353,33.6427785,-111.9759815,,False,active,Returned by Kroger official Locations API on 2026-09-01,Kroger official Locations API,2026-09-01T20:17:21.472587+00:00,34
66000673,Fry's Food And Drug - Thompson Peak Hayden,FRYS,20427 N Hayden Rd,Scottsdale,AZ,85255,4804192240,33.671108,-111.904221,,False,active,Returned by Kroger official Locations API on 2026-09-01,Kroger official Locations API,2026-09-01T20:17:21.472587+00:00,43
66000621,Fry's Marketplace - Pima Via Linda,FRYS,8900 E Via Linda,Scottsdale,AZ,85258,4806576400,33.5704676,-111.8891685,,False,active,Returned by Kroger official Locations API on 2026-09-01,Kroger official Locations API,2026-09-01T20:17:21.472587+00:00,45
66000059,Fry's Food And Drug - Fry Blvd Hwy 90 Bypass,FRYS,4351 E Highway 90,Sierra Vista,AZ,85635,5204580989,31.5564185,-110.25351739999999,,False,active,Returned by Kroger official Locations API on 2026-09-01,Kroger official Locations API,2026-09-01T20:17:21.472587+00:00,37
66000122,Fry's Food And Drug - 107th Ave Grand Ave,FRYS,10660 Grand Ave,Sun City,AZ,85351,6238768222,33.6006735,-112.2888354,,False,active,Returned by Kroger official Locations API on 2026-09-01,Kroger official Locations API,2026-09-01T20:17:21.472587+00:00,39
66000086,Fry's Food And Drug - 138th Ave RH Johnson,FRYS,19403 N R H Johnson Blvd,Sun City West,AZ,85375,6239305025,33.6612135,-112.3533135,,False,active,Returned by Kroger official Locations API on 2026-09-01,Kroger official Locations API,2026-09-01T20:17:21.472587+00:00,41
66000061,Fry's Food And Drug - Bell Reems,FRYS,15510 W Bell Rd,Surprise,AZ,85374,6235462522,33.640373,-112.395334,,False,active,Returned by Kroger official Locations API on 2026-09-01,Kroger official Locations API,2026-09-01T20:17:21.472587+00:00,36
66000674,Fry's Food And Drug - Waddell Litchfield Rd,FRYS,13982 W Waddell Rd,Surprise,AZ,85379,6235379630,33.6111819,-112.3615051,,False,active,Returned by Kroger official Locations API on 2026-09-01,Kroger official Locations API,2026-09-01T20:17:21.472587+00:00,45
66000680,Fry's Marketplace - Greenway 303 Loop Fwy,FRYS,15215 N Cotton Ln,Surprise,AZ,85388,6234557900,33.622631,-112.424642,,False,active,Returned by Kroger official Locations API on 2026-09-01,Kroger official Locations API,2026-09-01T20:17:21.472587+00:00,41
66000678,Fry's Marketplace - Surprise,FRYS,16400 W Pat Tillman Blvd,Surprise,AZ,85387,4808635615,33.698514,-112.411469,,False,active,Returned by Kroger official Locations API on 2026-09-01,Kroger official Locations API,2026-09-01T20:17:21.472587+00:00,60
66000661,Fry's Marketplace - Surprise Marketplace,FRYS,16371 W Cactus Rd,Surprise,AZ,85388,4803970160,33.5926715,-112.41147,,False,active,Returned by Kroger official Locations API on 2026-09-01,Kroger official Locations API,2026-09-01T20:17:21.472587+00:00,57
66000043,Fry's Food And Drug - 48th St Baseline,FRYS,2700 W Baseline Rd,Tempe,AZ,85283,6024381756,33.3791738,-111.9767706,,False,active,Returned by Kroger official Locations API on 2026-09-01,Kroger official Locations API,2026-09-01T20:17:21.472587+00:00,24
66000607,Fry's Food And Drug - Baseline McClintock,FRYS,5100 S Mcclintock Dr,Tempe,AZ,85282,4807529700,33.3794954,-111.9108546,,False,active,Returned by Kroger official Locations API on 2026-09-01,Kroger official Locations API,2026-09-01T20:17:21.472587+00:00,37
66000022,Fry's Food And Drug - McClintock Guadalupe,FRYS,1835 E Guadalupe Rd,Tempe,AZ,85283,4808387023,33.3622596,-111.9091445,,False,active,Returned by Kroger official Locations API on 2026-09-01,Kroger official Locations API,2026-09-01T20:17:21.472587+00:00,33
66000101,Fry's Food And Drug - Mill Southern,FRYS,3232 S Mill Ave,Tempe,AZ,85282,4808589096,33.3938942,-111.9413326,,False,active,Returned by Kroger official Locations API on 2026-09-01,Kroger official Locations API,2026-09-01T20:17:21.472587+00:00,32
66000124,Fry's Food And Drug - Rural Southern,FRYS,3255 S Rural Rd,Tempe,AZ,85282,4808297799,33.393872,-111.92449,,False,active,Returned by Kroger official Locations API on 2026-09-01,Kroger official Locations API,2026-09-01T20:17:21.472587+00:00,38
66000627,Fry's Marketplace - Ray Rural,FRYS,9900 S Rural Rd,Tempe,AZ,85284,4807836200,33.3218957,-111.9302598,,False,active,Returned by Kroger official Locations API on 2026-09-01,Kroger official Locations API,2026-09-01T20:17:21.472587+00:00,45
66000138,Fry's Food And Drug - 1st Roger,FRYS,4036 N 1st Ave,Tucson,AZ,85719,5202938892,32.2805788,-110.9595473,,False,active,Returned by Kroger official Locations API on 2026-09-01,Kroger official Locations API,2026-09-01T20:17:21.472587+00:00,35
66000017,Fry's Food And Drug - 22ND ST ALVERNON,FRYS,4150 E 22Nd St,Tucson,AZ,85711,5207451553,32.2051308,-110.9041469,,False,active,Returned by Kroger official Locations API on 2026-09-01,Kroger official Locations API,2026-09-01T20:17:21.472587+00:00,30
66000042,Fry's Food And Drug - 22nd St Harrison,FRYS,9401 E 22Nd St,Tucson,AZ,85710,5207218575,32.2077973,-110.7918497,,False,active,Returned by Kroger official Locations API on 2026-09-01,Kroger official Locations API,2026-09-01T20:17:21.472587+00:00,32
66000137,Fry's Food And Drug - 22nd St Kolb,FRYS,7050 E 22Nd St,Tucson,AZ,85710,5207905845,32.204473,-110.8424289,,False,active,Returned by Kroger official Locations API on 2026-09-01,Kroger official Locations API,2026-09-01T20:17:21.472587+00:00,38
66000020,Fry's Food And Drug - AJO I-19,FRYS,3640 S 16Th Ave,Tucson,AZ,85713,5206246934,32.1803216,-110.9826233,,False,active,Returned by Kroger official Locations API on 2026-09-01,Kroger official Locations API,2026-09-01T20:17:21.472587+00:00,26
66000057,Fry's Food And Drug - Cortaro Silverbell,FRYS,7870 N Silverbell Rd,Tucson,AZ,85743,5207447866,32.3504088,-111.0998474,,False,active,Returned by Kroger official Locations API on 2026-09-01,Kroger official Locations API,2026-09-01T20:17:21.472587+00:00,36
66000021,Fry's Food And Drug - GRANT RD 1ST AVE,FRYS,555 E Grant Rd,Tucson,AZ,85705,5206221976,32.2516567,-110.9625279,,False,active,Returned by Kroger official Locations API on 2026-09-01,Kroger official Locations API,2026-09-01T20:17:21.472587+00:00,28
66000033,Fry's Food And Drug - Golf Links Kolb,FRYS,7050 E Golf Links Rd,Tucson,AZ,85730,5207455711,32.1902047,-110.8425029,,False,active,Returned by Kroger official Locations API on 2026-09-01,Kroger official Locations API,2026-09-01T20:17:21.472587+00:00,28
66000131,Fry's Food And Drug - Grant Swan,FRYS,2480 N Swan Rd,Tucson,AZ,85712,5203254802,32.2525216,-110.8910576,,False,active,Returned by Kroger official Locations API on 2026-09-01,Kroger official Locations API,2026-09-01T20:17:21.472587+00:00,37
66000090,Fry's Food And Drug - Houghton Rd Rita Rd,FRYS,8080 S Houghton Rd,Tucson,AZ,85747,5206631960,32.1053821,-110.7740016,,False,active,Returned by Kroger official Locations API on 2026-09-01,Kroger official Locations API,2026-09-01T20:17:21.472587+00:00,43
66000036,Fry's Food And Drug - Ina Thornydale,FRYS,3770 W Ina Rd,Tucson,AZ,85741,5207442472,32.3390189,-111.0457853,,False,active,Returned by Kroger official Locations API on 2026-09-01,Kroger official Locations API,2026-09-01T20:17:21.472587+00:00,34
66000058,Fry's Food And Drug - Irvington Campbell,FRYS,2001 E Irvington Rd,Tucson,AZ,85714,5202947191,32.1648579,-110.9419925,,False,active,Returned by Kroger official Locations API on 2026-09-01,Kroger official Locations API,2026-09-01T20:17:21.472587+00:00,28
66000034,Fry's Food And Drug - Speedway Pantano,FRYS,7812 E Speedway Blvd,Tucson,AZ,85710,5208853547,32.2340701,-110.825661,,False,active,Returned by Kroger official Locations API on 2026-09-01,Kroger official Locations API,2026-09-01T20:17:21.472587+00:00,38
66000083,Fry's Food And Drug - Valencia Indian Agency Tucson,FRYS,1795 W Valencia Rd,Tucson,AZ,85746,5203487125,32.1318996,-111.0045478,,False,active,Returned by Kroger official Locations API on 2026-09-01,Kroger official Locations API,2026-09-01T20:17:21.472587+00:00,49
66000107,Fry's Food And Drug - 24th St 4th Ave,FRYS,500 W 24Th St,Yuma,AZ,85364,9283291055,32.6855397,-114.6259985,,False,active,Returned by Kroger official Locations API on 2026-09-01,Kroger official Locations API,2026-09-01T20:17:21.472587+00:00,33
66000699,Fry's Food And Drug - I-8 Fortuna Rd,FRYS,11203 S Frontage Rd,Yuma,AZ,85367,9283051922,32.6680073,-114.4405946,,False,active,Returned by Kroger official Locations API on 2026-09-01,Kroger official Locations API,2026-09-01T20:17:21.472587+00:00,41
61500119,Gerbes - Camdenton Gerbes,GERBES,1159 E Us Highway 54,Camdenton,MO,65020,5733463433,38.0210562,-92.7296932,,False,active,Returned by Kroger official Locations API on 2026-09-01,Kroger official Locations API,2026-09-01T20:17:21.472587+00:00,23
61500124,Gerbes - Gerbes on Broadway,GERBES,1729 W Broadway,Columbia,MO,65203,5734459433,38.9560377,-92.3643952,,False,active,Returned by Kroger official Locations API on 2026-09-01,Kroger official Locations API,2026-09-01T20:17:21.472587+00:00,31
61500125,Gerbes - Paris Road Gerbes,GERBES,2900 Paris Rd,Columbia,MO,65202,5734741427,38.9794561,-92.2933515,,False,active,Returned by Kroger official Locations API on 2026-09-01,Kroger official Locations API,2026-09-01T20:17:21.472587+00:00,28
61500116,Gerbes - Eldon Gerbes Gerbes in Eldon,GERBES,410 E North St,Eldon,MO,65026,5733923123,38.3499005,-92.5769667,,False,active,Returned by Kroger official Locations API on 2026-09-01,Kroger official Locations API,2026-09-01T20:17:21.472587+00:00,20
61500118,Gerbes - Eastland Gerbes Super Store,GERBES,2101 Schotthill Woods Dr,Jefferson City,MO,65101,5736593600,38.5486427,-92.1473374,,False,active,Returned by Kroger official Locations API on 2026-09-01,Kroger official Locations API,2026-09-01T20:17:21.472587+00:00,29
61500122,Gerbes - Industrial Gerbes West,GERBES,2805 W Truman Blvd,Jefferson City,MO,65109,5738933111,38.5940199,-92.2250727,,False,active,Returned by Kroger official Locations API on 2026-09-01,Kroger official Locations API,2026-09-01T20:17:21.472587+00:00,24
09700231,Harris Teeter - Adams Morgan,HART,1631 Kalorama Rd NW,Washington,DC,20009,2029861415,38.9219804,-77.0384578,,False,active,Returned by Kroger official Locations API on 2026-09-01,Kroger official Locations API,2026-09-01T20:17:21.472587+00:00,17
09700352,Harris Teeter - Constitution Square,HART,1201 1st St NE,Washington,DC,20002,2025890351,38.9058758,-77.0055935,,False,active,Returned by Kroger official Locations API on 2026-09-01,Kroger official Locations API,2026-09-01T20:17:21.472587+00:00,18
09700383,Harris Teeter - The Yards,HART,401 M St SE,Washington,DC,20003,2025540164,38.8758757,-77.0000152,,False,active,Returned by Kroger official Locations API on 2026-09-01,Kroger official Locations API,2026-09-01T20:17:21.472587+00:00,20
09700336,Harris Teeter - Long Neck,HART,26370 Bay Farm Rd,Millsboro,DE,19966,3029451705,38.6250628,-75.1946885,,False,active,Returned by Kroger official Locations API on 2026-09-01,Kroger official Locations API,2026-09-01T20:17:21.472587+00:00,12
09700327,Harris Teeter - Bayside,HART,31221 Americana Pkwy,Selbyville,DE,19975,3024362827,38.4700572,-75.113975,,False,active,Returned by Kroger official Locations API on 2026-09-01,Kroger official Locations API,2026-09-01T20:17:21.472587+00:00,19
09700034,Harris Teeter - Amelia Market,HART,4800 First Coast Hwy,Fernandina Beach,FL,32034,9044911213,30.592174,-81.456071,,False,active,Returned by Kroger official Locations API on 2026-09-01,Kroger official Locations API,2026-09-01T20:17:21.472587+00:00,22
09700168,Harris Teeter - Shops At Sea Island,HART,600 Sea Island Rd Ste 23,St Simons Island,GA,31522,9126388100,31.1836498,-81.3803795,,False,active,Returned by Kroger official Locations API on 2026-09-01,Kroger official Locations API,2026-09-01T20:17:21.472587+00:00,20
09700376,Harris Teeter - McHenry Row,HART,1801 Whetstone Way,Baltimore,MD,21230,4105288484,39.2677001,-76.5997946,,False,active,Returned by Kroger official Locations API on 2026-09-01,Kroger official Locations API,2026-09-01T20:17:21.472587+00:00,21
09700392,Harris Teeter - The Shops at Canton Crossing,HART,3779 Boston St,Baltimore,MD,21224,4105220270,39.27487,-76.564865,,False,active,Returned by Kroger official Locations API on 2026-09-01,Kroger official Locations API,2026-09-01T20:17:21.472587+00:00,20
09700404,Harris Teeter - Downtown Bethesda,HART,4805 Battery Ln,Bethesda,MD,20814,2406308635,38.9927564,-77.0965308,,False,active,Returned by Kroger official Locations API on 2026-09-01,Kroger official Locations API,2026-09-01T20:17:21.472587+00:00,21
09700324,Harris Teeter - Bowie Marketplace,HART,15501 Annapolis Rd Ste 400,Bowie,MD,20715,3013832935,38.9779435,-76.733825,,False,active,Returned by Kroger official Locations API on 2026-09-01,Kroger official Locations API,2026-09-01T20:17:21.472587+00:00,18
09700322,Harris Teeter - Kings Contrivance Village Center,HART,8620 Guilford Rd,Columbia,MD,21046,4102905902,39.1700226,-76.8642506,,False,active,Returned by Kroger official Locations API on 2026-09-01,Kroger official Locations API,2026-09-01T20:17:21.472587+00:00,20
09700325,Harris Teeter - Darnestown Rd,HART,14101 Darnestown Rd,Darnestown,MD,20874,2406311310,39.1043626,-77.2916108,,False,active,Returned by Kroger official Locations API on 2026-09-01,Kroger official Locations API,2026-09-01T20:17:21.472587+00:00,16
09700270,Harris Teeter - Apple Greene,HART,10125 Ward Rd,Dunkirk,MD,20754,4435501581,38.717676,-76.658361,,False,active,Returned by Kroger official Locations API on 2026-09-01,Kroger official Locations API,2026-09-01T20:17:21.472587+00:00,20
09700380,Harris Teeter - Easton Marketplace,HART,28528 Marlboro Ave,Easton,MD,21601,4106907203,38.78566,-76.087276,,False,active,Returned by Kroger official Locations API on 2026-09-01,Kroger official Locations API,2026-09-01T20:17:21.472587+00:00,20
09700382,Harris Teeter - Turf Valley Towne Square,HART,11075 Resort Rd,Ellicott City,MD,21042,4104615014,39.297814,-76.8973359,,False,active,Returned by Kroger official Locations API on 2026-09-01,Kroger official Locations API,2026-09-01T20:17:21.472587+00:00,18
09700323,Harris Teeter - Maple Lawn Market Place,HART,8184 Westside Blvd,Fulton,MD,20759,3013625761,39.1496753,-76.9112813,,False,active,Returned by Kroger official Locations API on 2026-09-01,Kroger official Locations API,2026-09-01T20:17:21.472587+00:00,18
09700384,Harris Teeter - Downtown Crown,HART,323 Copley Pl,Gaithersburg,MD,20878,3019637904,39.1153487,-77.207685,,False,active,Returned by Kroger official Locations API on 2026-09-01,Kroger official Locations API,2026-09-01T20:17:21.472587+00:00,20
09700408,Harris Teeter - Towne Center at Laurel,HART,14702 Baltimore Ave,Laurel,MD,20707,3014906039,39.0929405,-76.8584304,,False,active,Returned by Kroger official Locations API on 2026-09-01,Kroger official Locations API,2026-09-01T20:17:21.472587+00:00,18
09700403,Harris Teeter - Fair Hill,HART,18169 Town Center Dr,Olney,MD,20832,3012601792,39.1535417,-77.0619678,,False,active,Returned by Kroger official Locations API on 2026-09-01,Kroger official Locations API,2026-09-01T20:17:21.472587+00:00,20
09700373,Harris Teeter - Park Potomac,HART,12525 Park Potomac Ave,Potomac,MD,20854,3012945329,39.0614378,-77.1572299,,False,active,Returned by Kroger official Locations API on 2026-09-01,Kroger official Locations API,2026-09-01T20:17:21.472587+00:00,19
09700364,Harris Teeter - Magothy Gateway,HART,143 Ritchie Hwy,Severna Park,MD,21146,4105445450,39.1013018,-76.565175,,False,active,Returned by Kroger official Locations API on 2026-09-01,Kroger official Locations API,2026-09-01T20:17:21.472587+00:00,20
09700029,Harris Teeter - Center Park,HART,11109 US 15 501 Hwy Ste B 1804,Aberdeen,NC,28315,9106927029,35.1564511,-79.4167212,,False,active,Returned by Kroger official Locations API on 2026-09-01,Kroger official Locations API,2026-09-01T20:17:21.472587+00:00,17
09700058,Harris Teeter - Haddon Hall Commons,HART,750 W Williams St,Apex,NC,27539,9193623782,35.7376806,-78.8625298,,False,active,Returned by Kroger official Locations API on 2026-09-01,Kroger official Locations API,2026-09-01T20:17:21.472587+00:00,17
09700496,Harris Teeter - Lake Pine Plaza,HART,940 US 64 Hwy W,Apex,NC,27523,9193801422,35.74561,-78.82196,,False,active,Returned by Kroger official Locations API on 2026-09-01,Kroger official Locations API,2026-09-01T20:17:21.472587+00:00,18
09700335,Harris Teeter - Sweetwater Town Center,HART,2810 Teachey Place,Apex,NC,27523,9843191915,35.743376,-78.918212,,False,active,Returned by Kroger official Locations API on 2026-09-01,Kroger official Locations API,2026-09-01T20:17:21.472587+00:00,3
09700348,Harris Teeter - Village at Chestnut Street,HART,136 Merrimon Ave,Asheville,NC,28801,8282551817,35.6042089,-82.5539601,,False,active,Returned by Kroger official Locations API on 2026-09-01,Kroger official Locations API,2026-09-01T20:17:21.472587+00:00,18
09700165,Harris Teeter - Shops at Shadowline,HART,240 Shadowline Dr,BOONE,NC,28607,8282623319,36.202342,-81.6593524,,False,active,Returned by Kroger official Locations API on 2026-09-01,Kroger official Locations API,2026-09-01T20:17:21.472587+00:00,18
09700345,Harris Teeter - New Market Square,HART,2727 S Church St,BURLINGTON,NC,27215,3365851444,36.0822928,-79.4835884,,False,active,Returned by Kroger official Locations API on 2026-09-01,Kroger official Locations API,2026-09-01T20:17:21.472587+00:00,19
09700386,Harris Teeter - Belmont Town Center,HART,905 South Point Rd,Belmont,NC,28012,7048256079,35.2356044,-81.0361823,,False,active,Returned by Kroger official Locations API on 2026-09-01,Kroger official Locations API,2026-09-01T20:17:21.472587+00:00,22
09700138,Harris Teeter - Stone Creek Village,HART,98 Cornerstone Dr,CARY,NC,27519,9194671259,35.7903054,-78.8522718,,False,active,Returned by Kroger official Locations API on 2026-09-01,Kroger official Locations API,2026-09-01T20:17:21.472587+00:00,20
09700330,Harris Teeter - Tryon Village,HART,1151 Tryon Village Dr,CARY,NC,27518,9192333476,35.7470577,-78.7433543,,False,active,Returned by Kroger official Locations API on 2026-09-01,Kroger official Locations API,2026-09-01T20:17:21.472587+00:00,20
09700120,Harris Teeter - Meadowmont Village,HART,116 W Barbee Chapel Rd,CHAPEL HILL,NC,27517,9199325020,35.9064668,-79.0108837,,False,active,Returned by Kroger official Locations API on 2026-09-01,Kroger official Locations API,2026-09-01T20:17:21.472587+00:00,20
09700027,Harris Teeter - Blakeney,HART,9720 Rea Rd,CHARLOTTE,NC,28277,7047521013,35.0363763,-80.8067898,,False,active,Returned by Kroger official Locations API on 2026-09-01,Kroger official Locations API,2026-09-01T20:17:21.472587+00:00,19
09700401,Harris Teeter - Central Avenue,HART,1704 Central Ave,CHARLOTTE,NC,28205,7043758491,35.2198011,-80.8100881,,False,active,Returned by Kroger official Locations API on 2026-09-01,Kroger official Locations API,2026-09-01T20:17:21.472587+00:00,21
09700220,Harris Teeter - Cochran Commons,HART,2720 W Mallard Creek Church Rd,CHARLOTTE,NC,28262,7047177501,35.3415123,-80.764915,,False,active,Returned by Kroger official Locations API on 2026-09-01,Kroger official Locations API,2026-09-01T20:17:21.472587+00:00,14
09700061,Harris Teeter - Kenilworth Commons,HART,1227 East Blvd,CHARLOTTE,NC,28203,7043755071,35.2036585,-80.8447716,,False,active,Returned by Kroger official Locations API on 2026-09-01,Kroger official Locations API,2026-09-01T20:17:21.472587+00:00,19
09700412,Harris Teeter - Myers Park Center,HART,1015 Providence Rd,CHARLOTTE,NC,28207,7043389100,35.1956997,-80.8264705,,False,active,Returned by Kroger official Locations API on 2026-09-01,Kroger official Locations API,2026-09-01T20:17:21.472587+00:00,20
09700035,Harris Teeter - Park Selwyn Terrace,HART,5030 Park Rd,CHARLOTTE,NC,28209,7045252619,35.1616388,-80.8495031,,False,active,Returned by Kroger official Locations API on 2026-09-01,Kroger official Locations API,2026-09-01T20:17:21.472587+00:00,9
09700045,Harris Teeter - Providence Commons,HART,10616 Providence Rd,CHARLOTTE,NC,28277,7048492776,35.0653192,-80.7734119,,False,active,Returned by Kroger official Locations API on 2026-09-01,Kroger official Locations API,2026-09-01T20:17:21.472587+00:00,17
09700204,Harris Teeter - Quail Corners,HART,8538 Park Rd,CHARLOTTE,NC,28210,7045527212,35.1166484,-80.8581978,,False,active,Returned by Kroger official Locations API on 2026-09-01,Kroger official Locations API,2026-09-01T20:17:21.472587+00:00,20
09700171,Harris Teeter - Sardis Crossing,HART,1621 Sardis Rd N,CHARLOTTE,NC,28270,7048464885,35.140704,-80.7386878,,False,active,Returned by Kroger official Locations API on 2026-09-01,Kroger official Locations API,2026-09-01T20:17:21.472587+00:00,8
09700066,Harris Teeter - Stonecrest,HART,7852 Rea Rd,CHARLOTTE,NC,28277,7043412061,35.0599677,-80.8167062,,False,active,Returned by Kroger official Locations API on 2026-09-01,Kroger official Locations API,2026-09-01T20:17:21.472587+00:00,23
09700229,Harris Teeter - Flowers Crossroads,HART,67 Flowers Crossroads Way,CLAYTON,NC,27527,9193598023,35.6559362,-78.3471877,,False,active,Returned by Kroger official Locations API on 2026-09-01,Kroger official Locations API,2026-09-01T20:17:21.472587+00:00,19
09700190,Harris Teeter - Cannon Crossroads,HART,9900 Poplar Tent Rd Ste 140,CONCORD,NC,28027,7047210735,35.4189694,-80.7427085,,False,active,Returned by Kroger official Locations API on 2026-09-01,Kroger official Locations API,2026-09-01T20:17:21.472587+00:00,20
09700179,Harris Teeter - Jetton Village,HART,19815 North Cove Rd,CORNELIUS,NC,28031,7048955020,35.4775366,-80.8941263,,False,active,Returned by Kroger official Locations API on 2026-09-01,Kroger official Locations API,2026-09-01T20:17:21.472587+00:00,22
09700266,Harris Teeter - Currituck Club,HART,601 Currituck Clubhouse Dr,COROLLA,NC,27927,2524530153,36.3030868,-75.8065443,,False,active,Returned by Kroger official Locations API on 2026-09-01,Kroger official Locations API,2026-09-01T20:17:21.472587+00:00,12
09700297,Harris Teeter - Carr Mill,HART,310 N Greensboro St,Carrboro,NC,27510,9199428564,35.912364,-79.070885,,False,active,Returned by Kroger official Locations API on 2026-09-01,Kroger official Locations API,2026-09-01T20:17:21.472587+00:00,10
09700212,Harris Teeter - Mill Creek Village,HART,400 Mill Creek Rd,Carthage,NC,28327,9102460710,35.2269615,-79.3958352,,False,active,Returned by Kroger official Locations API on 2026-09-01,Kroger official Locations API,2026-09-01T20:17:21.472587+00:00,22
09700298,Harris Teeter - Cary Park Town Center,HART,10140 Green Level Church Rd,Cary,NC,27519,9194603126,35.8211179,-78.900703,,False,active,Returned by Kroger official Locations API on 2026-09-01,Kroger official Locations API,2026-09-01T20:17:21.472587+00:00,19
09700430,Harris Teeter - Cary Village Square,HART,885 Walnut St,Cary,NC,27511,9194814251,35.7752649,-78.7647293,,False,active,Returned by Kroger official Locations API on 2026-09-01,Kroger official Locations API,2026-09-01T20:17:21.472587+00:00,18
09700257,Harris Teeter - Crescent Commons,HART,2080 Kildaire Farm Rd,Cary,NC,27511,9192339483,35.735267,-78.780582,,False,active,Returned by Kroger official Locations API on 2026-09-01,Kroger official Locations API,2026-09-01T20:17:21.472587+00:00,22
09700112,Harris Teeter - Harrison Pointe,HART,270 Grande Heights Dr,Cary,NC,27513,9194604326,35.804652,-78.780558,,False,active,Returned by Kroger official Locations API on 2026-09-01,Kroger official Locations API,2026-09-01T20:17:21.472587+00:00,23
09700494,Harris Teeter - Maynard Crossing,HART,1273 NW Maynard Rd,Cary,NC,27513,9193809955,35.7854462,-78.8120607,,False,active,Returned by Kroger official Locations API on 2026-09-01,Kroger official Locations API,2026-09-01T20:17:21.472587+00:00,15
09700236,Harris Teeter - Parkside Town Commons,HART,7145 Okelly Chapel Rd,Cary,NC,27519,9194659432,35.843724,-78.887769,,False,active,Returned by Kroger official Locations API on 2026-09-01,Kroger official Locations API,2026-09-01T20:17:21.472587+00:00,19
09700331,Harris Teeter - Stonebridge Village,HART,3430 Ten Ten Rd,Cary,NC,27518,9193878272,35.7022751,-78.7920984,,False,active,Returned by Kroger official Locations API on 2026-09-01,Kroger official Locations API,2026-09-01T20:17:21.472587+00:00,20
09700223,Harris Teeter - Chapel Hill North,HART,1800 Martin Luther King Jr Blvd,Chapel Hill,NC,27514,9199680110,35.9683503,-79.0585928,,False,active,Returned by Kroger official Locations API on 2026-09-01,Kroger official Locations API,2026-09-01T20:17:21.472587+00:00,16
09700137,Harris Teeter - Chatham Downs,HART,88 Chatham Downs Dr,Chapel Hill,NC,27517,9199600275,35.8309838,-79.0864031,,False,active,Returned by Kroger official Locations API on 2026-09-01,Kroger official Locations API,2026-09-01T20:17:21.472587+00:00,17
09700117,Harris Teeter - University Place,HART,2110 S Estes Dr Ste OP-4,Chapel Hill,NC,27514,9199335700,35.9296154,-79.0265544,,False,active,Returned by Kroger official Locations API on 2026-09-01,Kroger official Locations API,2026-09-01T20:17:21.472587+00:00,20
09700030,Harris Teeter - Arboretum,HART,3333 Pineville Matthews Rd,Charlotte,NC,28226,7045443340,35.0962486,-80.7846129,,False,active,Returned by Kroger official Locations API on 2026-09-01,Kroger official Locations API,2026-09-01T20:17:21.472587+00:00,19
09700011,Harris Teeter - Ballantyne Commons East,HART,15007 John J Delaney Dr,Charlotte,NC,28277,7047162000,35.0531287,-80.849012,,False,active,Returned by Kroger official Locations API on 2026-09-01,Kroger official Locations API,2026-09-01T20:17:21.472587+00:00,23
09700003,Harris Teeter - Berewick Town Center,HART,4821 Berewick Town Center Dr,Charlotte,NC,28278,7045871011,35.1599728,-80.97268,,False,active,Returned by Kroger official Locations API on 2026-09-01,Kroger official Locations API,2026-09-01T20:17:21.472587+00:00,23
09700046,Harris Teeter - Brookdale,HART,9641 Brookdale Dr,Charlotte,NC,28215,7045998449,35.28272,-80.669485,,False,active,Returned by Kroger official Locations API on 2026-09-01,Kroger official Locations API,2026-09-01T20:17:21.472587+00:00,21
09700004,Harris Teeter - Colony Place,HART,7823 Colony Rd,Charlotte,NC,28226,7043413688,35.1064892,-80.8063346,,False,active,Returned by Kroger official Locations API on 2026-09-01,Kroger official Locations API,2026-09-01T20:17:21.472587+00:00,18
09700208,Harris Teeter - Cotswold,HART,112 S Sharon Amity Rd,Charlotte,NC,28211,7043661675,35.1774346,-80.801145,,False,active,Returned by Kroger official Locations API on 2026-09-01,Kroger official Locations API,2026-09-01T20:17:21.472587+00:00,23
09700205,Harris Teeter - Fifth and Poplar,HART,325 W 6th St,Charlotte,NC,28202,7043328479,35.2310155,-80.8439104,,False,active,Returned by Kroger official Locations API on 2026-09-01,Kroger official Locations API,2026-09-01T20:17:21.472587+00:00,12
09700122,Harris Teeter - Highland Creek,HART,5810 Highland Shoppes Dr,Charlotte,NC,28269,7048750993,35.371535,-80.782912,,False,active,Returned by Kroger official Locations API on 2026-09-01,Kroger official Locations API,2026-09-01T20:17:21.472587+00:00,18
09700160,Harris Teeter - Morrocroft Village,HART,6701 Carnegie Blvd,Charlotte,NC,28211,7043641245,35.152866,-80.825797,,False,active,Returned by Kroger official Locations API on 2026-09-01,Kroger official Locations API,2026-09-01T20:17:21.472587+00:00,22
09700294,Harris Teeter - Olde Towne Village,HART,4100 Carmel Rd,Charlotte,NC,28226,7045426228,35.117147,-80.8243163,,False,active,Returned by Kroger official Locations API on 2026-09-01,Kroger official Locations API,2026-09-01T20:17:21.472587+00:00,11
09700218,Harris Teeter - Park Road Shopping Center,HART,4101 Park Rd,Charlotte,NC,28209,7045238106,35.175698,-80.850099,,False,active,Returned by Kroger official Locations API on 2026-09-01,Kroger official Locations API,2026-09-01T20:17:21.472587+00:00,15
09700440,Harris Teeter - Rea Farms,HART,11135 Golf Links Dr,Charlotte,NC,28277,7043038601,35.0509901,-80.7695297,,False,active,Returned by Kroger official Locations API on 2026-09-01,Kroger official Locations API,2026-09-01T20:17:21.472587+00:00,27
09700366,Harris Teeter - Riverbend Village,HART,4701 Smith Farm Rd,Charlotte,NC,28216,7049492220,35.3351076,-80.9338145,,False,active,Returned by Kroger official Locations API on 2026-09-01,Kroger official Locations API,2026-09-01T20:17:21.472587+00:00,26
09700305,Harris Teeter - Sedgefield,HART,2717 South Blvd,Charlotte,NC,28209,7045271018,35.2003904,-80.8666532,,False,active,Returned by Kroger official Locations API on 2026-09-01,Kroger official Locations API,2026-09-01T20:17:21.472587+00:00,26
09700317,Harris Teeter - Shoppes at Ardrey Kell,HART,16625 Lancaster Hwy,Charlotte,NC,28277,7047144795,35.0242671,-80.8481162,,False,active,Returned by Kroger official Locations API on 2026-09-01,Kroger official Locations API,2026-09-01T20:17:21.472587+00:00,18
09700088,Harris Teeter - Steelecroft,HART,13000 S Tryon St,Charlotte,NC,28278,7045879970,35.1032739,-80.9909196,,False,active,Returned by Kroger official Locations API on 2026-09-01,Kroger official Locations API,2026-09-01T20:17:21.472587+00:00,20
09700472,Harris Teeter - The Shoppes at Davis Lake,HART,8445 Davis Lake Pkwy,Charlotte,NC,28269,7045977014,35.3341235,-80.8144065,,False,active,Returned by Kroger official Locations API on 2026-09-01,Kroger official Locations API,2026-09-01T20:17:21.472587+00:00,18
09700258,Harris Teeter - Town Center Plaza,HART,8600 University City Blvd,Charlotte,NC,28213,7045931395,35.2962342,-80.7383467,,False,active,Returned by Kroger official Locations API on 2026-09-01,Kroger official Locations API,2026-09-01T20:17:21.472587+00:00,18
09700228,Harris Teeter - Tanglewood Commons,HART,4150 Clemmons Rd,Clemmons,NC,27012,3367781445,36.0201037,-80.4072122,,False,active,Returned by Kroger official Locations API on 2026-09-01,Kroger official Locations API,2026-09-01T20:17:21.472587+00:00,17
542FC011,Harris Teeter - - Charlotte Shed HT Trans,HART,227 NC-49,Concord,NC,28025,,35.3690998,-80.5610748,,False,active,Returned by Kroger official Locations API on 2026-09-01,Kroger official Locations API,2026-09-01T20:17:21.472587+00:00,0
09700068,Harris Teeter - Coddle Creek Market,HART,358 George W Liles Pkwy NW,Concord,NC,28027,7047862510,35.412218,-80.663273,,False,active,Returned by Kroger official Locations API on 2026-09-01,Kroger official Locations API,2026-09-01T20:17:21.472587+00:00,19
09700202,Harris Teeter - Shoppes at Davidson Corner,HART,1245 Concord Pkwy N Suite 1,Concord,NC,28025,7047959351,35.4327004,-80.6059238,,False,active,Returned by Kroger official Locations API on 2026-09-01,Kroger official Locations API,2026-09-01T20:17:21.472587+00:00,14
09700416,Harris Teeter - Antiquity,HART,21720 Catawba Ave,Cornelius,NC,28031,7048955351,35.4812445,-80.856505,,False,active,Returned by Kroger official Locations API on 2026-09-01,Kroger official Locations API,2026-09-01T20:17:21.472587+00:00,21
09700268,Harris Teeter - Davidson Commons,HART,431 Peninsula Dr,DAVIDSON,NC,28036,7048920597,35.5005211,-80.8601276,,False,active,Returned by Kroger official Locations API on 2026-09-01,Kroger official Locations API,2026-09-01T20:17:21.472587+00:00,21
09700471,Harris Teeter - Renaissance Square,HART,11124 Renaissance Dr,DAVIDSON,NC,28036,7044394042,35.4426289,-80.7624906,,False,active,Returned by Kroger official Locations API on 2026-09-01,Kroger official Locations API,2026-09-01T20:17:21.472587+00:00,15
09700172,Harris Teeter - Commons at University Place,HART,1817 Martin Luther King Pkwy,DURHAM,NC,27707,9194899887,35.9596151,-78.9589978,,False,active,Returned by Kroger official Locations API on 2026-09-01,Kroger official Locations API,2026-09-01T20:17:21.472587+00:00,20
09700121,Harris Teeter - Waterside,HART,149 Cross Center Rd,Denver,NC,28037,7048200332,35.443485,-80.995653,,False,active,Returned by Kroger official Locations API on 2026-09-01,Kroger official Locations API,2026-09-01T20:17:21.472587+00:00,13
09700492,Harris Teeter - Durham Festival Center,HART,3457 Hillsborough Rd,Durham,NC,27705,9193832249,36.018641,-78.948682,,False,active,Returned by Kroger official Locations API on 2026-09-01,Kroger official Locations API,2026-09-01T20:17:21.472587+00:00,19
09700224,Harris Teeter - Hope Valley Commons,HART,1125 W NC Highway 54,Durham,NC,27707,9194030794,35.9176223,-78.9585066,,False,active,Returned by Kroger official Locations API on 2026-09-01,Kroger official Locations API,2026-09-01T20:17:21.472587+00:00,19
09700497,Harris Teeter - North Pointe,HART,1802 N Pointe Dr,Durham,NC,27705,9192205761,36.029752,-78.920454,,False,active,Returned by Kroger official Locations API on 2026-09-01,Kroger official Locations API,2026-09-01T20:17:21.472587+00:00,16
09700493,Harris Teeter - Riverview,HART,5116 N Roxboro St,Durham,NC,27704,9194716263,36.069227,-78.906498,,False,active,Returned by Kroger official Locations API on 2026-09-01,Kroger official Locations API,2026-09-01T20:17:21.472587+00:00,16
09700394,Harris Teeter - Shops at Erwin Mill,HART,2107 Hillsborough Rd,Durham,NC,27705,9192861500,36.0095316,-78.924086,,False,active,Returned by Kroger official Locations API on 2026-09-01,Kroger official Locations API,2026-09-01T20:17:21.472587+00:00,21
09700491,Harris Teeter - Southpoint Crossing,HART,202 E NC Highway 54,Durham,NC,27713,9193619893,35.9127223,-78.9365485,,False,active,Returned by Kroger official Locations API on 2026-09-01,Kroger official Locations API,2026-09-01T20:17:21.472587+00:00,19
09700254,Harris Teeter - Willowhaven,HART,1501 Horton Rd,Durham,NC,27705,9194711938,36.0563491,-78.9308364,,False,active,Returned by Kroger official Locations API on 2026-09-01,Kroger official Locations API,2026-09-01T20:17:21.472587+00:00,20
09700025,Harris Teeter - Highland Centre,HART,2800 Raeford Rd,FAYETTEVILLE,NC,28303,9104846000,35.047329,-78.9232269,,False,active,Returned by Kroger official Locations API on 2026-09-01,Kroger official Locations API,2026-09-01T20:17:21.472587+00:00,22
09700393,Harris Teeter - Traemoor Village,HART,3050 Traemoor Village Dr,FAYETTEVILLE,NC,28306,9104243505,34.9824429,-79.0145006,,False,active,Returned by Kroger official Locations API on 2026-09-01,Kroger official Locations API,2026-09-01T20:17:21.472587+00:00,21
09700498,Harris Teeter - Fuquay Crossing,HART,1371 E Broad St,Fuquay Varina,NC,27526,9195677423,35.5958103,-78.775693,,False,active,Returned by Kroger official Locations API on 2026-09-01,Kroger official Locations API,2026-09-01T20:17:21.472587+00:00,18
09700033,Harris Teeter - Guilford College,HART,701 Francis King St,GREENSBORO,NC,27410,3368568140,36.0885565,-79.8910518,,False,active,Returned by Kroger official Locations API on 2026-09-01,Kroger official Locations API,2026-09-01T20:17:21.472587+00:00,18
09700347,Harris Teeter - Lawndale Crossing,HART,2639 Lawndale Dr,GREENSBORO,NC,27408,3365451354,36.1033674,-79.8213949,,False,active,Returned by Kroger official Locations API on 2026-09-01,Kroger official Locations API,2026-09-01T20:17:21.472587+00:00,21
09700281,Harris Teeter - Kendrick Crossing,HART,3350 Robinwood Rd,Gastonia,NC,28054,7048640139,35.2159074,-81.1578546,,False,active,Returned by Kroger official Locations API on 2026-09-01,Kroger official Locations API,2026-09-01T20:17:21.472587+00:00,20
09700115,Harris Teeter - Memorial Commons,HART,2120 Wayne Memorial Dr,Goldsboro,NC,27534,9197343534,35.3956653,-77.9626795,,False,active,Returned by Kroger official Locations API on 2026-09-01,Kroger official Locations API,2026-09-01T20:17:21.472587+00:00,18
09700064,Harris Teeter - Adams Farm,HART,5710 W Gate City Blvd Ste W,Greensboro,NC,27407,3368544050,36.0172388,-79.8974373,,False,active,Returned by Kroger official Locations API on 2026-09-01,Kroger official Locations API,2026-09-01T20:17:21.472587+00:00,18
09700280,Harris Teeter - Battleground North,HART,4010 Battleground Ave,Greensboro,NC,27410,3362882203,36.1475796,-79.8667224,,False,active,Returned by Kroger official Locations API on 2026-09-01,Kroger official Locations API,2026-09-01T20:17:21.472587+00:00,20
09700342,Harris Teeter - Garden Creek Center,HART,1605 New Garden Rd,Greensboro,NC,27410,3368559095,36.1187048,-79.8759174,,False,active,Returned by Kroger official Locations API on 2026-09-01,Kroger official Locations API,2026-09-01T20:17:21.472587+00:00,15
09700091,Harris Teeter - North Elm Village,HART,401 Pisgah Church Rd,Greensboro,NC,27455,3365450236,36.130463,-79.795623,,False,active,Returned by Kroger official Locations API on 2026-09-01,Kroger official Locations API,2026-09-01T20:17:21.472587+00:00,19
09700306,Harris Teeter - The Shops at Friendly Center,HART,3330 W Friendly Ave,Greensboro,NC,27410,3362971361,36.0881243,-79.8377251,,False,active,Returned by Kroger official Locations API on 2026-09-01,Kroger official Locations API,2026-09-01T20:17:21.472587+00:00,22
09700287,Harris Teeter - Bells Fork Square,HART,2120 E Fire Tower Rd Ste 101,Greenville,NC,27858,2523550125,35.567042,-77.348596,,False,active,Returned by Kroger official Locations API on 2026-09-01,Kroger official Locations API,2026-09-01T20:17:21.472587+00:00,16
09700362,Harris Teeter - University Commons,HART,3040 Evans St,Greenville,NC,27834,2523534400,35.5810813,-77.3832879,,False,active,Returned by Kroger official Locations API on 2026-09-01,Kroger official Locations API,2026-09-01T20:17:21.472587+00:00,20
09700341,Harris Teeter - High Point Mall,HART,265 Eastchester Dr,HIGH POINT,NC,27262,3368696317,35.98464,-80.0191108,,False,active,Returned by Kroger official Locations API on 2026-09-01,Kroger official Locations API,2026-09-01T20:17:21.472587+00:00,20
09700135,Harris Teeter - Surf City Crossing,HART,203 Alston Blvd,Hampstead,NC,28443,9103290711,34.4508682,-77.6052461,,False,active,Returned by Kroger official Locations API on 2026-09-01,Kroger official Locations API,2026-09-01T20:17:21.472587+00:00,19
09700092,Harris Teeter - Caldwell Crossing,HART,12190 University City Blvd,Harrisburg,NC,28075,7044549905,35.3153039,-80.6749817,,False,active,Returned by Kroger official Locations API on 2026-09-01,Kroger official Locations API,2026-09-01T20:17:21.472587+00:00,22
09700379,Harris Teeter - Southside Square,HART,636 Spartanburg Hwy,Hendersonville,NC,28792,8286936668,35.3090299,-82.4552222,,False,active,Returned by Kroger official Locations API on 2026-09-01,Kroger official Locations API,2026-09-01T20:17:21.472587+00:00,18
09700173,Harris Teeter - Oak Hollow Square,HART,1589 Skeet Club Rd Ste 140,High Point,NC,27265,3368411144,36.0328995,-79.9683366,,False,active,Returned by Kroger official Locations API on 2026-09-01,Kroger official Locations API,2026-09-01T20:17:21.472587+00:00,18
09700311,Harris Teeter - SouthPark Village,HART,324 Village Walk Dr,Holly Springs,NC,27540,9195521596,35.6395862,-78.8391135,,False,active,Returned by Kroger official Locations API on 2026-09-01,Kroger official Locations API,2026-09-01T20:17:21.472587+00:00,20
09700118,Harris Teeter - Sunset Lake Commons,HART,5277 Sunset Lake Rd,Holly Springs,NC,27540,9193633059,35.6664199,-78.7962088,,False,active,Returned by Kroger official Locations API on 2026-09-01,Kroger official Locations API,2026-09-01T20:17:21.472587+00:00,19
09700340,Harris Teeter - NorthCross Shopping Center,HART,9759 Sam Furr Rd,Huntersville,NC,28078,7048952594,35.4442876,-80.8616483,,False,active,Returned by Kroger official Locations API on 2026-09-01,Kroger official Locations API,2026-09-01T20:17:21.472587+00:00,18
09700272,Harris Teeter - Regency Village,HART,7715 Regency Park Dr,Huntersville,NC,28078,7048921197,35.4436806,-80.8954495,,False,active,Returned by Kroger official Locations API on 2026-09-01,Kroger official Locations API,2026-09-01T20:17:21.472587+00:00,19
09700209,Harris Teeter - Rosedale,HART,9925 Rose Commons Dr,Huntersville,NC,28078,7048759703,35.4091646,-80.8619882,,False,active,Returned by Kroger official Locations API on 2026-09-01,Kroger official Locations API,2026-09-01T20:17:21.472587+00:00,19
09700129,Harris Teeter - Sun Valley,HART,6610 Old Monroe Rd,Indian Trail,NC,28079,7042891156,35.047284,-80.648672,,False,active,Returned by Kroger official Locations API on 2026-09-01,Kroger official Locations API,2026-09-01T20:17:21.472587+00:00,21
09700175,Harris Teeter - Kill Devil Hills,HART,2012 S Croatan Hwy,KILL DEVIL HILLS,NC,27948,2524499191,35.9925307,-75.6516353,,False,active,Returned by Kroger official Locations API on 2026-09-01,Kroger official Locations API,2026-09-01T20:17:21.472587+00:00,18
09700250,Harris Teeter - Kernersville Marketplace,HART,971 S Main St,Kernersville,NC,27284,3369929735,36.1072364,-80.0947009,,False,active,Returned by Kroger official Locations API on 2026-09-01,Kroger official Locations API,2026-09-01T20:17:21.472587+00:00,19
09700387,Harris Teeter - Shoreside Center,HART,5400 N Croatan Hwy Ste A,Kitty Hawk,NC,27949,2522612220,36.0972627,-75.7192362,,False,active,Returned by Kroger official Locations API on 2026-09-01,Kroger official Locations API,2026-09-01T20:17:21.472587+00:00,13
09700225,Harris Teeter - Waterford Village,HART,2021 Olde Regent Way,Leland,NC,28451,9103713944,34.219466,-78.019334,,False,active,Returned by Kroger official Locations API on 2026-09-01,Kroger official Locations API,2026-09-01T20:17:21.472587+00:00,21
09700157,Harris Teeter - Matthews Festival,HART,1811 Matthews Township Pkwy,MATTHEWS,NC,28105,7048467117,35.1248853,-80.709793,,False,active,Returned by Kroger official Locations API on 2026-09-01,Kroger official Locations API,2026-09-01T20:17:21.472587+00:00,20
09700147,Harris Teeter - Plantation Market,HART,3100 Weddington Rd,MATTHEWS,NC,28105,7048411810,35.0827724,-80.7329901,,False,active,Returned by Kroger official Locations API on 2026-09-01,Kroger official Locations API,2026-09-01T20:17:21.472587+00:00,15
09700343,Harris Teeter - Weddington Corners,HART,13639 Providence Rd,MATTHEWS,NC,28104,7048475955,35.0240018,-80.7609548,,False,active,Returned by Kroger official Locations API on 2026-09-01,Kroger official Locations API,2026-09-01T20:17:21.472587+00:00,17
09700474,Harris Teeter - Mint Hill Pavilion,HART,7036 Brighton Park Dr,MINT HILL,NC,28227,7045453281,35.1726586,-80.6609305,,False,active,Returned by Kroger official Locations API on 2026-09-01,Kroger official Locations API,2026-09-01T20:17:21.472587+00:00,17
09700099,Harris Teeter - Morrison Plantation,HART,134 Town Center Dr Ste H,MOORESVILLE,NC,28117,7047991066,35.5855777,-80.8760122,,False,active,Returned by Kroger official Locations API on 2026-09-01,Kroger official Locations API,2026-09-01T20:17:21.472587+00:00,18
09700273,Harris Teeter - Austin Village,HART,1351 Chestnut Ln,Matthews,NC,28104,7042340405,35.0683,-80.7005881,,False,active,Returned by Kroger official Locations API on 2026-09-01,Kroger official Locations API,2026-09-01T20:17:21.472587+00:00,16
09700473,Harris Teeter - Idlewild Market,HART,15080 Idlewild Rd Ste P,Matthews,NC,28104,7048822277,35.12202,-80.653666,,False,active,Returned by Kroger official Locations API on 2026-09-01,Kroger official Locations API,2026-09-01T20:17:21.472587+00:00,17
09700274,Harris Teeter - The Village at Byers Creek,HART,118 Argus Ln,Mooresville,NC,28117,7047992004,35.6031016,-80.8949897,,False,active,Returned by Kroger official Locations API on 2026-09-01,Kroger official Locations API,2026-09-01T20:17:21.472587+00:00,18
09700265,Harris Teeter - Govenors Station,HART,5000 US Highway 70 W Ste 100,Morehead City,NC,28557,2522403742,34.7359183,-76.7923682,,False,active,Returned by Kroger official Locations API on 2026-09-01,Kroger official Locations API,2026-09-01T20:17:21.472587+00:00,16
09700139,Harris Teeter - Carolina Colours,HART,2032 Waterscape Way,New Bern,NC,28562,2526315226,35.033836,-77.012691,,False,active,Returned by Kroger official Locations API on 2026-09-01,Kroger official Locations API,2026-09-01T20:17:21.472587+00:00,20
09700421,Harris Teeter - New Bern Marketplace,HART,3565 M L King Jr Blvd,New Bern,NC,28562,2524972113,35.0984303,-77.09881,,False,active,Returned by Kroger official Locations API on 2026-09-01,Kroger official Locations API,2026-09-01T20:17:21.472587+00:00,25
09700080,Harris Teeter - PineCroft,HART,305 Ivey Ln,Pinehurst,NC,28374,9102550104,35.2052779,-79.4841348,,False,active,Returned by Kroger official Locations API on 2026-09-01,Kroger official Locations API,2026-09-01T20:17:21.472587+00:00,26
09700289,Harris Teeter - Glenwood Village,HART,2603 Glenwood Ave Ste 101,RALEIGH,NC,27608,9197875526,35.815498,-78.6603326,,False,active,Returned by Kroger official Locations API on 2026-09-01,Kroger official Locations API,2026-09-01T20:17:21.472587+00:00,11
09700090,Harris Teeter - Leesville Towne Centre,HART,13210 Strickland Rd,RALEIGH,NC,27613,9196763534,35.9091942,-78.7256102,,False,active,Returned by Kroger official Locations API on 2026-09-01,Kroger official Locations API,2026-09-01T20:17:21.472587+00:00,20
09700026,Harris Teeter - Stonehenge Market,HART,7400 Creedmoor Rd,RALEIGH,NC,27612,9198481464,35.887042,-78.6777303,,False,active,Returned by Kroger official Locations API on 2026-09-01,Kroger official Locations API,2026-09-01T20:17:21.472587+00:00,19
09700136,Harris Teeter - Falls Pointe,HART,9600 Falls of Neuse Rd,Raleigh,NC,27615,9196766614,35.9047877,-78.6010464,,False,active,Returned by Kroger official Locations API on 2026-09-01,Kroger official Locations API,2026-09-01T20:17:21.472587+00:00,21
09700283,Harris Teeter - Kings Grant Commons,HART,8101 Fayetteville Rd,Raleigh,NC,27603,9197720241,35.663363,-78.699336,,False,active,Returned by Kroger official Locations API on 2026-09-01,Kroger official Locations API,2026-09-01T20:17:21.472587+00:00,16
09700422,Harris Teeter - North Hills,HART,120 Saint Albans Dr STE 100,Raleigh,NC,27609,9197814165,35.8371559,-78.6387279,,False,active,Returned by Kroger official Locations API on 2026-09-01,Kroger official Locations API,2026-09-01T20:17:21.472587+00:00,19
09700344,Harris Teeter - North Ridge Shopping Center,HART,6024 Falls of Neuse Rd,Raleigh,NC,27609,9198725786,35.8655206,-78.6182992,,False,active,Returned by Kroger official Locations API on 2026-09-01,Kroger official Locations API,2026-09-01T20:17:21.472587+00:00,15
09700069,Harris Teeter - Olde Raleigh Village,HART,3201 Edwards Mill Rd Ste 123,Raleigh,NC,27612,9197818776,35.825719,-78.7074296,,False,active,Returned by Kroger official Locations API on 2026-09-01,Kroger official Locations API,2026-09-01T20:17:21.472587+00:00,18
09700304,Harris Teeter - The Corners at Brier Creek,HART,4221 Corners Pkwy,Raleigh,NC,27617,9195965399,35.91925,-78.788053,,False,active,Returned by Kroger official Locations API on 2026-09-01,Kroger official Locations API,2026-09-01T20:17:21.472587+00:00,26
09700319,Harris Teeter - The Pointe at Creedmoor,HART,2051 W Millbrook Rd,Raleigh,NC,27612,9197871364,35.8569807,-78.6799713,,False,active,Returned by Kroger official Locations API on 2026-09-01,Kroger official Locations API,2026-09-01T20:17:21.472587+00:00,20
09700495,Harris Teeter - Towne North,HART,8345 Creedmoor Rd,Raleigh,NC,27613,9196598221,35.900728,-78.682465,,False,active,Returned by Kroger official Locations API on 2026-09-01,Kroger official Locations API,2026-09-01T20:17:21.472587+00:00,17
09700021,Harris Teeter - Village District,HART,500 Oberlin Rd,Raleigh,NC,27605,9198289216,35.791544,-78.661821,,False,active,Returned by Kroger official Locations API on 2026-09-01,Kroger official Locations API,2026-09-01T20:17:21.472587+00:00,23
09700367,Harris Teeter - Wakefield Park,HART,14520 John Rex Blvd,Raleigh,NC,27614,9195544167,35.9470521,-78.5428303,,False,active,Returned by Kroger official Locations API on 2026-09-01,Kroger official Locations API,2026-09-01T20:17:21.472587+00:00,18
09700063,Harris Teeter - Westridge,HART,3679 Sunset Ave,Rocky Mount,NC,27801,2529372535,35.9626437,-77.8521997,,False,active,Returned by Kroger official Locations API on 2026-09-01,Kroger official Locations API,2026-09-01T20:17:21.472587+00:00,15
09700039,Harris Teeter - Stevens Mill Crossing,HART,7800J Stevens Mill Rd,STALLINGS,NC,28104,7048822749,35.1400158,-80.6234802,,False,active,Returned by Kroger official Locations API on 2026-09-01,Kroger official Locations API,2026-09-01T20:17:21.472587+00:00,11
09700178,Harris Teeter - Alexander Pointe,HART,850 Jake Alexander Blvd W,Salisbury,NC,28144,7046331658,35.6681045,-80.4970447,,False,active,Returned by Kroger official Locations API on 2026-09-01,Kroger official Locations API,2026-09-01T20:17:21.472587+00:00,15
09700395,Harris Teeter - Creedmoor Village,HART,1432 Brogden Woods Dr,WAKE FOREST,NC,27587,9198704980,35.9905035,-78.6934653,,False,active,Returned by Kroger official Locations API on 2026-09-01,Kroger official Locations API,2026-09-01T20:17:21.472587+00:00,15
09700353,Harris Teeter - Harris Crossing,HART,13686 Capital Blvd,WAKE FOREST,NC,27587,9195543608,36.005386,-78.5182797,,False,active,Returned by Kroger official Locations API on 2026-09-01,Kroger official Locations API,2026-09-01T20:17:21.472587+00:00,18
09700182,Harris Teeter - Cureton Town Center,HART,8157 Kensington Dr,WAXHAW,NC,28173,7042431238,34.9538547,-80.7594636,,False,active,Returned by Kroger official Locations API on 2026-09-01,Kroger official Locations API,2026-09-01T20:17:21.472587+00:00,21
09700162,Harris Teeter - Hanover Center,HART,3501 Oleander Dr Ste 18,WILMINGTON,NC,28403,9103434216,34.2169852,-77.9027207,,False,active,Returned by Kroger official Locations API on 2026-09-01,Kroger official Locations API,2026-09-01T20:17:21.472587+00:00,18
09700301,Harris Teeter - Lumina Commons,HART,1940 Eastwood Rd,WILMINGTON,NC,28403,9102562015,34.2209208,-77.8221637,,False,active,Returned by Kroger official Locations API on 2026-09-01,Kroger official Locations API,2026-09-01T20:17:21.472587+00:00,15
09700127,Harris Teeter - Whitaker Square,HART,1955 N Peace Haven Rd,WINSTON SALEM,NC,27106,3367600116,36.117995,-80.3106846,,False,active,Returned by Kroger official Locations API on 2026-09-01,Kroger official Locations API,2026-09-01T20:17:21.472587+00:00,17
09700043,Harris Teeter - Heritage Station,HART,3638 Rogers Rd,Wake Forest,NC,27587,9195629521,35.9443459,-78.5047273,,False,active,Returned by Kroger official Locations API on 2026-09-01,Kroger official Locations API,2026-09-01T20:17:21.472587+00:00,20
09700249,Harris Teeter - Village Commons,HART,5920 Weddington Monroe Rd,Wesley Chapel,NC,28104,7048434100,34.9998467,-80.6999655,,False,active,Returned by Kroger official Locations API on 2026-09-01,Kroger official Locations API,2026-09-01T20:17:21.472587+00:00,13
09700096,Harris Teeter - Beau Rivage Marketplace,HART,5920 Carolina Beach Rd,Wilmington,NC,28412,9107963091,34.1247729,-77.9024682,,False,active,Returned by Kroger official Locations API on 2026-09-01,Kroger official Locations API,2026-09-01T20:17:21.472587+00:00,20
09700441,Harris Teeter - Long Leaf Mall,HART,2800 S College Rd,Wilmington,NC,28412,9107914505,34.1966872,-77.8905119,,False,active,Returned by Kroger official Locations API on 2026-09-01,Kroger official Locations API,2026-09-01T20:17:21.472587+00:00,18
09700210,Harris Teeter - Mayfaire,HART,6805 Parker Farm Dr Unit C10,Wilmington,NC,28405,9102561071,34.2362431,-77.8312973,,False,active,Returned by Kroger official Locations API on 2026-09-01,Kroger official Locations API,2026-09-01T20:17:21.472587+00:00,20
09700191,Harris Teeter - Oak Landing,HART,8260 Market St,Wilmington,NC,28411,9106810571,34.2979076,-77.7901491,,False,active,Returned by Kroger official Locations API on 2026-09-01,Kroger official Locations API,2026-09-01T20:17:21.472587+00:00,20
09700264,Harris Teeter - Riverlights,HART,3860 Carolina Beach Rd,Wilmington,NC,28412,9104440220,34.174131,-77.925584,,False,active,Returned by Kroger official Locations API on 2026-09-01,Kroger official Locations API,2026-09-01T20:17:21.472587+00:00,25
09700158,Harris Teeter - South College Marketplace,HART,820 S College Rd,Wilmington,NC,28403,9104529242,34.2200189,-77.8858453,,False,active,Returned by Kroger official Locations API on 2026-09-01,Kroger official Locations API,2026-09-01T20:17:21.472587+00:00,16
09700354,Harris Teeter - Heritage Crossing,HART,3401 Raleigh Road Pkwy W Ste 10A,Wilson,NC,27896,2522060831,35.740786,-77.9626742,,False,active,Returned by Kroger official Locations API on 2026-09-01,Kroger official Locations API,2026-09-01T20:17:21.472587+00:00,18
09700216,Harris Teeter - Cloverdale Plaza,HART,2281 Cloverdale Ave,Winston Salem,NC,27103,3367771075,36.0911576,-80.2762412,,False,active,Returned by Kroger official Locations API on 2026-09-01,Kroger official Locations API,2026-09-01T20:17:21.472587+00:00,19
09700037,Harris Teeter - Harper Hill Commons,HART,150 Grant Hill Ln,Winston Salem,NC,27104,3362450467,36.0839327,-80.3469458,,False,active,Returned by Kroger official Locations API on 2026-09-01,Kroger official Locations API,2026-09-01T20:17:21.472587+00:00,15
09700346,Harris Teeter - Pine Ridge Plaza,HART,2835 Reynolda Rd,Winston Salem,NC,27106,3367610734,36.1458915,-80.2988756,,False,active,Returned by Kroger official Locations API on 2026-09-01,Kroger official Locations API,2026-09-01T20:17:21.472587+00:00,20
09700334,Harris Teeter - The Village at Robinhood,HART,5365 Robinhood Village Dr,Winston Salem,NC,27106,3369232441,36.1228478,-80.3682477,,False,active,Returned by Kroger official Locations API on 2026-09-01,Kroger official Locations API,2026-09-01T20:17:21.472587+00:00,13
09700155,Harris Teeter - Thruway Center,HART,420 S Stratford Rd # 22,Winston Salem,NC,27103,3367232305,36.0901912,-80.2857454,,False,active,Returned by Kroger official Locations API on 2026-09-01,Kroger official Locations API,2026-09-01T20:17:21.472587+00:00,13
09700429,Harris Teeter - Ladys Island,HART,163 Sea Island Pkwy,Beaufort,SC,29907,8548468326,32.414108,-80.648792,,False,active,Returned by Kroger official Locations API on 2026-09-01,Kroger official Locations API,2026-09-01T20:17:21.472587+00:00,3
09700277,Harris Teeter - East Bay Trading Station,HART,290 E Bay St,Charleston,SC,29401,8437226821,32.7845414,-79.928185,,False,active,Returned by Kroger official Locations API on 2026-09-01,Kroger official Locations API,2026-09-01T20:17:21.472587+00:00,15
09700453,Harris Teeter - Folly Beach,HART,1985 Folly Rd,Charleston,SC,29412,8437626255,32.68607,-79.96116,,False,active,Returned by Kroger official Locations API on 2026-09-01,Kroger official Locations API,2026-09-01T20:17:21.472587+00:00,13
09700456,Harris Teeter - Harbor View,HART,1005 Harbor View Rd,Charleston,SC,29412,8437622124,32.7416794,-79.936317,,False,active,Returned by Kroger official Locations API on 2026-09-01,Kroger official Locations API,2026-09-01T20:17:21.472587+00:00,15
09700028,Harris Teeter - James Island - Oak Point,HART,675 Folly Rd,Charleston,SC,29412,8434068977,32.7462735,-79.9719221,,False,active,Returned by Kroger official Locations API on 2026-09-01,Kroger official Locations API,2026-09-01T20:17:21.472587+00:00,17
09700455,Harris Teeter - James Island Center,HART,1739 Maybank Hwy,Charleston,SC,29412,8437959091,32.761932,-79.9770666,,False,active,Returned by Kroger official Locations API on 2026-09-01,Kroger official Locations API,2026-09-01T20:17:21.472587+00:00,19
09700365,Harris Teeter - St Andrews,HART,975 Savannah Hwy Ste 135,Charleston,SC,29407,8435565351,32.7808388,-79.9897975,,False,active,Returned by Kroger official Locations API on 2026-09-01,Kroger official Locations API,2026-09-01T20:17:21.472587+00:00,20
09700406,Harris Teeter - West Ashley Circle,HART,3865 W Ashley Cir,Charleston,SC,29414,8436192901,32.826107,-80.085138,,False,active,Returned by Kroger official Locations API on 2026-09-01,Kroger official Locations API,2026-09-01T20:17:21.472587+00:00,22
09700410,Harris Teeter - Westwood Plaza,HART,1812 Sam Rittenberg Blvd Ste 2,Charleston,SC,29407,8437637283,32.8019257,-80.019577,,False,active,Returned by Kroger official Locations API on 2026-09-01,Kroger official Locations API,2026-09-01T20:17:21.472587+00:00,22
09700124,Harris Teeter - Florence - Palmetto St,HART,1930 W Palmetto St,Florence,SC,29501,8436789525,34.1879196,-79.8057751,,False,active,Returned by Kroger official Locations API on 2026-09-01,Kroger official Locations API,2026-09-01T20:17:21.472587+00:00,14
09700370,Harris Teeter - Springfield Town Center,HART,500 Mercantile Pl,Fort Mill,SC,29715,8035470520,35.0575656,-80.9350204,,False,active,Returned by Kroger official Locations API on 2026-09-01,Kroger official Locations API,2026-09-01T20:17:21.472587+00:00,21
09700475,Harris Teeter - Stockbridge Commons,HART,867 Stockbridge Dr,Fort Mill,SC,29708,8035486612,35.0615172,-80.9946281,,False,active,Returned by Kroger official Locations API on 2026-09-01,Kroger official Locations API,2026-09-01T20:17:21.472587+00:00,19
09700082,Harris Teeter - West Town Market,HART,1750 Highway 160 W,Fort Mill,SC,29708,8033960440,35.035257,-80.970637,,False,active,Returned by Kroger official Locations API on 2026-09-01,Kroger official Locations API,2026-09-01T20:17:21.472587+00:00,21
09700420,Harris Teeter - Lewis Plaza,HART,1720 Augusta St,Greenville,SC,29605,8649778041,34.8270005,-82.3990699,,False,active,Returned by Kroger official Locations API on 2026-09-01,Kroger official Locations API,2026-09-01T20:17:21.472587+00:00,25
09700357,Harris Teeter - Northpointe,HART,100 Wade Hampton Blvd,Greenville,SC,29609,8649006150,34.861169,-82.385935,,False,active,Returned by Kroger official Locations API on 2026-09-01,Kroger official Locations API,2026-09-01T20:17:21.472587+00:00,22
09700291,Harris Teeter - Hudson Corners HT,HART,2145 Old Spartanburg Rd,Greer,SC,29650,8645847301,34.8921657,-82.292674,,False,active,Returned by Kroger official Locations API on 2026-09-01,Kroger official Locations API,2026-09-01T20:17:21.472587+00:00,37
09700152,Harris Teeter - Main Street Village,HART,301 Main St,HILTON HEAD,SC,29926,8436896255,32.2155444,-80.7219461,,False,active,Returned by Kroger official Locations API on 2026-09-01,Kroger official Locations API,2026-09-01T20:17:21.472587+00:00,18
09700423,Harris Teeter - Park Plaza,HART,33 Office Park Rd Ste 100,Hilton Head,SC,29928,8437856185,32.152964,-80.7676455,,False,active,Returned by Kroger official Locations API on 2026-09-01,Kroger official Locations API,2026-09-01T20:17:21.472587+00:00,21
09700372,Harris Teeter - Carolina Commons,HART,6271 Carolina Commons Dr,INDIAN LAND,SC,29707,8038025300,34.9369015,-80.838479,,False,active,Returned by Kroger official Locations API on 2026-09-01,Kroger official Locations API,2026-09-01T20:17:21.472587+00:00,18
09700452,Harris Teeter - Island Center,HART,1513 Palm Blvd,Isle of Palms,SC,29451,8438866506,32.7897606,-79.7869964,,False,active,Returned by Kroger official Locations API on 2026-09-01,Kroger official Locations API,2026-09-01T20:17:21.472587+00:00,11
09700451,Harris Teeter - Freshfields Village,HART,515 Freshfields Dr,Johns Island,SC,29455,8432433276,32.6066,-80.1477644,,False,active,Returned by Kroger official Locations API on 2026-09-01,Kroger official Locations API,2026-09-01T20:17:21.472587+00:00,17
09700087,Harris Teeter - Belle Hall,HART,620 Long Point Rd Unit H,Mount Pleasant,SC,29464,8438564631,32.839663,-79.85639,,False,active,Returned by Kroger official Locations API on 2026-09-01,Kroger official Locations API,2026-09-01T20:17:21.472587+00:00,19
09700457,Harris Teeter - Sea Island Shopping Center,HART,1220 Ben Sawyer Blvd Ste C,Mount Pleasant,SC,29464,8438844489,32.795377,-79.859666,,False,active,Returned by Kroger official Locations API on 2026-09-01,Kroger official Locations API,2026-09-01T20:17:21.472587+00:00,14
09700131,Harris Teeter - Rivertowne Place,HART,2035 Highway 41,Mt Pleasant,SC,29466,8439713611,32.8978185,-79.8216331,,False,active,Returned by Kroger official Locations API on 2026-09-01,Kroger official Locations API,2026-09-01T20:17:21.472587+00:00,23
09700385,Harris Teeter - Six Mile Marketplace,HART,2195 Tea Planter Ln,Mt Pleasant,SC,29466,8438812622,32.8394409,-79.8165612,,False,active,Returned by Kroger official Locations API on 2026-09-01,Kroger official Locations API,2026-09-01T20:17:21.472587+00:00,20
09700019,Harris Teeter - Village Pointe,HART,920 Houston Northcutt Blvd Ste N,Mt Pleasant,SC,29464,8438811983,32.8019317,-79.8917855,,False,active,Returned by Kroger official Locations API on 2026-09-01,Kroger official Locations API,2026-09-01T20:17:21.472587+00:00,12
09700149,Harris Teeter - Northwoods Square,HART,2750 Celanese Rd,ROCK HILL,SC,29732,8033296220,34.9771476,-81.0279523,,False,active,Returned by Kroger official Locations API on 2026-09-01,Kroger official Locations API,2026-09-01T20:17:21.472587+00:00,19
09700368,Harris Teeter - Nexton,HART,1269 Nexton Pkwy,Summerville,SC,29486,8439749465,33.059053,-80.151724,,False,active,Returned by Kroger official Locations API on 2026-09-01,Kroger official Locations API,2026-09-01T20:17:21.472587+00:00,3
09700355,Harris Teeter - Sawmill Village,HART,680 Bacons Bridge Rd,Summerville,SC,29485,8434860578,32.9995652,-80.1856072,,False,active,Returned by Kroger official Locations API on 2026-09-01,Kroger official Locations API,2026-09-01T20:17:21.472587+00:00,20
09700363,Harris Teeter - The Corner at Wescott,HART,9500 Dorchester Rd,Summerville,SC,29485,8438752524,32.9360427,-80.1403499,,False,active,Returned by Kroger official Locations API on 2026-09-01,Kroger official Locations API,2026-09-01T20:17:21.472587+00:00,16
09700023,Harris Teeter - Lee Harrison,HART,2425 N Harrison St,ARLINGTON,VA,22207,7035328663,38.8969894,-77.137529,,False,active,Returned by Kroger official Locations API on 2026-09-01,Kroger official Locations API,2026-09-01T20:17:21.472587+00:00,18
09700310,Harris Teeter - Goose Creek Village,HART,42780 Creek View Plz,ASHBURN,VA,20147,5712232245,39.0435678,-77.5214942,,False,active,Returned by Kroger official Locations API on 2026-09-01,Kroger official Locations API,2026-09-01T20:17:21.472587+00:00,14
09700238,Harris Teeter - Stone Ridge Village Center,HART,42015 Village Center Plz Ste 110,Aldie,VA,20105,7035428340,38.9392467,-77.549023,,False,active,Returned by Kroger official Locations API on 2026-09-01,Kroger official Locations API,2026-09-01T20:17:21.472587+00:00,20
09700133,Harris Teeter - Foxchase,HART,4641 Duke St,Alexandria,VA,22304,7034617082,38.8128453,-77.1125492,,False,active,Returned by Kroger official Locations API on 2026-09-01,Kroger official Locations API,2026-09-01T20:17:21.472587+00:00,20
09700413,Harris Teeter - King St - Beauregard,HART,4550 King St,Alexandria,VA,22302,5718952820,38.840304,-77.107286,,False,active,Returned by Kroger official Locations API on 2026-09-01,Kroger official Locations API,2026-09-01T20:17:21.472587+00:00,17
09700398,Harris Teeter - Old Town Alexandria,HART,735 N Saint Asaph St,Alexandria,VA,22314,7034193837,38.812405,-77.043856,,False,active,Returned by Kroger official Locations API on 2026-09-01,Kroger official Locations API,2026-09-01T20:17:21.472587+00:00,19
09700486,Harris Teeter - Arlington,HART,624B N Glebe Rd,Arlington,VA,22203,5717582640,38.877292,-77.11059,,False,active,Returned by Kroger official Locations API on 2026-09-01,Kroger official Locations API,2026-09-01T20:17:21.472587+00:00,3
09700083,Harris Teeter - Pentagon Row,HART,900 Army Navy Dr,Arlington,VA,22202,7034137112,38.8652564,-77.0619613,,False,active,Returned by Kroger official Locations API on 2026-09-01,Kroger official Locations API,2026-09-01T20:17:21.472587+00:00,14
09700235,Harris Teeter - Shirlington,HART,4250 Campbell Ave,Arlington,VA,22206,7033792003,38.8413764,-77.090135,,False,active,Returned by Kroger official Locations API on 2026-09-01,Kroger official Locations API,2026-09-01T20:17:21.472587+00:00,12
09700242,Harris Teeter - Ashbrook Commons,HART,20070 Ashbrook Commons Plz Unit 151,Ashburn,VA,20147,5712230110,39.0603736,-77.4705422,,False,active,Returned by Kroger official Locations API on 2026-09-01,Kroger official Locations API,2026-09-01T20:17:21.472587+00:00,16
09700284,Harris Teeter - Broadlands Marketplace,HART,43300 Southern Walk Plz,Ashburn,VA,20148,7037230842,39.0086515,-77.5032675,,False,active,Returned by Kroger official Locations API on 2026-09-01,Kroger official Locations API,2026-09-01T20:17:21.472587+00:00,18
09700230,Harris Teeter - Brambleton,HART,42415 Ryan Rd,Brambleton,VA,20148,7035428300,38.9858972,-77.5349995,,False,active,Returned by Kroger official Locations API on 2026-09-01,Kroger official Locations API,2026-09-01T20:17:21.472587+00:00,19
09700313,Harris Teeter - Bristow Center,HART,10438 Bristow Center Dr,Bristow,VA,20136,7032571367,38.7323471,-77.5499928,,False,active,Returned by Kroger official Locations API on 2026-09-01,Kroger official Locations API,2026-09-01T20:17:21.472587+00:00,19
09700177,Harris Teeter - Barracks Road,HART,975 Emmet St N Spc 8,CHARLOTTESVILLE,VA,22903,4349842900,38.0500621,-78.5045993,,False,active,Returned by Kroger official Locations API on 2026-09-01,Kroger official Locations API,2026-09-01T20:17:21.472587+00:00,22
09700332,Harris Teeter - Blue Ridge,HART,545 Radford Ln Bldg A,CHARLOTTESVILLE,VA,22903,4348231184,38.0508762,-78.6819627,,False,active,Returned by Kroger official Locations API on 2026-09-01,Kroger official Locations API,2026-09-01T20:17:21.472587+00:00,14
09700176,Harris Teeter - Greenbrier Market Center,HART,1216 Greenbrier Pkwy,CHESAPEAKE,VA,23320,7573827300,36.7693582,-76.2300646,,False,active,Returned by Kroger official Locations API on 2026-09-01,Kroger official Locations API,2026-09-01T20:17:21.472587+00:00,19
09700051,Harris Teeter - Hanbury Village,HART,237 Hanbury Rd E,CHESAPEAKE,VA,23322,7575469074,36.6857121,-76.2249127,,False,active,Returned by Kroger official Locations API on 2026-09-01,Kroger official Locations API,2026-09-01T20:17:21.472587+00:00,17
09700309,Harris Teeter - East Gate Marketplace,HART,25401 Eastern Marketplace Plz,Chantilly,VA,20152,7037222126,38.9151888,-77.4894456,,False,active,Returned by Kroger official Locations API on 2026-09-01,Kroger official Locations API,2026-09-01T20:17:21.472587+00:00,18
09700132,Harris Teeter - Hollymead Town Center,HART,159 Community St,Charlottesville,VA,22911,4348720009,38.1274717,-78.4437236,,False,active,Returned by Kroger official Locations API on 2026-09-01,Kroger official Locations API,2026-09-01T20:17:21.472587+00:00,17
09700465,Harris Teeter - Orchard Square,HART,1400 Kempsville Rd Ste 109,Chesapeake,VA,23320,7572170376,36.76445,-76.20226,,False,active,Returned by Kroger official Locations API on 2026-09-01,Kroger official Locations API,2026-09-01T20:17:21.472587+00:00,16
09700279,Harris Teeter - Barcroft Plaza,HART,6351 Columbia Pike,FALLS CHURCH,VA,22041,7032566615,38.8356087,-77.1554044,,False,active,Returned by Kroger official Locations API on 2026-09-01,Kroger official Locations API,2026-09-01T20:17:21.472587+00:00,17
09700253,Harris Teeter - Pender,HART,3905 Fair Ridge Dr,Fairfax,VA,22033,7038770580,38.872995,-77.3742857,,False,active,Returned by Kroger official Locations API on 2026-09-01,Kroger official Locations API,2026-09-01T20:17:21.472587+00:00,16
09700307,Harris Teeter - West Broad,HART,301 W Broad St # A,Falls Church,VA,22046,5714196869,38.883562,-77.173581,,False,active,Returned by Kroger official Locations API on 2026-09-01,Kroger official Locations API,2026-09-01T20:17:21.472587+00:00,20
09700338,Harris Teeter - Heritage Marketplace,HART,13901 Heathcote Blvd,Gainesville,VA,20155,7037547736,38.8078308,-77.611825,,False,active,Returned by Kroger official Locations API on 2026-09-01,Kroger official Locations API,2026-09-01T20:17:21.472587+00:00,20
09700085,Harris Teeter - Woodland Park Crossing,HART,12960 Highland Crossing Dr,HERNDON,VA,20171,7034647934,38.949801,-77.394948,,False,active,Returned by Kroger official Locations API on 2026-09-01,Kroger official Locations API,2026-09-01T20:17:21.472587+00:00,15
09700460,Harris Teeter - Willow Oaks Village Square,HART,227 Fox Hill Rd Ste A01,Hampton,VA,23669,7578500156,37.05826,-76.32846,,False,active,Returned by Kroger official Locations API on 2026-09-01,Kroger official Locations API,2026-09-01T20:17:21.472587+00:00,16
09700100,Harris Teeter - Lansdowne Town Center,HART,19350 Winmeade Dr,Leesburg,VA,20176,5713332495,39.0807101,-77.495512,,False,active,Returned by Kroger official Locations API on 2026-09-01,Kroger official Locations API,2026-09-01T20:17:21.472587+00:00,19
09700303,Harris Teeter - Hastings Marketplace,HART,10060 Market Cir,Manassas,VA,20110,7032574685,38.7390758,-77.452844,,False,active,Returned by Kroger official Locations API on 2026-09-01,Kroger official Locations API,2026-09-01T20:17:21.472587+00:00,19
09700316,Harris Teeter - Shops at County Center,HART,12745 Galveston Ct,Manassas,VA,20112,7035800251,38.6803398,-77.3633746,,False,active,Returned by Kroger official Locations API on 2026-09-01,Kroger official Locations API,2026-09-01T20:17:21.472587+00:00,18
09700006,Harris Teeter - Warwick Blvd,HART,12404 Warwick Blvd,Newport News,VA,23606,7575956000,37.06857,-76.491554,,False,active,Returned by Kroger official Locations API on 2026-09-01,Kroger official Locations API,2026-09-01T20:17:21.472587+00:00,19
09700378,Harris Teeter - Ghent,HART,1320 Colonial Ave,Norfolk,VA,23517,7575339284,36.8648395,-76.2925258,,False,active,Returned by Kroger official Locations API on 2026-09-01,Kroger official Locations API,2026-09-01T20:17:21.472587+00:00,20
09700407,Harris Teeter - K-K Square at Wards Corner,HART,7550 Granby St,Norfolk,VA,23505,7575884260,36.9139568,-76.2712559,,False,active,Returned by Kroger official Locations API on 2026-09-01,Kroger official Locations API,2026-09-01T20:17:21.472587+00:00,18
09700461,Harris Teeter - Ocean View,HART,179 W Ocean View Ave,Norfolk,VA,23503,7575870200,36.954299,-76.253331,,False,active,Returned by Kroger official Locations API on 2026-09-01,Kroger official Locations API,2026-09-01T20:17:21.472587+00:00,14
09700315,Harris Teeter - Churchland Marketplace,HART,3249 Tyre Neck Rd,PORTSMOUTH,VA,23703,7574839235,36.8623219,-76.3944573,,False,active,Returned by Kroger official Locations API on 2026-09-01,Kroger official Locations API,2026-09-01T20:17:21.472587+00:00,15
09700388,Harris Teeter - Purcellville Gateway,HART,105 Purcellville Gateway Dr,PURCELLVILLE,VA,20132,5403388995,39.1364815,-77.6945836,,False,active,Returned by Kroger official Locations API on 2026-09-01,Kroger official Locations API,2026-09-01T20:17:21.472587+00:00,20
09700081,Harris Teeter - Spectrum at Reston Town Center,HART,11806 Spectrum Ctr,Reston,VA,20190,7034355800,38.9660949,-77.3548599,,False,active,Returned by Kroger official Locations API on 2026-09-01,Kroger official Locations API,2026-09-01T20:17:21.472587+00:00,19
09700326,Harris Teeter - Cascades Overlook,HART,21399 Epicerie Plz,Sterling,VA,20164,5715264835,39.0231238,-77.3963118,,False,active,Returned by Kroger official Locations API on 2026-09-01,Kroger official Locations API,2026-09-01T20:17:21.472587+00:00,21
09700463,Harris Teeter - Bennetts Creek Crossing,HART,3575 Bridge Rd,Suffolk,VA,23435,7579470230,36.860941,-76.466973,,False,active,Returned by Kroger official Locations API on 2026-09-01,Kroger official Locations API,2026-09-01T20:17:21.472587+00:00,17
09700308,Harris Teeter - Dunn Loring,HART,2675 Avenir Pl,Vienna,VA,22180,7032040840,38.8793421,-77.2278834,,False,active,Returned by Kroger official Locations API on 2026-09-01,Kroger official Locations API,2026-09-01T20:17:21.472587+00:00,20
09700181,Harris Teeter - Arctic Avenue,HART,2800 Arctic Ave,Virginia Beach,VA,23451,7574224595,36.8557663,-75.9810611,,False,active,Returned by Kroger official Locations API on 2026-09-01,Kroger official Locations API,2026-09-01T20:17:21.472587+00:00,17
09700369,Harris Teeter - Brenneman Farm,HART,4540 Princess Anne Rd,Virginia Beach,VA,23462,7574674387,36.807236,-76.1327354,,False,active,Returned by Kroger official Locations API on 2026-09-01,Kroger official Locations API,2026-09-01T20:17:21.472587+00:00,15
09700239,Harris Teeter - Courthouse Marketplace,HART,2476 Nimmo Pkwy,Virginia Beach,VA,23456,7575639410,36.7548804,-76.0651771,,False,active,Returned by Kroger official Locations API on 2026-09-01,Kroger official Locations API,2026-09-01T20:17:21.472587+00:00,20
09700459,Harris Teeter - Great Neck Square,HART,2110 Great Neck Sq,Virginia Beach,VA,23454,7574816254,36.87544,-76.037599,,False,active,Returned by Kroger official Locations API on 2026-09-01,Kroger official Locations API,2026-09-01T20:17:21.472587+00:00,16
09700464,Harris Teeter - Haygood Shopping Center,HART,1069 Independence Blvd,Virginia Beach,VA,23455,7572170240,36.872869,-76.135972,,False,active,Returned by Kroger official Locations API on 2026-09-01,Kroger official Locations API,2026-09-01T20:17:21.472587+00:00,19
09700350,Harris Teeter - Indian Lakes Crossing,HART,5060 Ferrell Pkwy,Virginia Beach,VA,23464,7574670529,36.7938231,-76.1691567,,False,active,Returned by Kroger official Locations API on 2026-09-01,Kroger official Locations API,2026-09-01T20:17:21.472587+00:00,14
09700161,Harris Teeter - Princess Anne Plaza,HART,3333 Virginia Beach Blvd,Virginia Beach,VA,23451,7576316750,36.8409189,-76.0862686,,False,active,Returned by Kroger official Locations API on 2026-09-01,Kroger official Locations API,2026-09-01T20:17:21.472587+00:00,18
09700419,Harris Teeter - Sandbridge Commons,HART,2105 Princess Anne Rd,Virginia Beach,VA,23456,7577212396,36.7516257,-76.0118395,,False,active,Returned by Kroger official Locations API on 2026-09-01,Kroger official Locations API,2026-09-01T20:17:21.472587+00:00,21
09700329,Harris Teeter - Northrock Shopping Center,HART,530 Fletcher Dr,Warrenton,VA,20186,5403499500,38.727285,-77.7959607,,False,active,Returned by Kroger official Locations API on 2026-09-01,Kroger official Locations API,2026-09-01T20:17:21.472587+00:00,19
09700462,Harris Teeter - Governors Green,HART,4511 John Tyler Hwy,Williamsburg,VA,23185,7579411680,37.251464,-76.76369,,False,active,Returned by Kroger official Locations API on 2026-09-01,Kroger official Locations API,2026-09-01T20:17:21.472587+00:00,16
09700356,Harris Teeter - Lightfoot Marketplace,HART,6485 Centerville Rd,Williamsburg,VA,23188,7579034350,37.3389176,-76.7561377,,False,active,Returned by Kroger official Locations API on 2026-09-01,Kroger official Locations API,2026-09-01T20:17:21.472587+00:00,21
09700320,Harris Teeter - Quarterpath Crossing,HART,1470 Quarterpath Rd,Williamsburg,VA,23185,7572530182,37.2487143,-76.6865177,,False,active,Returned by Kroger official Locations API on 2026-09-01,Kroger official Locations API,2026-09-01T20:17:21.472587+00:00,23
02400090,Jay C Food Plus - Bedford,JAYC,2631 16th St,Bedford,IN,47421,8122750725,38.86217,-86.50863,,False,active,Returned by Kroger official Locations API on 2026-09-01,Kroger official Locations API,2026-09-01T20:17:21.472587+00:00,21
02400053,Jay C - Brownstown,JAYC,908 W Commerce St,Brownstown,IN,47220,8123584106,38.879369,-86.054021,,False,active,Returned by Kroger official Locations API on 2026-09-01,Kroger official Locations API,2026-09-01T20:17:21.472587+00:00,11
02400057,Jay C Food Plus - Charlestown,JAYC,9501 County Road 403,Charlestown,IN,47111,8122566805,38.453458,-85.673259,,False,active,Returned by Kroger official Locations API on 2026-09-01,Kroger official Locations API,2026-09-01T20:17:21.472587+00:00,23
02400008,Jay C - Columbus,JAYC,4290 W Jonathan Moore Pike,Columbus,IN,47201,8123429273,39.200957,-85.972277,,False,active,Returned by Kroger official Locations API on 2026-09-01,Kroger official Locations API,2026-09-01T20:17:21.472587+00:00,17
02400014,Jay C Food Plus - Corydon,JAYC,389 Old Capital Plz NW,Corydon,IN,47112,8127383225,38.22702,-86.1346129,,False,active,Returned by Kroger official Locations API on 2026-09-01,Kroger official Locations API,2026-09-01T20:17:21.472587+00:00,18
02400079,Jay C - Edinburgh,JAYC,15801 N US Highway 31,Edinburgh,IN,46124,8125266897,39.342805,-85.973678,,False,active,Returned by Kroger official Locations API on 2026-09-01,Kroger official Locations API,2026-09-01T20:17:21.472587+00:00,12
02400077,Jay C - English,JAYC,663 E State Road 64,English,IN,47118,8123385617,38.352024,-86.450095,,False,active,Returned by Kroger official Locations API on 2026-09-01,Kroger official Locations API,2026-09-01T20:17:21.472587+00:00,9
02400081,Jay C Food Plus - Jay C Floyds Knobs,JAYC,815 Highlander Point Dr,Floyds Knobs,IN,47119,8129235074,38.317823,-85.899495,,False,active,Returned by Kroger official Locations API on 2026-09-01,Kroger official Locations API,2026-09-01T20:17:21.472587+00:00,23
02400017,Jay C - Milan,JAYC,807 N Warpath Dr,Milan,IN,47031,8126542405,39.131322,-85.128616,,False,active,Returned by Kroger official Locations API on 2026-09-01,Kroger official Locations API,2026-09-01T20:17:21.472587+00:00,13
02400083,Jay C - North Vernon,JAYC,2325 N State Highway 3,North Vernon,IN,47265,8123468132,39.019541,-85.642333,,False,active,Returned by Kroger official Locations API on 2026-09-01,Kroger official Locations API,2026-09-01T20:17:21.472587+00:00,17
02400056,Jay C - Odon,JAYC,309 W Main St,Odon,IN,47562,8126360101,38.842105,-86.993921,,False,active,Returned by Kroger official Locations API on 2026-09-01,Kroger official Locations API,2026-09-01T20:17:21.472587+00:00,8
02400015,Jay C - Osgood,JAYC,711 S Buckeye St,Osgood,IN,47037,8126894082,39.12365,-85.28708,,False,active,Returned by Kroger official Locations API on 2026-09-01,Kroger official Locations API,2026-09-01T20:17:21.472587+00:00,11
02400070,Jay C - Petersburg,JAYC,323 W Main St,Petersburg,IN,47567,8123549077,38.483426,-87.292119,,False,active,Returned by Kroger official Locations API on 2026-09-01,Kroger official Locations API,2026-09-01T20:17:21.472587+00:00,11
02400086,Jay C - Salem 86,JAYC,601 S Main St,Salem,IN,47167,8128831641,38.599216,-86.102726,,False,active,Returned by Kroger official Locations API on 2026-09-01,Kroger official Locations API,2026-09-01T20:17:21.472587+00:00,15
02400001,Jay C - Scottsburg,JAYC,400 N Gardner St,Scottsburg,IN,47170,8127525772,38.691315,-85.78099,,False,active,Returned by Kroger official Locations API on 2026-09-01,Kroger official Locations API,2026-09-01T20:17:21.472587+00:00,12
02400087,Jay C - Sellersburg,JAYC,7605 Highway 311,Sellersburg,IN,47172,8122464730,38.382966,-85.769608,,False,active,Returned by Kroger official Locations API on 2026-09-01,Kroger official Locations API,2026-09-01T20:17:21.472587+00:00,18
02400073,Jay C - Jay C Seymour West Tipton,JAYC,1181 W Tipton St,Seymour,IN,47274,8125222883,38.951838,-85.902273,,False,active,Returned by Kroger official Locations API on 2026-09-01,Kroger official Locations API,2026-09-01T20:17:21.472587+00:00,17
02400093,Jay C Food Plus - Jay C Seymour East Tipton,JAYC,1541 E Tipton St,Seymour,IN,47274,8125228556,38.959228,-85.864291,,False,active,Returned by Kroger official Locations API on 2026-09-01,Kroger official Locations API,2026-09-01T20:17:21.472587+00:00,17
02400084,Jay C - Vincennes,JAYC,1400 Washington Ave,Vincennes,IN,47591,8128869311,38.682427,-87.514799,,False,active,Returned by Kroger official Locations API on 2026-09-01,Kroger official Locations API,2026-09-01T20:17:21.472587+00:00,16
02400055,Jay C - Washington,JAYC,20 Cherry Tree Plz,Washington,IN,47501,8122544985,38.6519187,-87.1530301,,False,active,Returned by Kroger official Locations API on 2026-09-01,Kroger official Locations API,2026-09-01T20:17:21.472587+00:00,11
02400035,Jay C - West Baden Springs,JAYC,8276 W State Road 56,West Baden Springs,IN,47469,8129369890,38.562981,-86.614369,,False,active,Returned by Kroger official Locations API on 2026-09-01,Kroger official Locations API,2026-09-01T20:17:21.472587+00:00,11
62000022,King Soopers - 58th and Ralston,KINGSOOPERS,9731 W 58Th Ave,Arvada,CO,80002,3034210871,39.8032174,-105.106555,,False,active,Returned by Kroger official Locations API on 2026-09-01,Kroger official Locations API,2026-09-01T20:17:21.472587+00:00,32
62000045,King Soopers - 64th and Ward,KINGSOOPERS,12350 W 64Th Ave,Arvada,CO,80004,3034310080,39.8112546,-105.1365385,,False,active,Returned by Kroger official Locations API on 2026-09-01,Kroger official Locations API,2026-09-01T20:17:21.472587+00:00,31
62000121,King Soopers - 80th and Sheridan,KINGSOOPERS,8055 Sheridan Blvd,Arvada,CO,80003,3034875320,39.8435562,-105.0564037,,False,active,Returned by Kroger official Locations API on 2026-09-01,Kroger official Locations API,2026-09-01T20:17:21.472587+00:00,33
62000003,King Soopers - Lloyd King Center,KINGSOOPERS,6350 Sheridan Blvd,Arvada,CO,80003,3034291597,39.811036,-105.051597,,False,active,Returned by Kroger official Locations API on 2026-09-01,Kroger official Locations API,2026-09-01T20:17:21.472587+00:00,32
62000085,King Soopers - Westwoods,KINGSOOPERS,15200 W 64Th Ave,Arvada,CO,80007,7208984228,39.8105874,-105.1718986,,False,active,Returned by Kroger official Locations API on 2026-09-01,Kroger official Locations API,2026-09-01T20:17:21.472587+00:00,37
62000137,King Soopers Marketplace - Candelas,KINGSOOPERS,14967 Candelas Pkwy,Arvada,CO,80007,7204684980,39.86169,-105.1677473,,False,active,Returned by Kroger official Locations API on 2026-09-01,Kroger official Locations API,2026-09-01T20:17:21.472587+00:00,37
62000036,King Soopers Marketplace - Lake Arbor,KINGSOOPERS,8031 Wadsworth Blvd,Arvada,CO,80003,3034204611,39.8433661,-105.0838261,,False,active,Returned by Kroger official Locations API on 2026-09-01,Kroger official Locations API,2026-09-01T20:17:21.472587+00:00,45
62000084,King Soopers - Arapahoe Crossing,KINGSOOPERS,6412 S Parker Rd,Aurora,CO,80016,3036276060,39.6002771,-104.8029032,,False,active,Returned by Kroger official Locations API on 2026-09-01,Kroger official Locations API,2026-09-01T20:17:21.472587+00:00,36
62000052,King Soopers - E Colfax Ave,KINGSOOPERS,15109 E Colfax Ave,Aurora,CO,80011,3033430064,39.7416552,-104.8123413,,False,active,Returned by Kroger official Locations API on 2026-09-01,Kroger official Locations API,2026-09-01T20:17:21.472587+00:00,21
62000128,King Soopers - Hampden Crossing,KINGSOOPERS,18211 E Hampden Ave,Aurora,CO,80013,3036273300,39.6550564,-104.7761737,,False,active,Returned by Kroger official Locations API on 2026-09-01,Kroger official Locations API,2026-09-01T20:17:21.472587+00:00,35
62000030,King Soopers - Havana and Mississippi,KINGSOOPERS,1155 S Havana St,Aurora,CO,80012,3037551244,39.6958666,-104.8680224,,False,active,Returned by Kroger official Locations API on 2026-09-01,Kroger official Locations API,2026-09-01T20:17:21.472587+00:00,32
62000049,King Soopers - Iliff at Buckley,KINGSOOPERS,17000 E Iliff Ave,Aurora,CO,80013,3037524111,39.671814,-104.7897375,,False,active,Returned by Kroger official Locations API on 2026-09-01,Kroger official Locations API,2026-09-01T20:17:21.472587+00:00,31
62000139,King Soopers - Nine Mile,KINGSOOPERS,3050 S Peoria St,Aurora,CO,80014,7207957143,39.661051,-104.844559,,False,active,Returned by Kroger official Locations API on 2026-09-01,Kroger official Locations API,2026-09-01T20:17:21.472587+00:00,31
62000014,King Soopers - Peoria Street,KINGSOOPERS,655 Peoria St,Aurora,CO,80011,3033649218,39.7264929,-104.849601,,False,active,Returned by Kroger official Locations API on 2026-09-01,Kroger official Locations API,2026-09-01T20:17:21.472587+00:00,22
62000069,King Soopers - Quincy Place Mission Viejo,KINGSOOPERS,4271 S Buckley Rd,Aurora,CO,80013,3036808600,39.6393678,-104.7934276,,False,active,Returned by Kroger official Locations API on 2026-09-01,Kroger official Locations API,2026-09-01T20:17:21.472587+00:00,29
62000010,King Soopers - VILLAGE GREEN,KINGSOOPERS,15250 E Mississippi Ave,Aurora,CO,80012,3036718697,39.6951161,-104.8109163,,False,active,Returned by Kroger official Locations API on 2026-09-01,Kroger official Locations API,2026-09-01T20:17:21.472587+00:00,28
62000107,King Soopers Marketplace - Smoky Hill and Arapahoe,KINGSOOPERS,25701 E Smoky Hill Rd,Aurora,CO,80016,3036152855,39.587599,-104.6872,,False,active,Returned by Kroger official Locations API on 2026-09-01,Kroger official Locations API,2026-09-01T20:17:21.472587+00:00,44
62000112,King Soopers - Bennett,KINGSOOPERS,1045 S 1St St,Bennett,CO,80102,7204636639,39.7430515,-104.435768,,False,active,Returned by Kroger official Locations API on 2026-09-01,Kroger official Locations API,2026-09-01T20:17:21.472587+00:00,35
62000061,King Soopers - 30th Street Boulder,KINGSOOPERS,1650 30Th St,Boulder,CO,80301,3034439622,40.0157912,-105.2518304,,False,active,Returned by Kroger official Locations API on 2026-09-01,Kroger official Locations API,2026-09-01T20:17:21.472587+00:00,37
62000028,King Soopers - Gun Barrel,KINGSOOPERS,6550 Lookout Rd,Boulder,CO,80301,3035301020,40.071793,-105.200815,,False,active,Returned by Kroger official Locations API on 2026-09-01,Kroger official Locations API,2026-09-01T20:17:21.472587+00:00,32
62000033,King Soopers - TABLE MESA,KINGSOOPERS,3600 Table Mesa Dr,Boulder,CO,80305,3034994004,39.9834627,-105.2512976,,False,active,Returned by Kroger official Locations API on 2026-09-01,Kroger official Locations API,2026-09-01T20:17:21.472587+00:00,35
62000081,King Soopers - 4th and Bromley Lane,KINGSOOPERS,500 E Bromley Ln,Brighton,CO,80601,3036557555,39.9704255,-104.8160199,,False,active,Returned by Kroger official Locations API on 2026-09-01,Kroger official Locations API,2026-09-01T20:17:21.472587+00:00,35
62000136,King Soopers Marketplace - 50th and Bridge Street,KINGSOOPERS,100 N 50th Ave,Brighton,CO,80601,3036370342,39.988666,-104.749903,,False,active,Returned by Kroger official Locations API on 2026-09-01,Kroger official Locations API,2026-09-01T20:17:21.472587+00:00,47
62000118,King Soopers - 136th and Zuni,KINGSOOPERS,2355 W 136Th Ave,Broomfield,CO,80023,3039203040,39.944364,-105.014833,,False,active,Returned by Kroger official Locations API on 2026-09-01,Kroger official Locations API,2026-09-01T20:17:21.472587+00:00,42
62000086,King Soopers - Broomfield on Sheridan,KINGSOOPERS,12167 Sheridan Blvd,Broomfield,CO,80020,3034390113,39.9170735,-105.055313,,False,active,Returned by Kroger official Locations API on 2026-09-01,Kroger official Locations API,2026-09-01T20:17:21.472587+00:00,37
62000089,King Soopers - Miramonte and 287,KINGSOOPERS,1150 Us Highway 287,Broomfield,CO,80020,3034392610,39.9330827,-105.0880306,,False,active,Returned by Kroger official Locations API on 2026-09-01,Kroger official Locations API,2026-09-01T20:17:21.472587+00:00,34
62000091,King Soopers - Castle Pines,KINGSOOPERS,7284 Lagae Rd,Castle Pines,CO,80108,3036886200,39.4685225,-104.8793798,,False,active,Returned by Kroger official Locations API on 2026-09-01,Kroger official Locations API,2026-09-01T20:17:21.472587+00:00,34
62000132,King Soopers - Ridge Road,KINGSOOPERS,750 N Ridge Rd,Castle Rock,CO,80104,3036602500,39.375845,-104.827526,,False,active,Returned by Kroger official Locations API on 2026-09-01,Kroger official Locations API,2026-09-01T20:17:21.472587+00:00,36
62000125,King Soopers Marketplace - Promenade Parkway,KINGSOOPERS,5544 Promenade Pkwy,Castle Rock,CO,80108,3035629128,39.4146152,-104.8796695,,False,active,Returned by Kroger official Locations API on 2026-09-01,Kroger official Locations API,2026-09-01T20:17:21.472587+00:00,48
62000047,King Soopers - Cherrywood Square,KINGSOOPERS,7575 S University Blvd,Centennial,CO,80122,3037980530,39.5785134,-104.9613844,,False,active,Returned by Kroger official Locations API on 2026-09-01,Kroger official Locations API,2026-09-01T20:17:21.472587+00:00,26
62000063,King Soopers - County Line and Holly,KINGSOOPERS,8200 S Holly St,Centennial,CO,80122,3037794499,39.56767,-104.9208076,,False,active,Returned by Kroger official Locations API on 2026-09-01,Kroger official Locations API,2026-09-01T20:17:21.472587+00:00,36
62000016,King Soopers - Smoky Hill and Himalaya,KINGSOOPERS,19711 E Smoky Hill Rd,Centennial,CO,80015,3034003038,39.615265,-104.758565,,False,active,Returned by Kroger official Locations API on 2026-09-01,Kroger official Locations API,2026-09-01T20:17:21.472587+00:00,38
62000130,King Soopers - Academy and Austin Bluffs,KINGSOOPERS,3620 Austin Bluffs Pkwy,Colorado Springs,CO,80918,7195981891,38.89206,-104.761008,,False,active,Returned by Kroger official Locations API on 2026-09-01,Kroger official Locations API,2026-09-01T20:17:21.472587+00:00,33
62000119,King Soopers - Briargate,KINGSOOPERS,9225 N Union Blvd,Colorado Springs,CO,80920,7195222200,38.9646651,-104.7550756,,False,active,Returned by Kroger official Locations API on 2026-09-01,Kroger official Locations API,2026-09-01T20:17:21.472587+00:00,35
62000133,King Soopers - Centennial Blvd and Fillmore,KINGSOOPERS,3250 Centennial Blvd,Colorado Springs,CO,80907,7198666645,38.8772463,-104.8488964,,False,active,Returned by Kroger official Locations API on 2026-09-01,Kroger official Locations API,2026-09-01T20:17:21.472587+00:00,39
62000058,King Soopers - Cheyenne Meadows Center,KINGSOOPERS,815 Cheyenne Meadows Rd,Colorado Springs,CO,80906,7195271590,38.775994,-104.812048,,False,active,Returned by Kroger official Locations API on 2026-09-01,Kroger official Locations API,2026-09-01T20:17:21.472587+00:00,31
62000151,King Soopers - Flying Horse,KINGSOOPERS,2731 N Gate Blvd,Colorado Springs,CO,80921,7192846080,39.027051,-104.780504,,False,active,Returned by Kroger official Locations API on 2026-09-01,Kroger official Locations API,2026-09-01T20:17:21.472587+00:00,59
62000103,King Soopers - Hancock Plaza,KINGSOOPERS,2910 S Academy Blvd,Colorado Springs,CO,80916,7193939622,38.7904236,-104.7606625,,False,active,Returned by Kroger official Locations API on 2026-09-01,Kroger official Locations API,2026-09-01T20:17:21.472587+00:00,31
62000076,King Soopers - Hartsel Drive,KINGSOOPERS,3570 Hartsel Dr,Colorado Springs,CO,80920,7195901099,38.9400064,-104.7605006,,False,active,Returned by Kroger official Locations API on 2026-09-01,Kroger official Locations API,2026-09-01T20:17:21.472587+00:00,35
62000077,King Soopers - Monument,KINGSOOPERS,1070 W Baptist Rd,Colorado Springs,CO,80921,7194882955,39.057988,-104.843074,,False,active,Returned by Kroger official Locations API on 2026-09-01,Kroger official Locations API,2026-09-01T20:17:21.472587+00:00,36
62000098,King Soopers - Stetson Hills,KINGSOOPERS,6030 Stetson Hills Blvd,Colorado Springs,CO,80923,7195917043,38.9122512,-104.7159074,,False,active,Returned by Kroger official Locations API on 2026-09-01,Kroger official Locations API,2026-09-01T20:17:21.472587+00:00,38
62000006,King Soopers - Westside Uintah,KINGSOOPERS,1750 W Uintah St,Colorado Springs,CO,80904,7196365043,38.8490733,-104.8471797,,False,active,Returned by Kroger official Locations API on 2026-09-01,Kroger official Locations API,2026-09-01T20:17:21.472587+00:00,38
62000053,King Soopers - Woodmen and Academy,KINGSOOPERS,6930 N Academy Blvd,Colorado Springs,CO,80918,7195985177,38.9310777,-104.7969066,,False,active,Returned by Kroger official Locations API on 2026-09-01,Kroger official Locations API,2026-09-01T20:17:21.472587+00:00,23
62000134,King Soopers Marketplace - Constitution Avenue,KINGSOOPERS,7915 Constitution Ave,Colorado Springs,CO,80951,7192846268,38.866204,-104.680209,,False,active,Returned by Kroger official Locations API on 2026-09-01,Kroger official Locations API,2026-09-01T20:17:21.472587+00:00,29
62000092,King Soopers - Commerce City Plaza,KINGSOOPERS,4850 E 62Nd Ave,Commerce City,CO,80022,3032873419,39.8087089,-104.9305425,,False,active,Returned by Kroger official Locations API on 2026-09-01,Kroger official Locations API,2026-09-01T20:17:21.472587+00:00,24
62000114,King Soopers Marketplace - 104th and Chambers,KINGSOOPERS,15051 E 104th Ave,Commerce City,CO,80022,3032865464,39.8877452,-104.8119092,,False,active,Returned by Kroger official Locations API on 2026-09-01,Kroger official Locations API,2026-09-01T20:17:21.472587+00:00,48
62000087,King Soopers - Aspen Park,KINGSOOPERS,25637 Conifer Rd,Conifer,CO,80433,3038164960,39.5443479,-105.2920678,,False,active,Returned by Kroger official Locations API on 2026-09-01,Kroger official Locations API,2026-09-01T20:17:21.472587+00:00,35
62000019,King Soopers - BEAR VALLEY,KINGSOOPERS,3100 S Sheridan Blvd,Denver,CO,80227,3039374400,39.654558,-105.051173,,False,active,Returned by Kroger official Locations API on 2026-09-01,Kroger official Locations API,2026-09-01T20:17:21.472587+00:00,38
62000029,King Soopers - CAPITOL HILL,KINGSOOPERS,1155 E 9Th Ave,Denver,CO,80218,3038325262,39.7311271,-104.9735436,,False,active,Returned by Kroger official Locations API on 2026-09-01,Kroger official Locations API,2026-09-01T20:17:21.472587+00:00,35
62000123,King Soopers - Central Park,KINGSOOPERS,10406 Martin Luther King BLVD,Denver,CO,80238,7205316368,39.7593405,-104.8664513,,False,active,Returned by Kroger official Locations API on 2026-09-01,Kroger official Locations API,2026-09-01T20:17:21.472587+00:00,30
62000034,King Soopers - Federal Heights,KINGSOOPERS,1575 W 84Th Ave,Denver,CO,80260,3034279176,39.8504111,-105.0047262,,False,active,Returned by Kroger official Locations API on 2026-09-01,Kroger official Locations API,2026-09-01T20:17:21.472587+00:00,25
62000083,King Soopers - Green Valley Ranch,KINGSOOPERS,18605 Green Valley Ranch Blvd,Denver,CO,80249,3033718767,39.785361,-104.770072,,False,active,Returned by Kroger official Locations API on 2026-09-01,Kroger official Locations API,2026-09-01T20:17:21.472587+00:00,34
62000150,King Soopers - King Soopers,KINGSOOPERS,4201 E Arkansas Ave,Denver,CO,80222,3033017740,39.692343,-104.938295,,False,active,Returned by Kroger official Locations API on 2026-09-01,Kroger official Locations API,2026-09-01T20:17:21.472587+00:00,41
62000005,King Soopers - MAYFAIR,KINGSOOPERS,1355 Krameria St,Denver,CO,80220,3033991086,39.7376325,-104.9176554,,False,active,Returned by Kroger official Locations API on 2026-09-01,Kroger official Locations API,2026-09-01T20:17:21.472587+00:00,25
62000035,King Soopers - Monaco Parkway,KINGSOOPERS,890 S Monaco Pkwy,Denver,CO,80224,3033331535,39.7007781,-104.9111707,,False,active,Returned by Kroger official Locations API on 2026-09-01,Kroger official Locations API,2026-09-01T20:17:21.472587+00:00,24
62000093,King Soopers - Quebec Street,KINGSOOPERS,2810 Quebec St,Denver,CO,80207,3033333223,39.756482,-104.901587,,False,active,Returned by Kroger official Locations API on 2026-09-01,Kroger official Locations API,2026-09-01T20:17:21.472587+00:00,33
62000026,King Soopers - SOUTHMOOR,KINGSOOPERS,6470 E Hampden Ave,Denver,CO,80222,3037581210,39.6518119,-104.9141888,,False,active,Returned by Kroger official Locations API on 2026-09-01,Kroger official Locations API,2026-09-01T20:17:21.472587+00:00,33
62000001,King Soopers - Speer Blvd,KINGSOOPERS,1331 Speer Blvd,Denver,CO,80204,3035715566,39.7374922,-104.9979695,,False,active,Returned by Kroger official Locations API on 2026-09-01,Kroger official Locations API,2026-09-01T20:17:21.472587+00:00,34
62000115,King Soopers - Union Station,KINGSOOPERS,1950 Chestnut Pl,Denver,CO,80202,3036782434,39.757185,-104.998818,,False,active,Returned by Kroger official Locations API on 2026-09-01,Kroger official Locations API,2026-09-01T20:17:21.472587+00:00,26
62000072,King Soopers - University Hills,KINGSOOPERS,2750 S Colorado Blvd,Denver,CO,80222,3035120122,39.6667598,-104.9368423,,False,active,Returned by Kroger official Locations API on 2026-09-01,Kroger official Locations API,2026-09-01T20:17:21.472587+00:00,37
62000056,King Soopers - W Evans Ave,KINGSOOPERS,2727 W Evans Ave,Denver,CO,80219,3039362375,39.6801188,-105.0211474,,False,active,Returned by Kroger official Locations API on 2026-09-01,Kroger official Locations API,2026-09-01T20:17:21.472587+00:00,29
62000007,King Soopers - W Florida Ave,KINGSOOPERS,5125 W Florida Ave,Denver,CO,80219,3039367493,39.690877,-105.05212470000001,,False,active,Returned by Kroger official Locations API on 2026-09-01,Kroger official Locations API,2026-09-01T20:17:21.472587+00:00,20
62000090,King Soopers - Sloans Lake Edgewater,KINGSOOPERS,1725 Sheridan Blvd,Edgewater,CO,80214,3032374988,39.7448867,-105.0560734,,False,active,Returned by Kroger official Locations API on 2026-09-01,Kroger official Locations API,2026-09-01T20:17:21.472587+00:00,32
62000065,King Soopers - Englewood Pkwy and S Broadway,KINGSOOPERS,101 Englewood Pkwy,Englewood,CO,80110,3037610013,39.6557799,-104.989428,,False,active,Returned by Kroger official Locations API on 2026-09-01,Kroger official Locations API,2026-09-01T20:17:21.472587+00:00,26
62000109,King Soopers - Federal and Belleview,KINGSOOPERS,5050 S Federal Blvd,Englewood,CO,80110,3037982521,39.6251596,-105.0237356,,False,active,Returned by Kroger official Locations API on 2026-09-01,Kroger official Locations API,2026-09-01T20:17:21.472587+00:00,34
62000111,King Soopers Fresh Fare - Fresh Fare,KINGSOOPERS,3495 S University Blvd,Englewood,CO,80113,3038062760,39.653723,-104.960738,,False,active,Returned by Kroger official Locations API on 2026-09-01,Kroger official Locations API,2026-09-01T20:17:21.472587+00:00,28
62000138,King Soopers - Highway 287 and Arapahoe Road,KINGSOOPERS,2900 Arapahoe Rd,Erie,CO,80026,3033011150,40.012189,-105.100416,,False,active,Returned by Kroger official Locations API on 2026-09-01,Kroger official Locations API,2026-09-01T20:17:21.472587+00:00,28
62000129,King Soopers Marketplace - VISTA RIDGE,KINGSOOPERS,1891 State Highway 7,Erie,CO,80516,3037294161,40.002236,-105.009925,,False,active,Returned by Kroger official Locations API on 2026-09-01,Kroger official Locations API,2026-09-01T20:17:21.472587+00:00,26
62000064,King Soopers - Bergen Park,KINGSOOPERS,1173 Bergen Pkwy,Evergreen,CO,80439,3036748249,39.6934687,-105.3585441,,False,active,Returned by Kroger official Locations API on 2026-09-01,Kroger official Locations API,2026-09-01T20:17:21.472587+00:00,36
62000147,King Soopers - Woodman  Falcon,KINGSOOPERS,7530 Falcon Market Pl,Falcon,CO,80831,7192340660,38.9432065,-104.61041,,False,active,Returned by Kroger official Locations API on 2026-09-01,Kroger official Locations API,2026-09-01T20:17:21.472587+00:00,25
62000105,King Soopers - Firestone,KINGSOOPERS,6110 Firestone Blvd,Firestone,CO,80504,3036824160,40.1590859,-104.9395489,,False,active,Returned by Kroger official Locations API on 2026-09-01,Kroger official Locations API,2026-09-01T20:17:21.472587+00:00,39
62000009,King Soopers - CEDARWOOD,KINGSOOPERS,1015 S Taft Hill Rd,Fort Collins,CO,80521,9702214943,40.5741644,-105.1169274,,False,active,Returned by Kroger official Locations API on 2026-09-01,Kroger official Locations API,2026-09-01T20:17:21.472587+00:00,36
62000073,King Soopers - JFK Parkway,KINGSOOPERS,4503 John F Kennedy Pkwy,Fort Collins,CO,80525,9702235759,40.525076,-105.0734131,,False,active,Returned by Kroger official Locations API on 2026-09-01,Kroger official Locations API,2026-09-01T20:17:21.472587+00:00,36
62000146,King Soopers - Midtown Marketplace,KINGSOOPERS,2535 S College Ave,Fort Collins,CO,80525,9702120350,40.5539629,-105.0789946,,False,active,Returned by Kroger official Locations API on 2026-09-01,Kroger official Locations API,2026-09-01T20:17:21.472587+00:00,57
62000097,King Soopers - Timberline,KINGSOOPERS,2602 S Timberline Rd,Fort Collins,CO,80525,9702675100,40.5519348,-105.038032,,False,active,Returned by Kroger official Locations API on 2026-09-01,Kroger official Locations API,2026-09-01T20:17:21.472587+00:00,38
62000099,King Soopers Marketplace - North College Marketplace,KINGSOOPERS,1842 N College Ave,Fort Collins,CO,80524,9704946940,40.612292,-105.073371,,False,active,Returned by Kroger official Locations API on 2026-09-01,Kroger official Locations API,2026-09-01T20:17:21.472587+00:00,44
62000153,King Soopers - Fountain King Soopers,KINGSOOPERS,6255 Sawcut Pt,Fountain,CO,80817,7193599070,38.7204448,-104.71195,,False,active,Returned by Kroger official Locations API on 2026-09-01,Kroger official Locations API,2026-09-01T20:17:21.472587+00:00,20
62000154,King Soopers - Frederick,KINGSOOPERS,5801 Silverstone Dr,Frederick,CO,80504,3033271090,40.089792,-104.94377,,False,active,Returned by Kroger official Locations API on 2026-09-01,Kroger official Locations API,2026-09-01T20:17:21.472587+00:00,19
62000124,King Soopers - Glendale,KINGSOOPERS,4600 Leetsdale Dr,Glendale,CO,80246,3033203100,39.7080291,-104.9325168,,False,active,Returned by Kroger official Locations API on 2026-09-01,Kroger official Locations API,2026-09-01T20:17:21.472587+00:00,50
62000082,King Soopers - Golden Road,KINGSOOPERS,17171 S Golden Rd,Golden,CO,80401,3032795458,39.7394682,-105.1929724,,False,active,Returned by Kroger official Locations API on 2026-09-01,Kroger official Locations API,2026-09-01T20:17:21.472587+00:00,35
62000032,King Soopers - University Square,KINGSOOPERS,2712 11Th Ave,Greeley,CO,80631,9703539660,40.3924487,-104.6946411,,False,active,Returned by Kroger official Locations API on 2026-09-01,Kroger official Locations API,2026-09-01T20:17:21.472587+00:00,28
62000011,King Soopers - Westlake,KINGSOOPERS,2100 35Th Ave,Greeley,CO,80634,9703391700,40.404757,-104.733193,,False,active,Returned by Kroger official Locations API on 2026-09-01,Kroger official Locations API,2026-09-01T20:17:21.472587+00:00,35
62000117,King Soopers Marketplace - North Gate Village,KINGSOOPERS,6922 W 10Th St,Greeley,CO,80634,9703924140,40.4196403,-104.7924536,,False,active,Returned by Kroger official Locations API on 2026-09-01,Kroger official Locations API,2026-09-01T20:17:21.472587+00:00,53
62000100,King Soopers - Belleview Square,KINGSOOPERS,4910 S Yosemite St,Greenwood Village,CO,80111,3037939080,39.626581,-104.8840296,,False,active,Returned by Kroger official Locations API on 2026-09-01,Kroger official Locations API,2026-09-01T20:17:21.472587+00:00,38
62000096,King Soopers - The Orchards on Holly,KINGSOOPERS,6000 S Holly St,Greenwood Village,CO,80111,7204883401,39.607694,-104.920695,,False,active,Returned by Kroger official Locations API on 2026-09-01,Kroger official Locations API,2026-09-01T20:17:21.472587+00:00,37
62000110,King Soopers - Quebec St Highland Ranch,KINGSOOPERS,8673 S Quebec St,Highlands Ranch,CO,80130,3036834994,39.5589536,-104.9077514,,False,active,Returned by Kroger official Locations API on 2026-09-01,Kroger official Locations API,2026-09-01T20:17:21.472587+00:00,32
62000108,King Soopers - Red Cedar Drive,KINGSOOPERS,4000 Red Cedar Dr,Highlands Ranch,CO,80126,3036837383,39.5253356,-104.9401432,,False,active,Returned by Kroger official Locations API on 2026-09-01,Kroger official Locations API,2026-09-01T20:17:21.472587+00:00,34
62000027,King Soopers - University and Colorado,KINGSOOPERS,9551 S University Blvd,Highlands Ranch,CO,80126,3034703216,39.5422823,-104.9441651,,False,active,Returned by Kroger official Locations API on 2026-09-01,Kroger official Locations API,2026-09-01T20:17:21.472587+00:00,39
62000008,King Soopers - Wildcat Reserve,KINGSOOPERS,2205 W Wildcat Reserve Pkwy,Highlands Ranch,CO,80129,7203444503,39.5366036,-105.0136219,,False,active,Returned by Kroger official Locations API on 2026-09-01,Kroger official Locations API,2026-09-01T20:17:21.472587+00:00,37
62000127,King Soopers - Belmar,KINGSOOPERS,7984 W Alameda Ave,Lakewood,CO,80226,3039142060,39.7094864,-105.0853259,,False,active,Returned by Kroger official Locations API on 2026-09-01,Kroger official Locations API,2026-09-01T20:17:21.472587+00:00,32
62000040,King Soopers - GREEN MOUNTAIN,KINGSOOPERS,12043 W Alameda Pkwy,Lakewood,CO,80228,3039888000,39.7087615,-105.1372612,,False,active,Returned by Kroger official Locations API on 2026-09-01,Kroger official Locations API,2026-09-01T20:17:21.472587+00:00,36
62000031,King Soopers - Jewell and Wadsworth,KINGSOOPERS,1927 S Wadsworth Blvd,Lakewood,CO,80227,3039858795,39.681512,-105.0832565,,False,active,Returned by Kroger official Locations API on 2026-09-01,Kroger official Locations API,2026-09-01T20:17:21.472587+00:00,27
62000059,King Soopers - Lakewood Square,KINGSOOPERS,1545 S Kipling Pkwy,Lakewood,CO,80232,3039898180,39.6904696,-105.1195288,,False,active,Returned by Kroger official Locations API on 2026-09-01,Kroger official Locations API,2026-09-01T20:17:21.472587+00:00,33
62000060,King Soopers - Quail Street,KINGSOOPERS,1555 Quail St,Lakewood,CO,80215,3032331511,39.7421331,-105.1252884,,False,active,Returned by Kroger official Locations API on 2026-09-01,Kroger official Locations API,2026-09-01T20:17:21.472587+00:00,24
62000041,King Soopers - Coalmine and Pierce,KINGSOOPERS,6760 S Pierce St,Littleton,CO,80128,3039792280,39.5935264,-105.0719862,,False,active,Returned by Kroger official Locations API on 2026-09-01,Kroger official Locations API,2026-09-01T20:17:21.472587+00:00,29
62000078,King Soopers - Columbine Knolls Village,KINGSOOPERS,8126 S Wadsworth Blvd,Littleton,CO,80128,7209814391,39.5684575,-105.0814688,,False,active,Returned by Kroger official Locations API on 2026-09-01,Kroger official Locations API,2026-09-01T20:17:21.472587+00:00,36
62000050,King Soopers - Governors Plaza,KINGSOOPERS,9820 W Belleview Ave,Littleton,CO,80123,3039789618,39.6232855,-105.1074858,,False,active,Returned by Kroger official Locations API on 2026-09-01,Kroger official Locations API,2026-09-01T20:17:21.472587+00:00,31
62000025,King Soopers - KEN CARYL,KINGSOOPERS,11747 W Ken Caryl Ave,Littleton,CO,80127,3039335100,39.582149,-105.130835,,False,active,Returned by Kroger official Locations API on 2026-09-01,Kroger official Locations API,2026-09-01T20:17:21.472587+00:00,38
62000131,King Soopers - Littleton and Broadway,KINGSOOPERS,100 W Littleton Blvd,Littleton,CO,80120,3036153000,39.6121466,-104.9899197,,False,active,Returned by Kroger official Locations API on 2026-09-01,Kroger official Locations API,2026-09-01T20:17:21.472587+00:00,29
62000122,King Soopers - Mineral and Broadway,KINGSOOPERS,7901 S Broadway,Littleton,CO,80122,3037385700,39.5726648,-104.9909341,,False,active,Returned by Kroger official Locations API on 2026-09-01,Kroger official Locations API,2026-09-01T20:17:21.472587+00:00,29
62000080,King Soopers - Hover Street,KINGSOOPERS,995 S Hover St,Longmont,CO,80501,3037020099,40.1505653,-105.1340736,,False,active,Returned by Kroger official Locations API on 2026-09-01,Kroger official Locations API,2026-09-01T20:17:21.472587+00:00,35
62000042,King Soopers - North Main,KINGSOOPERS,2255 Main St,Longmont,CO,80501,3037727950,40.1988602,-105.1042149,,False,active,Returned by Kroger official Locations API on 2026-09-01,Kroger official Locations API,2026-09-01T20:17:21.472587+00:00,32
62000102,King Soopers - Pace Street,KINGSOOPERS,1611 Pace St,Longmont,CO,80504,3037767570,40.1865818,-105.0758797,,False,active,Returned by Kroger official Locations API on 2026-09-01,Kroger official Locations API,2026-09-01T20:17:21.472587+00:00,35
62000013,King Soopers - LOUISVILLE,KINGSOOPERS,1375 E South Boulder Rd,Louisville,CO,80027,3036731800,39.9884018,-105.1242444,,False,active,Returned by Kroger official Locations API on 2026-09-01,Kroger official Locations API,2026-09-01T20:17:21.472587+00:00,37
62000142,King Soopers Marketplace - King Soopers Marketplace,KINGSOOPERS,1171 W Dillon Rd,Louisville,CO,80027,3032141200,39.963114,-105.167075,,False,active,Returned by Kroger official Locations API on 2026-09-01,Kroger official Locations API,2026-09-01T20:17:21.472587+00:00,42
62000044,King Soopers - 29th Street Loveland,KINGSOOPERS,253 E 29Th St,Loveland,CO,80538,9706696222,40.425077,-105.075586,,False,active,Returned by Kroger official Locations API on 2026-09-01,Kroger official Locations API,2026-09-01T20:17:21.472587+00:00,32
62000074,King Soopers - Eagle Drive Loveland,KINGSOOPERS,1275 Eagle Dr,Loveland,CO,80537,9706634125,40.3798139,-105.099627,,False,active,Returned by Kroger official Locations API on 2026-09-01,Kroger official Locations API,2026-09-01T20:17:21.472587+00:00,38
62000088,King Soopers - Crossing at Stonegate,KINGSOOPERS,17031 Lincoln Ave,Parker,CO,80134,7208517750,39.5360557,-104.7906572,,False,active,Returned by Kroger official Locations API on 2026-09-01,Kroger official Locations API,2026-09-01T20:17:21.472587+00:00,37
62000075,King Soopers - Stroh Ranch,KINGSOOPERS,12959 S Parker Rd,Parker,CO,80134,3038401223,39.4797451,-104.7606324,,False,active,Returned by Kroger official Locations API on 2026-09-01,Kroger official Locations API,2026-09-01T20:17:21.472587+00:00,37
62000126,King Soopers Marketplace - Cottonwood Drive,KINGSOOPERS,17761 Cottonwood Dr,Parker,CO,80134,3033349540,39.560061,-104.782842,,False,active,Returned by Kroger official Locations API on 2026-09-01,Kroger official Locations API,2026-09-01T20:17:21.472587+00:00,58
62000043,King Soopers - Northside on 29th Street,KINGSOOPERS,102 W 29Th St,Pueblo,CO,81008,7195440390,38.2975113,-104.6065535,,False,active,Returned by Kroger official Locations API on 2026-09-01,Kroger official Locations API,2026-09-01T20:17:21.472587+00:00,23
62000012,King Soopers - Southside on Northern Avenue,KINGSOOPERS,3050 W Northern Ave,Pueblo,CO,81005,7195640590,38.2427856,-104.6457677,,False,active,Returned by Kroger official Locations API on 2026-09-01,Kroger official Locations API,2026-09-01T20:17:21.472587+00:00,32
62000024,King Soopers - 104th and Washington,KINGSOOPERS,750 E 104Th Ave Unit A,Thornton,CO,80233,3034528657,39.883825,-104.976078,,False,active,Returned by Kroger official Locations API on 2026-09-01,Kroger official Locations API,2026-09-01T20:17:21.472587+00:00,27
62000101,King Soopers - 136th and Colorado Blvd,KINGSOOPERS,13700 Colorado Blvd,Thornton,CO,80602,7208721630,39.9447021,-104.93790369999999,,False,active,Returned by Kroger official Locations API on 2026-09-01,Kroger official Locations API,2026-09-01T20:17:21.472587+00:00,37
62000068,King Soopers - Mission Trace,KINGSOOPERS,3801 E 120Th Ave,Thornton,CO,80233,3034516955,39.9147253,-104.943554,,False,active,Returned by Kroger official Locations API on 2026-09-01,Kroger official Locations API,2026-09-01T20:17:21.472587+00:00,31
62000116,King Soopers Marketplace - 136th and Quebec,KINGSOOPERS,13525 Quebec St,Thornton,CO,80602,7203564924,39.9412446,-104.9049402,,False,active,Returned by Kroger official Locations API on 2026-09-01,Kroger official Locations API,2026-09-01T20:17:21.472587+00:00,28
62000062,King Soopers - 104th and Federal,KINGSOOPERS,10351 Federal Blvd,Westminster,CO,80260,3034043342,39.8831014,-105.027623,,False,active,Returned by Kroger official Locations API on 2026-09-01,Kroger official Locations API,2026-09-01T20:17:21.472587+00:00,38
62000055,King Soopers - Wadsworth and Church Ranch,KINGSOOPERS,9983 Wadsworth Pkwy,Westminster,CO,80021,3034240670,39.8766399,-105.0981883,,False,active,Returned by Kroger official Locations API on 2026-09-01,Kroger official Locations API,2026-09-01T20:17:21.472587+00:00,28
62000020,King Soopers - APPLEWOOD,KINGSOOPERS,3400 Youngfield St,Wheat Ridge,CO,80033,3032386486,39.7646004,-105.139917,,False,active,Returned by Kroger official Locations API on 2026-09-01,Kroger official Locations API,2026-09-01T20:17:21.472587+00:00,35
62000057,King Soopers - Ridge Village on 38th Ave,KINGSOOPERS,5301 W 38th Ave,Wheat Ridge,CO,80212,3034257356,39.7703823,-105.0542489,,False,active,Returned by Kroger official Locations API on 2026-09-01,Kroger official Locations API,2026-09-01T20:17:21.472587+00:00,33
62000104,King Soopers - Windsor,KINGSOOPERS,1520 Main St,Windsor,CO,80550,9706742830,40.4814382,-104.92761780000001,,False,active,Returned by Kroger official Locations API on 2026-09-01,Kroger official Locations API,2026-09-01T20:17:21.472587+00:00,36
62000079,King Soopers - Dell Range Cheyenne,KINGSOOPERS,3702 Dell Range Blvd,Cheyenne,WY,82009,3076380014,41.1613168,-104.764616,,False,active,Returned by Kroger official Locations API on 2026-09-01,Kroger official Locations API,2026-09-01T20:17:21.472587+00:00,29
01100260,Kroger - Corner Village,KROGER,300 N Dean Rd,Auburn,AL,36830,3348211325,32.6105645,-85.463195,,True,active,Returned by Kroger official Locations API on 2026-09-01,Kroger official Locations API,2026-09-01T20:17:21.472587+00:00,38
02600854,Kroger - Decatur,KROGER,1101 Beltline RD SE STE A,Decatur,AL,35601,2563509770,34.5601579,-86.9763541,,True,active,Returned by Kroger official Locations API on 2026-09-01,Kroger official Locations API,2026-09-01T20:17:21.472587+00:00,30
02600894,Kroger - Crestwood Shopping Center,KROGER,241 Highway 31 SW Ste K,Hartselle,AL,35640,2567736413,34.4394583,-86.9428297,,True,active,Returned by Kroger official Locations API on 2026-09-01,Kroger official Locations API,2026-09-01T20:17:21.472587+00:00,25
02600517,Kroger - Kroger Moores Mill Road Huntsville,KROGER,6070 Moores Mill Rd,Huntsville,AL,35811,2568525770,34.800504,-86.534893,,True,active,Returned by Kroger official Locations API on 2026-09-01,Kroger official Locations API,2026-09-01T20:17:21.472587+00:00,29
02600508,Kroger - Kroger Oakwood Ave Huntsville,KROGER,2110 Oakwood Ave Nw,Huntsville,AL,35810,2565360715,34.750633,-86.600692,,True,active,Returned by Kroger official Locations API on 2026-09-01,Kroger official Locations API,2026-09-01T20:17:21.472587+00:00,26
02600849,Kroger - Logan Square,KROGER,8404 Memorial Pkwy Sw,Huntsville,AL,35802,2568815696,34.6566463,-86.5712873,,True,active,Returned by Kroger official Locations API on 2026-09-01,Kroger official Locations API,2026-09-01T20:17:21.472587+00:00,28
02600677,Kroger - Watercress,KROGER,7090 Highway 72 W,Huntsville,AL,35806,2567260600,34.757011,-86.711877,,True,active,Returned by Kroger official Locations API on 2026-09-01,Kroger official Locations API,2026-09-01T20:17:21.472587+00:00,38
01100310,Kroger - Lanett,KROGER,1401 S Gilmer Ave,Lanett,AL,36863,3346442100,32.855689,-85.190821,,True,active,Returned by Kroger official Locations API on 2026-09-01,Kroger official Locations API,2026-09-01T20:17:21.472587+00:00,31
02600606,Kroger - Kroger County Line Rd,KROGER,8855 Highway 72 W,Madison,AL,35758,2568704350,34.744504,-86.784721,,True,active,Returned by Kroger official Locations API on 2026-09-01,Kroger official Locations API,2026-09-01T20:17:21.472587+00:00,19
02600605,Kroger - Midtown Marketplace,KROGER,4579 Wall Triana Hwy,Madison,AL,35758,2564610914,34.7087169,-86.7488221,,True,active,Returned by Kroger official Locations API on 2026-09-01,Kroger official Locations API,2026-09-01T20:17:21.472587+00:00,37
01100631,Kroger - Tiger Town,KROGER,2460 Enterprise Dr,Opelika,AL,36801,3347372643,32.6207323,-85.4116953,,True,active,Returned by Kroger official Locations API on 2026-09-01,Kroger official Locations API,2026-09-01T20:17:21.472587+00:00,41
02500687,Kroger - Batesville AR,KROGER,303 S Saint Louis St,Batesville,AR,72501,8707932143,35.7761297,-91.639709,,True,active,Returned by Kroger official Locations API on 2026-09-01,Kroger official Locations API,2026-09-01T20:17:21.472587+00:00,18
02500637,Kroger - Benton - Military Rd,KROGER,1410 Military Rd,Benton,AR,72015,5017760301,34.578061,-92.5776107,,True,active,Returned by Kroger official Locations API on 2026-09-01,Kroger official Locations API,2026-09-01T20:17:21.472587+00:00,36
02500629,Kroger Marketplace - Benton Marketplace,KROGER,20820 Interstate 30 N,Benton,AR,72019,5015743880,34.61071,-92.53078,,True,active,Returned by Kroger official Locations API on 2026-09-01,Kroger official Locations API,2026-09-01T20:17:21.472587+00:00,48
02500465,Kroger - Blytheville,KROGER,400 W Moultrie Dr,Blytheville,AR,72315,8707637524,35.9371785,-89.9069518,,True,active,Returned by Kroger official Locations API on 2026-09-01,Kroger official Locations API,2026-09-01T20:17:21.472587+00:00,28
02500613,Kroger - Cabot,KROGER,1295 W Main St,Cabot,AR,72023,5016285185,34.9752199,-92.028805,,True,active,Returned by Kroger official Locations API on 2026-09-01,Kroger official Locations API,2026-09-01T20:17:21.472587+00:00,27
02500652,Kroger - Conway - Oak St,KROGER,101 Oak St,Conway,AR,72032,5013298009,35.0904062,-92.4284337,,True,active,Returned by Kroger official Locations API on 2026-09-01,Kroger official Locations API,2026-09-01T20:17:21.472587+00:00,29
02500625,Kroger Marketplace - Conway Marketplace,KROGER,855 Salem Rd,Conway,AR,72034,5013293628,35.089251,-92.4723198,,True,active,Returned by Kroger official Locations API on 2026-09-01,Kroger official Locations API,2026-09-01T20:17:21.472587+00:00,42
02500619,Kroger - Hot Springs - Airport,KROGER,215 Airport Rd,Hot Springs,AR,71913,5016233340,34.4882784,-93.087213,,True,active,Returned by Kroger official Locations API on 2026-09-01,Kroger official Locations API,2026-09-01T20:17:21.472587+00:00,35
02500590,Kroger - Hot Springs - Central,KROGER,3341 Central Ave,Hot Springs,AR,71913,5016240259,34.4738846,-93.0591943,,True,active,Returned by Kroger official Locations API on 2026-09-01,Kroger official Locations API,2026-09-01T20:17:21.472587+00:00,28
02500621,Kroger - Hot Springs - Mall,KROGER,4407 Central Ave,Hot Springs,AR,71913,5015257083,34.4503642,-93.0744193,,True,active,Returned by Kroger official Locations API on 2026-09-01,Kroger official Locations API,2026-09-01T20:17:21.472587+00:00,35
02500614,Kroger - Jacksonville,KROGER,103 Gregory Pl,Jacksonville,AR,72076,5019820151,34.8791531,-92.1101049,,True,active,Returned by Kroger official Locations API on 2026-09-01,Kroger official Locations API,2026-09-01T20:17:21.472587+00:00,21
02500409,Kroger Marketplace - Jonesboro Marketplace,KROGER,1725 S Caraway Rd,Jonesboro,AR,72401,8709729990,35.823776,-90.679944,,True,active,Returned by Kroger official Locations API on 2026-09-01,Kroger official Locations API,2026-09-01T20:17:21.472587+00:00,43
02500582,Kroger - Colony West,KROGER,10300 N Rodney Parham Rd,Little Rock,AR,72227,5012276364,34.7683326,-92.3879841,,True,active,Returned by Kroger official Locations API on 2026-09-01,Kroger official Locations API,2026-09-01T20:17:21.472587+00:00,33
02500550,Kroger - E Roosevelt,KROGER,1100 E Roosevelt Rd,Little Rock,AR,72206,5013750585,34.7248922,-92.2609776,,True,active,Returned by Kroger official Locations API on 2026-09-01,Kroger official Locations API,2026-09-01T20:17:21.472587+00:00,20
02500627,Kroger - Geyer Springs,KROGER,8824 Geyer Springs Rd,Little Rock,AR,72209,5015682330,34.6700644,-92.3458356,,True,active,Returned by Kroger official Locations API on 2026-09-01,Kroger official Locations API,2026-09-01T20:17:21.472587+00:00,27
02500636,Kroger - Hillcrest,KROGER,614 Beechwood St,Little Rock,AR,72205,5016660102,34.7567667,-92.3248647,,True,active,Returned by Kroger official Locations API on 2026-09-01,Kroger official Locations API,2026-09-01T20:17:21.472587+00:00,30
02500630,Kroger - Markham,KROGER,8415 W Markham St,Little Rock,AR,72205,5012277262,34.7518831,-92.3682139,,True,active,Returned by Kroger official Locations API on 2026-09-01,Kroger official Locations API,2026-09-01T20:17:21.472587+00:00,31
02500644,Kroger - The Heights,KROGER,1900 N Polk St,Little Rock,AR,72207,5016634748,34.7695589,-92.33521,,True,active,Returned by Kroger official Locations API on 2026-09-01,Kroger official Locations API,2026-09-01T20:17:21.472587+00:00,32
02500622,Kroger Marketplace - Cantrell Marketplace,KROGER,14000 Cantrell Rd,Little Rock,AR,72223,5012254588,34.804101,-92.428925,,True,active,Returned by Kroger official Locations API on 2026-09-01,Kroger official Locations API,2026-09-01T20:17:21.472587+00:00,43
02500623,Kroger Marketplace - Chenal Marketplace,KROGER,16105 Chenal Pkwy Ste B,Little Rock,AR,72223,5012177910,34.7561924,-92.4490834,,True,active,Returned by Kroger official Locations API on 2026-09-01,Kroger official Locations API,2026-09-01T20:17:21.472587+00:00,42
02500606,Kroger - Maumelle,KROGER,110 Commons Dr,Maumelle,AR,72113,5012107670,34.8478559,-92.4084377,,True,active,Returned by Kroger official Locations API on 2026-09-01,Kroger official Locations API,2026-09-01T20:17:21.472587+00:00,37
02500638,Kroger - Camp Robinson,KROGER,4401 Camp Robinson Rd,North Little Rock,AR,72118,5017586858,34.7950808,-92.2729244,,True,active,Returned by Kroger official Locations API on 2026-09-01,Kroger official Locations API,2026-09-01T20:17:21.472587+00:00,26
02500642,Kroger - Indian Hills,KROGER,6929 John F Kennedy Blvd,North Little Rock,AR,72116,5018350400,34.8195081,-92.2386516,,True,active,Returned by Kroger official Locations API on 2026-09-01,Kroger official Locations API,2026-09-01T20:17:21.472587+00:00,38
02500639,Kroger - McCain,KROGER,2509 Mccain Blvd,North Little Rock,AR,72116,5017588660,34.7978933,-92.235763,,True,active,Returned by Kroger official Locations API on 2026-09-01,Kroger official Locations API,2026-09-01T20:17:21.472587+00:00,33
02500624,Kroger - Russellville,KROGER,1109 W Main St,Russellville,AR,72801,4798903400,35.2795664,-93.1435668,,True,active,Returned by Kroger official Locations API on 2026-09-01,Kroger official Locations API,2026-09-01T20:17:21.472587+00:00,28
02500469,Kroger - W Memphis,KROGER,300 S Service Rd,West Memphis,AR,72301,8707322692,35.167868,-90.191514,,True,active,Returned by Kroger official Locations API on 2026-09-01,Kroger official Locations API,2026-09-01T20:17:21.472587+00:00,29
01100397,Kroger - Butler Creek,KROGER,3330 Cobb Pkwy NW Ste 200,Acworth,GA,30101,7709758652,34.036344,-84.6770134,,True,active,Returned by Kroger official Locations API on 2026-09-01,Kroger official Locations API,2026-09-01T20:17:21.472587+00:00,35
01100291,Kroger - Cherokee Commons,KROGER,6199 Highway 92,Acworth,GA,30102,7709249102,34.0904699,-84.585295,,True,active,Returned by Kroger official Locations API on 2026-09-01,Kroger official Locations API,2026-09-01T20:17:21.472587+00:00,36
01100442,Kroger - Stilesboro Oaks,KROGER,1720 Mars Hill Rd NW,Acworth,GA,30101,7704195490,33.9958096,-84.7045479,,True,active,Returned by Kroger official Locations API on 2026-09-01,Kroger official Locations API,2026-09-01T20:17:21.472587+00:00,38
01100415,Kroger - Crabapple,KROGER,12460 Crabapple Rd,Alpharetta,GA,30004,7707402050,34.0857179,-84.3567523,,True,active,Returned by Kroger official Locations API on 2026-09-01,Kroger official Locations API,2026-09-01T20:17:21.472587+00:00,38
01100444,Kroger - Grassland Crossing,KROGER,5665 Atlanta Hwy,Alpharetta,GA,30004,7707525380,34.1451658,-84.2498665,,True,active,Returned by Kroger official Locations API on 2026-09-01,Kroger official Locations API,2026-09-01T20:17:21.472587+00:00,45
01100344,Kroger - Haynes Market,KROGER,3000 Old Alabama Rd,Alpharetta,GA,30022,7707517384,34.0230965,-84.2715981,,True,active,Returned by Kroger official Locations API on 2026-09-01,Kroger official Locations API,2026-09-01T20:17:21.472587+00:00,41
01100390,Kroger - Saddlebrook,KROGER,10945 State Bridge Rd,Alpharetta,GA,30022,7707513000,34.0496921,-84.2228106,,True,active,Returned by Kroger official Locations API on 2026-09-01,Kroger official Locations API,2026-09-01T20:17:21.472587+00:00,48
01100495,Kroger - Windward Commons,KROGER,12870 Highway 9 N,Alpharetta,GA,30004,7707723699,34.0963,-84.27771,,True,active,Returned by Kroger official Locations API on 2026-09-01,Kroger official Locations API,2026-09-01T20:17:21.472587+00:00,41
01100428,Kroger - Alps Village,KROGER,191 Alps Rd,Athens,GA,30606,7065430209,33.9472876,-83.4080077,,True,active,Returned by Kroger official Locations API on 2026-09-01,Kroger official Locations API,2026-09-01T20:17:21.472587+00:00,46
01100435,Kroger - Epps Village,KROGER,1720 Epps Bridge Pkwy,Athens,GA,30606,7065838900,33.9131649,-83.4463404,,True,active,Returned by Kroger official Locations API on 2026-09-01,Kroger official Locations API,2026-09-01T20:17:21.472587+00:00,39
01100665,Kroger Marketplace - College Station,KROGER,2040 Barnett Shoals Rd,Athens,GA,30605,7065341660,33.9230575,-83.34312,,True,active,Returned by Kroger official Locations API on 2026-09-01,Kroger official Locations API,2026-09-01T20:17:21.472587+00:00,24
01100618,Kroger Marketplace - Trail Creek Village,KROGER,700 Highway 29 N,Athens,GA,30601,7067153738,33.9956197,-83.3342437,,True,active,Returned by Kroger official Locations API on 2026-09-01,Kroger official Locations API,2026-09-01T20:17:21.472587+00:00,49
01100298,Kroger - Ansley Mall,KROGER,1700 Monroe Dr NE,Atlanta,GA,30324,4048720782,33.80054,-84.3730262,,True,active,Returned by Kroger official Locations API on 2026-09-01,Kroger official Locations API,2026-09-01T20:17:21.472587+00:00,40
01100465,Kroger - Cascade Corners,KROGER,3425 Cascade Rd SW,Atlanta,GA,30311,4045058855,33.724311,-84.4990675,,True,active,Returned by Kroger official Locations API on 2026-09-01,Kroger official Locations API,2026-09-01T20:17:21.472587+00:00,33
01100412,Kroger - Cascade-Citi Center,KROGER,590 Cascade Ave SW,Atlanta,GA,30310,4047561140,33.7374549,-84.433074,,True,active,Returned by Kroger official Locations API on 2026-09-01,Kroger official Locations API,2026-09-01T20:17:21.472587+00:00,35
01100461,Kroger - Edgewood,KROGER,1225 Caroline St NE,Atlanta,GA,30307,4048804105,33.756079,-84.3480363,,True,active,Returned by Kroger official Locations API on 2026-09-01,Kroger official Locations API,2026-09-01T20:17:21.472587+00:00,40
01100685,Kroger - Embry Village,KROGER,3559 Chamblee Tucker Rd,Atlanta,GA,30341,7702436211,33.883897,-84.247698,,True,active,Returned by Kroger official Locations API on 2026-09-01,Kroger official Locations API,2026-09-01T20:17:21.472587+00:00,14
01100350,Kroger - Fountain Oaks,KROGER,4920 Roswell Rd,Atlanta,GA,30342,4048433080,33.8898191,-84.3834045,,True,active,Returned by Kroger official Locations API on 2026-09-01,Kroger official Locations API,2026-09-01T20:17:21.472587+00:00,40
01100672,Kroger - Glenwood Kroger,KROGER,800 Glenwood Ave SE,Atlanta,GA,30316,4704475030,33.742558,-84.35962,,True,active,Returned by Kroger official Locations API on 2026-09-01,Kroger official Locations API,2026-09-01T20:17:21.472587+00:00,48
01100462,Kroger - Greenbriar Crossing,KROGER,3030 Headland Dr SW,Atlanta,GA,30311,4043440177,33.6868782,-84.4877367,,True,active,Returned by Kroger official Locations API on 2026-09-01,Kroger official Locations API,2026-09-01T20:17:21.472587+00:00,35
01100346,Kroger - Howell Mill Square,KROGER,1715 Howell Mill Rd NW,Atlanta,GA,30318,4043557886,33.8018234,-84.4124991,,True,active,Returned by Kroger official Locations API on 2026-09-01,Kroger official Locations API,2026-09-01T20:17:21.472587+00:00,37
01100364,Kroger - Metropolitan Citi-Center,KROGER,2685 Metropolitan Pkwy SW,Atlanta,GA,30315,4047617409,33.682837,-84.409058,,True,active,Returned by Kroger official Locations API on 2026-09-01,Kroger official Locations API,2026-09-01T20:17:21.472587+00:00,40
01100324,Kroger - Orchard Park,KROGER,2090 Dunwoody Club Dr,Atlanta,GA,30350,7703919035,33.9608906,-84.3011506,,True,active,Returned by Kroger official Locations API on 2026-09-01,Kroger official Locations API,2026-09-01T20:17:21.472587+00:00,36
01100695,Kroger - Ponce,KROGER,725 Ponce de Leon Ave NE,Atlanta,GA,30306,4703514222,33.771651,-84.363357,,True,active,Returned by Kroger official Locations API on 2026-09-01,Kroger official Locations API,2026-09-01T20:17:21.472587+00:00,40
01100488,Kroger - Ripplewater Village,KROGER,1160 Moreland Ave SE,Atlanta,GA,30316,4046248110,33.7224318,-84.347745,,True,active,Returned by Kroger official Locations API on 2026-09-01,Kroger official Locations API,2026-09-01T20:17:21.472587+00:00,38
01100655,Kroger - Sage Hill,KROGER,1799 Briarcliff Rd NE,Atlanta,GA,30306,4046071189,33.8041591,-84.3363931,,True,active,Returned by Kroger official Locations API on 2026-09-01,Kroger official Locations API,2026-09-01T20:17:21.472587+00:00,33
01100318,Kroger - Toco Hills,KROGER,2205 Lavista Rd NE,Atlanta,GA,30329,4046338694,33.815719,-84.31316,,True,active,Returned by Kroger official Locations API on 2026-09-01,Kroger official Locations API,2026-09-01T20:17:21.472587+00:00,38
01100664,Kroger - Eisenhower Crossing,KROGER,3942 Harper Franklin Ave,Augusta,GA,30909,7062615201,33.446596,-82.119164,,True,active,Returned by Kroger official Locations API on 2026-09-01,Kroger official Locations API,2026-09-01T20:17:21.472587+00:00,52
01100676,Kroger - Washington Walk,KROGER,2801 Washington Rd,Augusta,GA,30909,7067317300,33.5118756,-82.0293532,,True,active,Returned by Kroger official Locations API on 2026-09-01,Kroger official Locations API,2026-09-01T20:17:21.472587+00:00,45
01100622,Kroger Marketplace - Bethlehem,KROGER,995 Loganville Hwy,Bethlehem,GA,30620,4709002340,33.9409021,-83.76235,,True,active,Returned by Kroger official Locations API on 2026-09-01,Kroger official Locations API,2026-09-01T20:17:21.472587+00:00,45
01100641,Kroger Marketplace - Nixon Crossing Marketplace,KROGER,774 Highway 96,Bonaire,GA,31005,4789885700,32.552589,-83.659703,,True,active,Returned by Kroger official Locations API on 2026-09-01,Kroger official Locations API,2026-09-01T20:17:21.472587+00:00,51
01100491,Kroger - Cherokee Plaza,KROGER,3871 Peachtree Rd NE,Brookhaven,GA,30319,4042400808,33.85637,-84.3446936,,True,active,Returned by Kroger official Locations API on 2026-09-01,Kroger official Locations API,2026-09-01T20:17:21.472587+00:00,43
01100494,Kroger - Hamilton Ridge,KROGER,3300 Hamilton Mill Rd,Buford,GA,30519,7706141081,34.0932104,-83.9375302,,True,active,Returned by Kroger official Locations API on 2026-09-01,Kroger official Locations API,2026-09-01T20:17:21.472587+00:00,38
01100393,Kroger - Calhoun Place,KROGER,136 W Belmont Dr,Calhoun,GA,30701,7066254303,34.4780605,-84.9375148,,True,active,Returned by Kroger official Locations API on 2026-09-01,Kroger official Locations API,2026-09-01T20:17:21.472587+00:00,36
01100402,Kroger - Canton,KROGER,4045 Marietta Hwy,Canton,GA,30114,7703453644,34.193141,-84.5076025,,True,active,Returned by Kroger official Locations API on 2026-09-01,Kroger official Locations API,2026-09-01T20:17:21.472587+00:00,40
01100680,Kroger - Hickory Flat Commons,KROGER,6766 Hickory Flat Hwy,Canton,GA,30115,7707217300,34.171429,-84.4166476,,True,active,Returned by Kroger official Locations API on 2026-09-01,Kroger official Locations API,2026-09-01T20:17:21.472587+00:00,47
01100408,Kroger - Woodmont Village,KROGER,8020 Cumming Hwy,Canton,GA,30115,7703458451,34.2524835,-84.3580832,,True,active,Returned by Kroger official Locations API on 2026-09-01,Kroger official Locations API,2026-09-01T20:17:21.472587+00:00,37
01100367,Kroger Marketplace - Carrollton Crossing,KROGER,1355 S Park St,Carrollton,GA,30117,7708328932,33.5531758,-85.0751547,,True,active,Returned by Kroger official Locations API on 2026-09-01,Kroger official Locations API,2026-09-01T20:17:21.472587+00:00,49
01100629,Kroger Marketplace - Cartersville Marketplace,KROGER,125 Main Street Market PL SE,Cartersville,GA,30121,7703868102,34.171616,-84.7767,,True,active,Returned by Kroger official Locations API on 2026-09-01,Kroger official Locations API,2026-09-01T20:17:21.472587+00:00,49
01100429,Kroger - Cedar Plaza,KROGER,730 N Main St,Cedartown,GA,30125,7707495090,34.0248526,-85.2484462,,True,active,Returned by Kroger official Locations API on 2026-09-01,Kroger official Locations API,2026-09-01T20:17:21.472587+00:00,35
01100471,Kroger - Old National,KROGER,6055 Old National Hwy,College Park,GA,30349,7709964441,33.5901144,-84.4705239,,True,active,Returned by Kroger official Locations API on 2026-09-01,Kroger official Locations API,2026-09-01T20:17:21.472587+00:00,33
01100320,Kroger - Conyers Square,KROGER,1745 Highway 138 SE STE A,Conyers,GA,30013,7709228753,33.6438111,-84.0170068,,True,active,Returned by Kroger official Locations API on 2026-09-01,Kroger official Locations API,2026-09-01T20:17:21.472587+00:00,39
01100621,Kroger - Covington Marketplace,KROGER,3700 Salem Rd,Covington,GA,30016,6783426039,33.59414,-83.9682982,,True,active,Returned by Kroger official Locations API on 2026-09-01,Kroger official Locations API,2026-09-01T20:17:21.472587+00:00,38
01100436,Kroger - Newton Crossroads,KROGER,5341 Highway 20 S,Covington,GA,30016,7707884000,33.5493011,-84.0152021,,True,active,Returned by Kroger official Locations API on 2026-09-01,Kroger official Locations API,2026-09-01T20:17:21.472587+00:00,38
01100214,Kroger - Newton Plaza,KROGER,3139 Highway 278 NE,Covington,GA,30014,7707870724,33.6044583,-83.8589644,,True,active,Returned by Kroger official Locations API on 2026-09-01,Kroger official Locations API,2026-09-01T20:17:21.472587+00:00,39
01100432,Kroger - Greens Corner,KROGER,2325 Bethelview Rd,Cumming,GA,30040,7708881020,34.2384495,-84.1931129,,True,active,Returned by Kroger official Locations API on 2026-09-01,Kroger official Locations API,2026-09-01T20:17:21.472587+00:00,40
01100473,Kroger - Keith Bridge Commons,KROGER,2655 Freedom Pkwy,Cumming,GA,30041,7707816683,34.2508344,-84.0912207,,True,active,Returned by Kroger official Locations API on 2026-09-01,Kroger official Locations API,2026-09-01T20:17:21.472587+00:00,38
01100486,Kroger - Sharon Greens,KROGER,1595 Peachtree Pkwy,Cumming,GA,30041,6784554580,34.1222698,-84.1689119,,True,active,Returned by Kroger official Locations API on 2026-09-01,Kroger official Locations API,2026-09-01T20:17:21.472587+00:00,36
01100627,Kroger Marketplace - Bethelview Plaza,KROGER,5550 Bethelview Rd,Cumming,GA,30040,6784564052,34.169778,-84.185635,,True,active,Returned by Kroger official Locations API on 2026-09-01,Kroger official Locations API,2026-09-01T20:17:21.472587+00:00,48
01100635,Kroger - Dacula,KROGER,505 Dacula Rd,Dacula,GA,30019,6784078739,34.0012709,-83.9058238,,True,active,Returned by Kroger official Locations API on 2026-09-01,Kroger official Locations API,2026-09-01T20:17:21.472587+00:00,44
01100457,Kroger - Mountain Crossing,KROGER,2700 Braselton Hwy,Dacula,GA,30019,7706141020,34.0515213,-83.9302969,,True,active,Returned by Kroger official Locations API on 2026-09-01,Kroger official Locations API,2026-09-01T20:17:21.472587+00:00,40
01100634,Kroger - Dallas,KROGER,8876 Dallas Acworth Hwy,Dallas,GA,30132,6785747173,34.0107831,-84.7521,,True,active,Returned by Kroger official Locations API on 2026-09-01,Kroger official Locations API,2026-09-01T20:17:21.472587+00:00,42
01100673,Kroger - Dallas Commons,KROGER,455 Nathan Dean Blvd,Dallas,GA,30132,7704430811,33.9108875,-84.822827,,True,active,Returned by Kroger official Locations API on 2026-09-01,Kroger official Locations API,2026-09-01T20:17:21.472587+00:00,44
01100458,Kroger - Dalton Plaza,KROGER,1365 W Walnut Ave,Dalton,GA,30720,7062700843,34.7588247,-84.9944607,,True,active,Returned by Kroger official Locations API on 2026-09-01,Kroger official Locations API,2026-09-01T20:17:21.472587+00:00,41
01100265,Kroger - Whitfield Square,KROGER,1205 N Glenwood Ave,Dalton,GA,30721,7062267998,34.792096,-84.9637409,,True,active,Returned by Kroger official Locations API on 2026-09-01,Kroger official Locations API,2026-09-01T20:17:21.472587+00:00,33
01100670,Kroger Marketplace - Dawsonville Marketplace,KROGER,378 Marketplace Pkwy,Dawsonville,GA,30534,4703751989,34.350197,-84.053207,,True,active,Returned by Kroger official Locations API on 2026-09-01,Kroger official Locations API,2026-09-01T20:17:21.472587+00:00,44
01100475,Kroger - Chapel Hills Commons,KROGER,4919 Flat Shoals Pkwy,Decatur,GA,30034,7703228984,33.6791479,-84.2285409,,True,active,Returned by Kroger official Locations API on 2026-09-01,Kroger official Locations API,2026-09-01T20:17:21.472587+00:00,39
01100459,Kroger - North Decatur,KROGER,2875 N Decatur Rd,Decatur,GA,30033,4042945311,33.7918881,-84.2734003,,True,active,Returned by Kroger official Locations API on 2026-09-01,Kroger official Locations API,2026-09-01T20:17:21.472587+00:00,46
01100375,Kroger - Wesley Corners,KROGER,2385 Wesley Chapel Rd,Decatur,GA,30035,7709870633,33.7183148,-84.2174249,,True,active,Returned by Kroger official Locations API on 2026-09-01,Kroger official Locations API,2026-09-01T20:17:21.472587+00:00,34
01100391,Kroger - Douglas Commons,KROGER,8501 Hospital Dr,Douglasville,GA,30134,7709494091,33.749269,-84.7323434,,True,active,Returned by Kroger official Locations API on 2026-09-01,Kroger official Locations API,2026-09-01T20:17:21.472587+00:00,38
01100485,Kroger - Douglasville,KROGER,3875 Chapel Hill Rd,Douglasville,GA,30135,7709477144,33.6996627,-84.7186933,,True,active,Returned by Kroger official Locations API on 2026-09-01,Kroger official Locations API,2026-09-01T20:17:21.472587+00:00,39
01100366,Kroger - Park Plaza,KROGER,3251 Highway 5,Douglasville,GA,30135,7709201880,33.719279,-84.7661173,,True,active,Returned by Kroger official Locations API on 2026-09-01,Kroger official Locations API,2026-09-01T20:17:21.472587+00:00,37
01100616,Kroger - Ridge Crossing,KROGER,4815 Ridge Rd,Douglasville,GA,30134,7709491652,33.8190562,-84.8125894,,True,active,Returned by Kroger official Locations API on 2026-09-01,Kroger official Locations API,2026-09-01T20:17:21.472587+00:00,37
01100674,Kroger - Dublin Village,KROGER,1100 Hillcrest Pkwy,Dublin,GA,31021,4782773081,32.5444659,-82.9375341,,True,active,Returned by Kroger official Locations API on 2026-09-01,Kroger official Locations API,2026-09-01T20:17:21.472587+00:00,39
01100381,Kroger - Peachtree Hill,KROGER,3455 Peachtree Industrial Blvd,Duluth,GA,30096,7704767914,34.0058429,-84.1730832,,True,active,Returned by Kroger official Locations API on 2026-09-01,Kroger official Locations API,2026-09-01T20:17:21.472587+00:00,41
01100636,Kroger - Reynolds Crossing,KROGER,3093 Steve Reynolds Blvd,Duluth,GA,30096,7702250955,33.960459,-84.1437596,,True,active,Returned by Kroger official Locations API on 2026-09-01,Kroger official Locations API,2026-09-01T20:17:21.472587+00:00,44
01100476,Kroger - Sugarloaf Parkway,KROGER,6555 Sugarloaf Pkwy,Duluth,GA,30097,7708147190,33.9979602,-84.0898735,,True,active,Returned by Kroger official Locations API on 2026-09-01,Kroger official Locations API,2026-09-01T20:17:21.472587+00:00,42
01100210,Kroger - Georgetown,KROGER,4498 Chamblee Dunwoody Rd,Dunwoody,GA,30338,7704518350,33.9226262,-84.3159392,,True,active,Returned by Kroger official Locations API on 2026-09-01,Kroger official Locations API,2026-09-01T20:17:21.472587+00:00,39
01100427,Kroger - Fairview Oaks,KROGER,101 Fairview Rd,Ellenwood,GA,30294,7703897080,33.6193236,-84.2390944,,True,active,Returned by Kroger official Locations API on 2026-09-01,Kroger official Locations API,2026-09-01T20:17:21.472587+00:00,38
01100414,Kroger - Evans Crossing,KROGER,4355 Washington Rd,Evans,GA,30809,7068684510,33.5417455,-82.1321558,,True,active,Returned by Kroger official Locations API on 2026-09-01,Kroger official Locations API,2026-09-01T20:17:21.472587+00:00,40
01100315,Kroger - Banks Crossing,KROGER,134 Banks Xing,Fayetteville,GA,30214,7704617602,33.4690874,-84.4488101,,True,active,Returned by Kroger official Locations API on 2026-09-01,Kroger official Locations API,2026-09-01T20:17:21.472587+00:00,36
01100490,Kroger - Fayetteville Town Center,KROGER,805 Glynn St S Ste 117,Fayetteville,GA,30214,7704616880,33.4328996,-84.4586692,,True,active,Returned by Kroger official Locations API on 2026-09-01,Kroger official Locations API,2026-09-01T20:17:21.472587+00:00,41
01100416,Kroger - Clearwater Crossing,KROGER,7380 Spout Springs Rd,Flowery Branch,GA,30542,7709655640,34.1074935,-83.8756151,,True,active,Returned by Kroger official Locations API on 2026-09-01,Kroger official Locations API,2026-09-01T20:17:21.472587+00:00,38
01100632,Kroger - Royal Lakes,KROGER,4025 Winder Hwy,Flowery Branch,GA,30542,7705395020,34.1964071,-83.8571975,,True,active,Returned by Kroger official Locations API on 2026-09-01,Kroger official Locations API,2026-09-01T20:17:21.472587+00:00,45
540FC004,Kroger - - Atlanta Shed,KROGER,2000 Anvil Block Rd STE C,Forest Park,GA,30297,,33.6196964,-84.3328015,,True,active,Returned by Kroger official Locations API on 2026-09-01,Kroger official Locations API,2026-09-01T20:17:21.472587+00:00,0
01100437,Kroger - Thompson Bridge Commons,KROGER,3630 Thompson Bridge Rd,Gainesville,GA,30506,7705321143,34.3735899,-83.8698354,,True,active,Returned by Kroger official Locations API on 2026-09-01,Kroger official Locations API,2026-09-01T20:17:21.472587+00:00,44
01100682,Kroger Marketplace - New Holland Market,KROGER,1931 Jesse Jewell PKWY SE,Gainesville,GA,30501,4702523182,34.315188,-83.798172,,True,active,Returned by Kroger official Locations API on 2026-09-01,Kroger official Locations API,2026-09-01T20:17:21.472587+00:00,45
01100480,Kroger - Grayson Commons,KROGER,1911 Grayson Hwy,Grayson,GA,30017,7702372531,33.8971903,-83.961997,,True,active,Returned by Kroger official Locations API on 2026-09-01,Kroger official Locations API,2026-09-01T20:17:21.472587+00:00,37
01100619,Kroger - Griffin,KROGER,1524 Highway 16 W,Griffin,GA,30223,7702297427,33.2450201,-84.2942214,,True,active,Returned by Kroger official Locations API on 2026-09-01,Kroger official Locations API,2026-09-01T20:17:21.472587+00:00,43
01100644,Kroger Marketplace - Grovetown Marketplace,KROGER,435 Lewiston Rd,Grovetown,GA,30813,7066193420,33.48969,-82.202014,,True,active,Returned by Kroger official Locations API on 2026-09-01,Kroger official Locations API,2026-09-01T20:17:21.472587+00:00,43
01100487,Kroger - Hinesville,KROGER,555 W Oglethorpe Hwy,Hinesville,GA,31313,9128766010,31.8357763,-81.5975332,,True,active,Returned by Kroger official Locations API on 2026-09-01,Kroger official Locations API,2026-09-01T20:17:21.472587+00:00,31
01100686,Kroger Marketplace - Hoschton,KROGER,175 Peachtree Exchange Blvd,Hoschton,GA,30548,7069211500,34.090157,-83.756741,,True,active,Returned by Kroger official Locations API on 2026-09-01,Kroger official Locations API,2026-09-01T20:17:21.472587+00:00,48
01100620,Kroger - Burgess Crossing,KROGER,115 Bill Wigington Pkwy,Jasper,GA,30143,7066921200,34.4666765,-84.4625828,,True,active,Returned by Kroger official Locations API on 2026-09-01,Kroger official Locations API,2026-09-01T20:17:21.472587+00:00,43
01100638,Kroger - Loggins Corner,KROGER,1685 Old Pendergrass Rd,Jefferson,GA,30549,7063877600,34.121943,-83.607031,,True,active,Returned by Kroger official Locations API on 2026-09-01,Kroger official Locations API,2026-09-01T20:17:21.472587+00:00,45
01100653,Kroger - Rivermont Station,KROGER,8465 Holcomb Bridge Rd Ste 2000,Johns Creek,GA,30022,7706501000,33.9874062,-84.2689539,,True,active,Returned by Kroger official Locations API on 2026-09-01,Kroger official Locations API,2026-09-01T20:17:21.472587+00:00,37
01100373,Kroger - Crossroads South,KROGER,8059 Tara Blvd,Jonesboro,GA,30236,7704785700,33.5342457,-84.3664788,,True,active,Returned by Kroger official Locations API on 2026-09-01,Kroger official Locations API,2026-09-01T20:17:21.472587+00:00,34
01100413,Kroger - Lovejoy Village,KROGER,10375 Tara Blvd,Jonesboro,GA,30236,7704776535,33.4721875,-84.3384717,,True,active,Returned by Kroger official Locations API on 2026-09-01,Kroger official Locations API,2026-09-01T20:17:21.472587+00:00,37
01100446,Kroger - Shiloh Square,KROGER,3895 Cherokee St NW,Kennesaw,GA,30144,7702187030,34.0486951,-84.6033157,,True,active,Returned by Kroger official Locations API on 2026-09-01,Kroger official Locations API,2026-09-01T20:17:21.472587+00:00,38
01100339,Kroger - Commerce Square,KROGER,203 Commerce Ave Ste A,LaGrange,GA,30241,7068836167,33.0507213,-85.0217752,,True,active,Returned by Kroger official Locations API on 2026-09-01,Kroger official Locations API,2026-09-01T20:17:21.472587+00:00,36
01100492,Kroger - Lake City Plaza,KROGER,5664 Jonesboro Rd,Lake City,GA,30260,7709609445,33.60025,-84.336962,,True,active,Returned by Kroger official Locations API on 2026-09-01,Kroger official Locations API,2026-09-01T20:17:21.472587+00:00,35
01100440,Kroger - Cruse Crossing,KROGER,950 Herrington Rd,Lawrenceville,GA,30044,7709956200,33.94039,-84.0830135,,True,active,Returned by Kroger official Locations API on 2026-09-01,Kroger official Locations API,2026-09-01T20:17:21.472587+00:00,35
01100352,Kroger - Lawrenceville Town Center,KROGER,455 Grayson Hwy,Lawrenceville,GA,30046,7709621063,33.9386887,-83.9825989,,True,active,Returned by Kroger official Locations API on 2026-09-01,Kroger official Locations API,2026-09-01T20:17:21.472587+00:00,35
01100374,Kroger - River Exhange,KROGER,2100 Riverside Pkwy,Lawrenceville,GA,30043,7709620890,33.965837,-84.033938,,True,active,Returned by Kroger official Locations API on 2026-09-01,Kroger official Locations API,2026-09-01T20:17:21.472587+00:00,34
01100424,Kroger - Russell Ridge,KROGER,1475 Buford Dr,Lawrenceville,GA,30043,7708226580,34.0049769,-83.9862692,,True,active,Returned by Kroger official Locations API on 2026-09-01,Kroger official Locations API,2026-09-01T20:17:21.472587+00:00,42
01100639,Kroger Marketplace - Martins Chapel Marketplace,KROGER,1006 Martins Chapel Rd,Lawrenceville,GA,30045,6783436560,33.948666,-83.925498,,True,active,Returned by Kroger official Locations API on 2026-09-01,Kroger official Locations API,2026-09-01T20:17:21.472587+00:00,25
01100438,Kroger - Beaver Ruin Village,KROGER,4155 Lawrenceville Hwy NW,Lilburn,GA,30047,7707173050,33.9047568,-84.1211716,,True,active,Returned by Kroger official Locations API on 2026-09-01,Kroger official Locations API,2026-09-01T20:17:21.472587+00:00,38
01100394,Kroger - Five Forks Crossing,KROGER,3050 Five Forks Trickum Rd SW,Lilburn,GA,30047,7709789264,33.8844257,-84.0602468,,True,active,Returned by Kroger official Locations API on 2026-09-01,Kroger official Locations API,2026-09-01T20:17:21.472587+00:00,44
01100376,Kroger - Westfork,KROGER,630 Thornton Rd,Lithia Springs,GA,30122,7707326999,33.7898073,-84.6200042,,True,active,Returned by Kroger official Locations API on 2026-09-01,Kroger official Locations API,2026-09-01T20:17:21.472587+00:00,36
01100445,Kroger - Lithonia,KROGER,6678 Covington Hwy,Lithonia,GA,30058,7705937110,33.718677,-84.1444901,,True,active,Returned by Kroger official Locations API on 2026-09-01,Kroger official Locations API,2026-09-01T20:17:21.472587+00:00,36
01100679,Kroger - Loganville Crossing,KROGER,4753 Atlanta Hwy,Loganville,GA,30052,6786394474,33.8312195,-83.8842679,,True,active,Returned by Kroger official Locations API on 2026-09-01,Kroger official Locations API,2026-09-01T20:17:21.472587+00:00,47
01100443,Kroger - Midway Plaza,KROGER,910 Athens Hwy,Loganville,GA,30052,7705541100,33.8593373,-83.9545782,,True,active,Returned by Kroger official Locations API on 2026-09-01,Kroger official Locations API,2026-09-01T20:17:21.472587+00:00,36
01100464,Kroger - Mableton Crossing,KROGER,4875 Floyd Rd SW,Mableton,GA,30126,7707453100,33.8352744,-84.5741757,,True,active,Returned by Kroger official Locations API on 2026-09-01,Kroger official Locations API,2026-09-01T20:17:21.472587+00:00,38
01100328,Kroger - Baconsfield,KROGER,660 North Ave,Macon,GA,31211,4787466300,32.8507908,-83.6259874,,True,active,Returned by Kroger official Locations API on 2026-09-01,Kroger official Locations API,2026-09-01T20:17:21.472587+00:00,32
01100400,Kroger - Bridge Pointe,KROGER,4321 Hartley Bridge Rd,Macon,GA,31216,4787881010,32.7450367,-83.7135919,,True,active,Returned by Kroger official Locations API on 2026-09-01,Kroger official Locations API,2026-09-01T20:17:21.472587+00:00,40
01100411,Kroger - Eisenhower Crossing,KROGER,4628 Presidential Pkwy,Macon,GA,31206,4784053910,32.8191186,-83.7109451,,True,active,Returned by Kroger official Locations API on 2026-09-01,Kroger official Locations API,2026-09-01T20:17:21.472587+00:00,35
01100378,Kroger - North Park,KROGER,220 Tom Hill Sr Blvd,Macon,GA,31210,4784747582,32.8986106,-83.6914209,,True,active,Returned by Kroger official Locations API on 2026-09-01,Kroger official Locations API,2026-09-01T20:17:21.472587+00:00,40
01100425,Kroger - Plantation Centre,KROGER,5928 Zebulon Rd,Macon,GA,31210,4787574150,32.8779858,-83.7602033,,True,active,Returned by Kroger official Locations API on 2026-09-01,Kroger official Locations API,2026-09-01T20:17:21.472587+00:00,35
01100355,Kroger - Wesleyan Station,KROGER,4650 Forsyth Rd,Macon,GA,31210,4784747410,32.87326,-83.709775,,True,active,Returned by Kroger official Locations API on 2026-09-01,Kroger official Locations API,2026-09-01T20:17:21.472587+00:00,33
01100498,Kroger - Battle Ridge Pavilion,KROGER,1690 Powder Springs Rd SW,Marietta,GA,30064,7702185699,33.9084559,-84.6031124,,True,active,Returned by Kroger official Locations API on 2026-09-01,Kroger official Locations API,2026-09-01T20:17:21.472587+00:00,35
01100365,Kroger - Chastain,KROGER,3595 Canton Rd,Marietta,GA,30066,7709247930,34.0386966,-84.5309268,,True,active,Returned by Kroger official Locations API on 2026-09-01,Kroger official Locations API,2026-09-01T20:17:21.472587+00:00,36
01100335,Kroger - Parkaire Landing,KROGER,4880 Lower Roswell Rd,Marietta,GA,30068,7709718801,33.9651166,-84.4089591,,True,active,Returned by Kroger official Locations API on 2026-09-01,Kroger official Locations API,2026-09-01T20:17:21.472587+00:00,38
01100454,Kroger - Pavilions At East Lake,KROGER,2100 Roswell Rd Ste 2140,Marietta,GA,30062,7703211080,33.9675443,-84.4879663,,True,active,Returned by Kroger official Locations API on 2026-09-01,Kroger official Locations API,2026-09-01T20:17:21.472587+00:00,42
01100657,Kroger - Sandy Plains Centre,KROGER,2960 Shallowford Rd,Marietta,GA,30066,7709777724,34.0347971,-84.4666413,,True,active,Returned by Kroger official Locations API on 2026-09-01,Kroger official Locations API,2026-09-01T20:17:21.472587+00:00,39
01100478,Kroger - Shallowford Falls,KROGER,3162 Johnson Ferry Rd,Marietta,GA,30062,7706506673,34.0260671,-84.4220731,,True,active,Returned by Kroger official Locations API on 2026-09-01,Kroger official Locations API,2026-09-01T20:17:21.472587+00:00,38
01100730,Kroger - Terrell Mill,KROGER,1310 Powers Ferry Rd SE,Marietta,GA,30067,4044967850,33.919522,-84.469097,,True,active,Returned by Kroger official Locations API on 2026-09-01,Kroger official Locations API,2026-09-01T20:17:21.472587+00:00,50
01100356,Kroger - Village Green,KROGER,3600 Dallas Hwy SW,Marietta,GA,30064,7704240040,33.9553155,-84.6562344,,True,active,Returned by Kroger official Locations API on 2026-09-01,Kroger official Locations API,2026-09-01T20:17:21.472587+00:00,40
01100455,Kroger - West Marietta Crossing,KROGER,1000 Whitlock Ave NW,Marietta,GA,30064,7704217676,33.9533665,-84.5813138,,True,active,Returned by Kroger official Locations API on 2026-09-01,Kroger official Locations API,2026-09-01T20:17:21.472587+00:00,42
01100294,Kroger - Merchants Village,KROGER,4115 Columbia Rd,Martinez,GA,30907,7068639635,33.5095909,-82.1081989,,True,active,Returned by Kroger official Locations API on 2026-09-01,Kroger official Locations API,2026-09-01T20:17:21.472587+00:00,43
01100405,Kroger - McDonough Crossing,KROGER,301 Jonesboro Rd,McDonough,GA,30253,7709544370,33.4526773,-84.1695762,,True,active,Returned by Kroger official Locations API on 2026-09-01,Kroger official Locations API,2026-09-01T20:17:21.472587+00:00,38
01100633,Kroger Marketplace - Union Grove Marketplace,KROGER,2000 Highway 155 N,McDonough,GA,30252,6783791000,33.505045,-84.141482,,True,active,Returned by Kroger official Locations API on 2026-09-01,Kroger official Locations API,2026-09-01T20:17:21.472587+00:00,24
01100694,Kroger - Milledgeville,KROGER,2809 N Columbia St,Milledgeville,GA,31061,4784142140,33.153436,-83.2718596,,True,active,Returned by Kroger official Locations API on 2026-09-01,Kroger official Locations API,2026-09-01T20:17:21.472587+00:00,41
01100363,Kroger - Merchants Crossing,KROGER,48 Bullsboro Dr,Newnan,GA,30263,7702514791,33.3849519,-84.7877185,,True,active,Returned by Kroger official Locations API on 2026-09-01,Kroger official Locations API,2026-09-01T20:17:21.472587+00:00,35
01100647,Kroger - Newnan Crossing,KROGER,1751 Newnan Crossing Blvd E,Newnan,GA,30265,6784235841,33.3771758,-84.7517354,,True,active,Returned by Kroger official Locations API on 2026-09-01,Kroger official Locations API,2026-09-01T20:17:21.472587+00:00,45
01100420,Kroger - Thomas Crossroads,KROGER,3150 Highway 34 E,Newnan,GA,30265,7702543030,33.4094181,-84.6795806,,True,active,Returned by Kroger official Locations API on 2026-09-01,Kroger official Locations API,2026-09-01T20:17:21.472587+00:00,46
01100389,Kroger - Singleton Square,KROGER,6050 Singleton Rd,Norcross,GA,30093,7702423340,33.9033629,-84.1996802,,True,active,Returned by Kroger official Locations API on 2026-09-01,Kroger official Locations API,2026-09-01T20:17:21.472587+00:00,38
01100784,Kroger - Mundy Mill,KROGER,4085 Mundy Mill Rd,Oakwood,GA,30566,6783439680,34.2414814,-83.879517,,True,active,Returned by Kroger official Locations API on 2026-09-01,Kroger official Locations API,2026-09-01T20:17:21.472587+00:00,47
01100388,Kroger - Braelinn Village,KROGER,564 Crosstown Dr,Peachtree City,GA,30269,7704873602,33.3769347,-84.5645978,,True,active,Returned by Kroger official Locations API on 2026-09-01,Kroger official Locations API,2026-09-01T20:17:21.472587+00:00,47
01100422,Kroger - Kedron Village,KROGER,1017 N Peachtree Pkwy,Peachtree City,GA,30269,7704867200,33.4392281,-84.5884266,,True,active,Returned by Kroger official Locations API on 2026-09-01,Kroger official Locations API,2026-09-01T20:17:21.472587+00:00,42
01100407,Kroger - Perry Market,KROGER,1367 Sam Nunn Blvd,Perry,GA,31069,4789888474,32.4673377,-83.7414495,,True,active,Returned by Kroger official Locations API on 2026-09-01,Kroger official Locations API,2026-09-01T20:17:21.472587+00:00,32
01100456,Kroger - Brownsville Commons,KROGER,4400 Brownsville Rd,Powder Springs,GA,30127,7702224200,33.8465711,-84.6993156,,True,active,Returned by Kroger official Locations API on 2026-09-01,Kroger official Locations API,2026-09-01T20:17:21.472587+00:00,39
01100453,Kroger - Varner Crossing,KROGER,4150 Macland Rd,Powder Springs,GA,30127,7702225180,33.9033852,-84.6751671,,True,active,Returned by Kroger official Locations API on 2026-09-01,Kroger official Locations API,2026-09-01T20:17:21.472587+00:00,37
01100688,Kroger - Richmond Hill,KROGER,53 Exchange St,Richmond Hill,GA,31324,9124593011,31.9565146,-81.3196117,,True,active,Returned by Kroger official Locations API on 2026-09-01,Kroger official Locations API,2026-09-01T20:17:21.472587+00:00,41
01100625,Kroger Marketplace - Rincon Marketplace,KROGER,461 S Columbia Ave,Rincon,GA,31326,9125847130,32.274895,-81.231965,,True,active,Returned by Kroger official Locations API on 2026-09-01,Kroger official Locations API,2026-09-01T20:17:21.472587+00:00,47
01100319,Kroger - Merchants Square,KROGER,7125 Highway 85,Riverdale,GA,30274,7709962508,33.5602882,-84.4160801,,True,active,Returned by Kroger official Locations API on 2026-09-01,Kroger official Locations API,2026-09-01T20:17:21.472587+00:00,38
01100667,Kroger - Riverbend Center,KROGER,1476 Turner McCall Blvd SW,Rome,GA,30161,7062908039,34.2482846,-85.1629119,,True,active,Returned by Kroger official Locations API on 2026-09-01,Kroger official Locations API,2026-09-01T20:17:21.472587+00:00,41
01100441,Kroger - Centennial Village,KROGER,2300 Holcomb Bridge Rd,Roswell,GA,30076,6783527488,34.0052869,-84.2947367,,True,active,Returned by Kroger official Locations API on 2026-09-01,Kroger official Locations API,2026-09-01T20:17:21.472587+00:00,36
01100497,Kroger - Coleman Village,KROGER,900 Marietta Hwy,Roswell,GA,30075,7706409199,34.0040692,-84.3894126,,True,active,Returned by Kroger official Locations API on 2026-09-01,Kroger official Locations API,2026-09-01T20:17:21.472587+00:00,32
01100431,Kroger - Mansell Village,KROGER,570 E Crossville Rd,Roswell,GA,30075,7706402070,34.0401035,-84.3454897,,True,active,Returned by Kroger official Locations API on 2026-09-01,Kroger official Locations API,2026-09-01T20:17:21.472587+00:00,39
01100467,Kroger - City Walk,KROGER,227 Sandy Springs Pl NE,Sandy Springs,GA,30328,4042563434,33.92016,-84.381495,,True,active,Returned by Kroger official Locations API on 2026-09-01,Kroger official Locations API,2026-09-01T20:17:21.472587+00:00,41
01100645,Kroger - Berwick Marketplace,KROGER,5720 Ogeechee Rd,Savannah,GA,31405,9122353420,32.0272744,-81.2258292,,True,active,Returned by Kroger official Locations API on 2026-09-01,Kroger official Locations API,2026-09-01T20:17:21.472587+00:00,43
01100418,Kroger - Downtown Savannah,KROGER,311 E Gwinnett St,Savannah,GA,31401,9122312260,32.065872,-81.09263,,True,active,Returned by Kroger official Locations API on 2026-09-01,Kroger official Locations API,2026-09-01T20:17:21.472587+00:00,36
01100460,Kroger - Kroger Savannah,KROGER,7 Diamond CSWY,Savannah,GA,31406,9123534345,31.956798,-81.098033,,True,active,Returned by Kroger official Locations API on 2026-09-01,Kroger official Locations API,2026-09-01T20:17:21.472587+00:00,33
01100979,Kroger - McAlpin Square,KROGER,1900 E Victory Dr Ste 12,Savannah,GA,31404,9122369321,32.0455123,-81.0679998,,True,active,Returned by Kroger official Locations API on 2026-09-01,Kroger official Locations API,2026-09-01T20:17:21.472587+00:00,29
01100609,Kroger - Wilmington Island,KROGER,495 Johnny Mercer Blvd,Savannah,GA,31410,9128973532,32.0161529,-80.9768114,,True,active,Returned by Kroger official Locations API on 2026-09-01,Kroger official Locations API,2026-09-01T20:17:21.472587+00:00,41
01100697,Kroger Marketplace - Savannah Marketwalk,KROGER,318 Mall Blvd Ste 100,Savannah,GA,31406,9122009158,32.00588,-81.112612,,True,active,Returned by Kroger official Locations API on 2026-09-01,Kroger official Locations API,2026-09-01T20:17:21.472587+00:00,40
01100699,Kroger - Smyrna,KROGER,3240 S Cobb Dr SE,Smyrna,GA,30080,7704333410,33.8751433,-84.5336284,,True,active,Returned by Kroger official Locations API on 2026-09-01,Kroger official Locations API,2026-09-01T20:17:21.472587+00:00,45
01100451,Kroger - Vinings Village,KROGER,4715 S Atlanta Rd SE,Smyrna,GA,30339,4047926990,33.8391681,-84.4822344,,True,active,Returned by Kroger official Locations API on 2026-09-01,Kroger official Locations API,2026-09-01T20:17:21.472587+00:00,33
01100484,Kroger - Everson Pointe,KROGER,3035 Scenic Hwy S Ste 19,Snellville,GA,30039,7709820655,33.8249409,-84.0332928,,True,active,Returned by Kroger official Locations API on 2026-09-01,Kroger official Locations API,2026-09-01T20:17:21.472587+00:00,37
01100483,Kroger - Presidential Commons,KROGER,1670 Scenic Hwy N,Snellville,GA,30078,7709853790,33.882987,-84.0078343,,True,active,Returned by Kroger official Locations API on 2026-09-01,Kroger official Locations API,2026-09-01T20:17:21.472587+00:00,36
01100493,Kroger - Spivey Junction,KROGER,1750 Hudson Bridge Rd,Stockbridge,GA,30281,7705077732,33.5031974,-84.244192,,True,active,Returned by Kroger official Locations API on 2026-09-01,Kroger official Locations API,2026-09-01T20:17:21.472587+00:00,36
01100369,Kroger - Stockbridge Village,KROGER,3618 Highway 138 SE,Stockbridge,GA,30281,7704745377,33.5502535,-84.2714308,,True,active,Returned by Kroger official Locations API on 2026-09-01,Kroger official Locations API,2026-09-01T20:17:21.472587+00:00,36
01100354,Kroger - Crowes Crossing,KROGER,1232 S Hairston Rd,Stone Mountain,GA,30088,4042926009,33.7593679,-84.1950041,,True,active,Returned by Kroger official Locations API on 2026-09-01,Kroger official Locations API,2026-09-01T20:17:21.472587+00:00,36
01100449,Kroger - Rockbridge Village,KROGER,1227 Rockbridge Rd,Stone Mountain,GA,30087,7702251877,33.8411557,-84.1329874,,True,active,Returned by Kroger official Locations API on 2026-09-01,Kroger official Locations API,2026-09-01T20:17:21.472587+00:00,46
01100687,Kroger - Sugar Hill,KROGER,6001 Cumming Hwy,Sugar Hill,GA,30518,6785462148,34.1220058,-84.0766676,,True,active,Returned by Kroger official Locations API on 2026-09-01,Kroger official Locations API,2026-09-01T20:17:21.472587+00:00,43
01100477,Kroger - Dean Taylor Crossing,KROGER,2121 Lawrenceville Suwanee Rd,Suwanee,GA,30024,7709627958,34.0034773,-84.0382911,,True,active,Returned by Kroger official Locations API on 2026-09-01,Kroger official Locations API,2026-09-01T20:17:21.472587+00:00,41
01100434,Kroger - Johns Creek,KROGER,3651 Peachtree Pkwy,Suwanee,GA,30024,7704182377,34.0695235,-84.1655638,,True,active,Returned by Kroger official Locations API on 2026-09-01,Kroger official Locations API,2026-09-01T20:17:21.472587+00:00,39
01100426,Kroger - Suwanee,KROGER,400 Peachtree Industrial Blvd,Suwanee,GA,30024,7709324377,34.06363,-84.0725,,True,active,Returned by Kroger official Locations API on 2026-09-01,Kroger official Locations API,2026-09-01T20:17:21.472587+00:00,44
01100482,Kroger - Cofer Crossing,KROGER,4357 Lawrenceville Hwy,Tucker,GA,30084,7709341104,33.8550929,-84.2069937,,True,active,Returned by Kroger official Locations API on 2026-09-01,Kroger official Locations API,2026-09-01T20:17:21.472587+00:00,38
01100212,Kroger - Northlake Lavista,KROGER,3959 Lavista Rd Ste A,Tucker,GA,30084,7709396304,33.843398,-84.2558491,,True,active,Returned by Kroger official Locations API on 2026-09-01,Kroger official Locations API,2026-09-01T20:17:21.472587+00:00,34
01100247,Kroger - Shannon Crossing,KROGER,4550 Jonesboro Rd,Union City,GA,30291,7709690269,33.5657545,-84.5367834,,True,active,Returned by Kroger official Locations API on 2026-09-01,Kroger official Locations API,2026-09-01T20:17:21.472587+00:00,37
01100696,Kroger - Crossroads Market,KROGER,3094 Watson Blvd,Warner Robins,GA,31093,4789712320,32.6189172,-83.6953165,,True,active,Returned by Kroger official Locations API on 2026-09-01,Kroger official Locations API,2026-09-01T20:17:21.472587+00:00,42
01100257,Kroger - Parkway Station,KROGER,115 Russell Pkwy,Warner Robins,GA,31088,4789229047,32.5922284,-83.6255568,,True,active,Returned by Kroger official Locations API on 2026-09-01,Kroger official Locations API,2026-09-01T20:17:21.472587+00:00,34
01100439,Kroger - Waycross,KROGER,1606 Memorial Dr,Waycross,GA,31501,9122872270,31.2066164,-82.3391679,,True,active,Returned by Kroger official Locations API on 2026-09-01,Kroger official Locations API,2026-09-01T20:17:21.472587+00:00,38
01100430,Kroger - Toonigh Village,KROGER,5341 Old Highway 5,Woodstock,GA,30188,7709242557,34.141211,-84.503869,,True,active,Returned by Kroger official Locations API on 2026-09-01,Kroger official Locations API,2026-09-01T20:17:21.472587+00:00,39
01100463,Kroger - Towne Lake,KROGER,2295 Towne Lake Pkwy,Woodstock,GA,30189,7705172080,34.1125992,-84.5556694,,True,active,Returned by Kroger official Locations API on 2026-09-01,Kroger official Locations API,2026-09-01T20:17:21.472587+00:00,42
01100419,Kroger - Woodstock Crossing,KROGER,12050 Highway 92 Ste 112,Woodstock,GA,30188,7705912890,34.0864683,-84.4861092,,True,active,Returned by Kroger official Locations API on 2026-09-01,Kroger official Locations API,2026-09-01T20:17:21.472587+00:00,37
02400672,Kroger - Anna Plaza,KROGER,45 Plaza Dr,Anna,IL,62906,6188334519,37.463816,-89.2305096,,True,active,Returned by Kroger official Locations API on 2026-09-01,Kroger official Locations API,2026-09-01T20:17:21.472587+00:00,27
02100531,Kroger - Bartonville Square,KROGER,1405 W Garfield Ave,Bartonville,IL,61607,3096978811,40.6462452,-89.6750279,,True,active,Returned by Kroger official Locations API on 2026-09-01,Kroger official Locations API,2026-09-01T20:17:21.472587+00:00,29
02100856,Kroger - Main Street,KROGER,1502 N Main St,Bloomington,IL,61701,3098285640,40.4942042,-88.9948284,,True,active,Returned by Kroger official Locations API on 2026-09-01,Kroger official Locations API,2026-09-01T20:17:21.472587+00:00,22
02100943,Kroger - Oakland,KROGER,2507 E Oakland Ave,Bloomington,IL,61701,3096625396,40.4718749,-88.9543931,,True,active,Returned by Kroger official Locations API on 2026-09-01,Kroger official Locations API,2026-09-01T20:17:21.472587+00:00,26
02100984,Kroger - Bourbonnais,KROGER,633 Armour Rd,Bourbonnais,IL,60914,8159351650,41.1638537,-87.8718982,,True,active,Returned by Kroger official Locations API on 2026-09-01,Kroger official Locations API,2026-09-01T20:17:21.472587+00:00,38
02100317,Kroger - Canton,KROGER,1741 E Chestnut St,Canton,IL,61520,3096471598,40.557523,-90.00565,,True,active,Returned by Kroger official Locations API on 2026-09-01,Kroger official Locations API,2026-09-01T20:17:21.472587+00:00,15
02400714,Kroger - N Giant City Road,KROGER,501 N Giant City Rd,Carbondale,IL,62901,6184575313,37.731068,-89.182823,,True,active,Returned by Kroger official Locations API on 2026-09-01,Kroger official Locations API,2026-09-01T20:17:21.472587+00:00,43
02100677,Kroger - Chillicothe,KROGER,605 S 4th St,Chillicothe,IL,61523,3092746281,40.902739,-89.495483,,True,active,Returned by Kroger official Locations API on 2026-09-01,Kroger official Locations API,2026-09-01T20:17:21.472587+00:00,30
02100922,Kroger - Brettwood Village,KROGER,3070 N Water St,Decatur,IL,62526,2178751296,39.8779267,-88.952885,,True,active,Returned by Kroger official Locations API on 2026-09-01,Kroger official Locations API,2026-09-01T20:17:21.472587+00:00,31
02100946,Kroger - Mt Zion,KROGER,1818 Airport Plz,Decatur,IL,62521,2178645031,39.8205993,-88.8819432,,True,active,Returned by Kroger official Locations API on 2026-09-01,Kroger official Locations API,2026-09-01T20:17:21.472587+00:00,34
02100924,Kroger - South Shores,KROGER,255 W 1st Dr,Decatur,IL,62521,2174294998,39.8214416,-88.9579138,,True,active,Returned by Kroger official Locations API on 2026-09-01,Kroger official Locations API,2026-09-01T20:17:21.472587+00:00,26
02100705,Kroger - East Peoria,KROGER,201 S Main St,East Peoria,IL,61611,3096946298,40.6646016,-89.5808218,,True,active,Returned by Kroger official Locations API on 2026-09-01,Kroger official Locations API,2026-09-01T20:17:21.472587+00:00,33
02400642,Kroger - Shawnee Square,KROGER,601 N Commercial St,Harrisburg,IL,62946,6182528677,37.7456519,-88.5256494,,True,active,Returned by Kroger official Locations API on 2026-09-01,Kroger official Locations API,2026-09-01T20:17:21.472587+00:00,30
02400746,Kroger - S Park Ave,KROGER,1609 S Park Ave,Herrin,IL,62948,6189424954,37.7883833,-89.0295537,,True,active,Returned by Kroger official Locations API on 2026-09-01,Kroger official Locations API,2026-09-01T20:17:21.472587+00:00,34
02400380,Kroger - Marion Pavillion,KROGER,1704 W Deyoung St,Marion,IL,62959,6189936330,37.7427572,-88.9457042,,True,active,Returned by Kroger official Locations API on 2026-09-01,Kroger official Locations API,2026-09-01T20:17:21.472587+00:00,33
02100647,Kroger - Morton Village Shopping Center,KROGER,1001 W Jackson St,Morton,IL,61550,3092665366,40.6211009,-89.4709273,,True,active,Returned by Kroger official Locations API on 2026-09-01,Kroger official Locations API,2026-09-01T20:17:21.472587+00:00,34
02400711,Kroger - King City Square,KROGER,415 S 42Nd St,Mount Vernon,IL,62864,6182446210,38.3116131,-88.9433448,,True,active,Returned by Kroger official Locations API on 2026-09-01,Kroger official Locations API,2026-09-01T20:17:21.472587+00:00,36
02400660,Kroger - Jackson Square,KROGER,550 E Industrial Park Rd,Murphysboro,IL,62966,6186873481,37.7883258,-89.323662,,True,active,Returned by Kroger official Locations API on 2026-09-01,Kroger official Locations API,2026-09-01T20:17:21.472587+00:00,29
02400915,Kroger - E St Louis St,KROGER,456 E Saint Louis St,Nashville,IL,62263,6183273413,38.3430413,-89.3793193,,True,active,Returned by Kroger official Locations API on 2026-09-01,Kroger official Locations API,2026-09-01T20:17:21.472587+00:00,21
02100347,Kroger - College Avenue,KROGER,1550 E College Ave,Normal,IL,61761,3094527476,40.5118284,-88.9561112,,True,active,Returned by Kroger official Locations API on 2026-09-01,Kroger official Locations API,2026-09-01T20:17:21.472587+00:00,36
02100704,Kroger - Kroger Ottawa,KROGER,2701 Columbus St,Ottawa,IL,61350,8154344400,41.370338,-88.838075,,True,active,Returned by Kroger official Locations API on 2026-09-01,Kroger official Locations API,2026-09-01T20:17:21.472587+00:00,27
02100933,Kroger - Ottawa South,KROGER,301 E Mckinley Rd,Ottawa,IL,61350,8154342001,41.3236542,-88.8360123,,True,active,Returned by Kroger official Locations API on 2026-09-01,Kroger official Locations API,2026-09-01T20:17:21.472587+00:00,22
02100923,Kroger - Pekin,KROGER,1607 Broadway St,Pekin,IL,61554,3093535300,40.5688641,-89.6284805,,True,active,Returned by Kroger official Locations API on 2026-09-01,Kroger official Locations API,2026-09-01T20:17:21.472587+00:00,37
02100917,Kroger - Lake Street,KROGER,801 W Lake Ave,Peoria,IL,61614,3096822173,40.7414064,-89.6042446,,True,active,Returned by Kroger official Locations API on 2026-09-01,Kroger official Locations API,2026-09-01T20:17:21.472587+00:00,33
02100918,Kroger - Lindbergh Drive,KROGER,9219 N Lindbergh Dr,Peoria,IL,61615,3096918701,40.7998179,-89.6117665,,True,active,Returned by Kroger official Locations API on 2026-09-01,Kroger official Locations API,2026-09-01T20:17:21.472587+00:00,41
02100953,Kroger - Sterling Locust Street,KROGER,2301 Locust St,Sterling,IL,61081,8156256405,41.8092328,-89.7009851,,True,active,Returned by Kroger official Locations API on 2026-09-01,Kroger official Locations API,2026-09-01T20:17:21.472587+00:00,22
02100982,Kroger - Streator,KROGER,2399 N Bloomington St,Streator,IL,61364,8156727871,41.1492535,-88.833386,,True,active,Returned by Kroger official Locations API on 2026-09-01,Kroger official Locations API,2026-09-01T20:17:21.472587+00:00,32
02100888,Kroger - Grand Plaza Shopping Center,KROGER,201 E Bidwell St,Taylorville,IL,62568,2178242911,39.560418,-89.294203,,True,active,Returned by Kroger official Locations API on 2026-09-01,Kroger official Locations API,2026-09-01T20:17:21.472587+00:00,24
02400687,Kroger - W Frankfort Plaza,KROGER,10 West Frankfort Plz,W Frankfort,IL,62896,6189374621,37.8956537,-88.9494096,,True,active,Returned by Kroger official Locations API on 2026-09-01,Kroger official Locations API,2026-09-01T20:17:21.472587+00:00,24
02100657,Kroger - Cherry Tree Shopping Center,KROGER,20 Cherry Tree Shopping Ctr,Washington,IL,61571,3094448585,40.706467,-89.4468667,,True,active,Returned by Kroger official Locations API on 2026-09-01,Kroger official Locations API,2026-09-01T20:17:21.472587+00:00,28
02100991,Kroger - Auburn,KROGER,1005 W 7Th St,Auburn,IN,46706,2609202165,41.3645251,-85.072349,,True,active,Returned by Kroger official Locations API on 2026-09-01,Kroger official Locations API,2026-09-01T20:17:21.472587+00:00,31
02100985,Kroger - Avon,KROGER,108 N Avon Ave,Avon,IN,46123,3172724130,39.764633,-86.401149,,True,active,Returned by Kroger official Locations API on 2026-09-01,Kroger official Locations API,2026-09-01T20:17:21.472587+00:00,40
01400406,Kroger - Batesville,KROGER,1034 State Road 229,Batesville,IN,47006,8129336200,39.3123314,-85.2148866,,True,active,Returned by Kroger official Locations API on 2026-09-01,Kroger official Locations API,2026-09-01T20:17:21.472587+00:00,34
02100330,Kroger - Bloomington,KROGER,1825 Kinser Pike,Bloomington,IN,47404,8123356760,39.1877202,-86.5400509,,True,active,Returned by Kroger official Locations API on 2026-09-01,Kroger official Locations API,2026-09-01T20:17:21.472587+00:00,33
02100900,Kroger - Bloomington South,KROGER,4025 S Old State Road 37,Bloomington,IN,47401,8128037240,39.1202673,-86.5293917,,True,active,Returned by Kroger official Locations API on 2026-09-01,Kroger official Locations API,2026-09-01T20:17:21.472587+00:00,36
02100960,Kroger - Highland Village,KROGER,500 S Liberty Dr,Bloomington,IN,47403,8123491385,39.1626033,-86.5805358,,True,active,Returned by Kroger official Locations API on 2026-09-01,Kroger official Locations API,2026-09-01T20:17:21.472587+00:00,42
02100928,Kroger - Jackson Creek,KROGER,1175 S College Mall Rd,Bloomington,IN,47401,8123335766,39.1537098,-86.4952801,,True,active,Returned by Kroger official Locations API on 2026-09-01,Kroger official Locations API,2026-09-01T20:17:21.472587+00:00,48
02100091,Kroger - Seminary Square,KROGER,528 S College Ave,Bloomington,IN,47403,8123393351,39.1598625,-86.5356065,,True,active,Returned by Kroger official Locations API on 2026-09-01,Kroger official Locations API,2026-09-01T20:17:21.472587+00:00,30
02100414,Kroger - Bluffton,KROGER,1555 S Harrison Plz,Bluffton,IN,46714,2608243700,40.7204247,-85.1672322,,True,active,Returned by Kroger official Locations API on 2026-09-01,Kroger official Locations API,2026-09-01T20:17:21.472587+00:00,21
02100248,Kroger - Forest Park Plaza,KROGER,100 Forest Park Plz,Brazil,IN,47834,8124462231,39.524706,-87.115888,,True,active,Returned by Kroger official Locations API on 2026-09-01,Kroger official Locations API,2026-09-01T20:17:21.472587+00:00,25
02100215,Kroger - Brownsburg,KROGER,975 N Green St,Brownsburg,IN,46112,3178526076,39.856306,-86.389359,,True,active,Returned by Kroger official Locations API on 2026-09-01,Kroger official Locations API,2026-09-01T20:17:21.472587+00:00,47
02100959,Kroger - Carmel Rangeline Road,KROGER,1217 S Rangeline Rd,Carmel,IN,46032,3178464818,39.9626058,-86.1253498,,True,active,Returned by Kroger official Locations API on 2026-09-01,Kroger official Locations API,2026-09-01T20:17:21.472587+00:00,34
02400762,Kroger - Clark Station,KROGER,305 E Lewis And Clark Pkwy,Clarksville,IN,47129,8129481728,38.310988,-85.7704604,,True,active,Returned by Kroger official Locations API on 2026-09-01,Kroger official Locations API,2026-09-01T20:17:21.472587+00:00,41
02100874,Kroger - Columbia City,KROGER,621 Country Side Dr,Columbia City,IN,46725,2602443290,41.1718108,-85.4824052,,True,active,Returned by Kroger official Locations API on 2026-09-01,Kroger official Locations API,2026-09-01T20:17:21.472587+00:00,29
02100710,Kroger Marketplace - Columbus Marketplace,KROGER,3060 N National Rd,Columbus,IN,47201,8123769451,39.2280428,-85.9023068,,True,active,Returned by Kroger official Locations API on 2026-09-01,Kroger official Locations API,2026-09-01T20:17:21.472587+00:00,55
01400827,Kroger - Connersville In,KROGER,516 W 30Th St,Connersville,IN,47331,7658275550,39.673009,-85.134549,,True,active,Returned by Kroger official Locations API on 2026-09-01,Kroger official Locations API,2026-09-01T20:17:21.472587+00:00,27
02100948,Kroger - Crawfordsville Square,KROGER,1660 Crawfordsville Square Dr,Crawfordsville,IN,47933,7653621084,40.02181,-86.900954,,True,active,Returned by Kroger official Locations API on 2026-09-01,Kroger official Locations API,2026-09-01T20:17:21.472587+00:00,29
02100947,Kroger - Danville Shopping Center,KROGER,785 E Main St,Danville,IN,46122,3177458020,39.756901,-86.509336,,True,active,Returned by Kroger official Locations API on 2026-09-01,Kroger official Locations API,2026-09-01T20:17:21.472587+00:00,26
02100407,Kroger - Decatur,KROGER,929 S 13Th St,Decatur,IN,46733,2607249925,40.8195723,-84.9359387,,True,active,Returned by Kroger official Locations API on 2026-09-01,Kroger official Locations API,2026-09-01T20:17:21.472587+00:00,23
02100886,Kroger - Hively,KROGER,130 W Hively Ave,Elkhart,IN,46517,5742946130,41.661767,-85.9662341,,True,active,Returned by Kroger official Locations API on 2026-09-01,Kroger official Locations API,2026-09-01T20:17:21.472587+00:00,34
02100895,Kroger - 116th Cumberland Road,KROGER,9799 E 116Th St,Fishers,IN,46037,3179135500,39.9548712,-85.9961063,,True,active,Returned by Kroger official Locations API on 2026-09-01,Kroger official Locations API,2026-09-01T20:17:21.472587+00:00,38
02100869,Kroger Marketplace - 116th Olio Road,KROGER,11700 Olio Rd,Fishers,IN,46037,3175988400,39.9577601,-85.9186702,,True,active,Returned by Kroger official Locations API on 2026-09-01,Kroger official Locations API,2026-09-01T20:17:21.472587+00:00,56
02100744,Kroger Marketplace - Kroger 116th and Allisonville Rd,KROGER,7450 Fishers Station Dr,Fishers,IN,46038,3175790201,39.9582932,-86.037009,,True,active,Returned by Kroger official Locations API on 2026-09-01,Kroger official Locations API,2026-09-01T20:17:21.472587+00:00,52
02100424,Kroger - Chestnut Plaza,KROGER,10230 Chestnut Plaza Dr,Fort Wayne,IN,46814,2606256031,41.0766873,-85.2761883,,True,active,Returned by Kroger official Locations API on 2026-09-01,Kroger official Locations API,2026-09-01T20:17:21.472587+00:00,35
02100425,Kroger - Georgetown,KROGER,6310 E State Blvd,Fort Wayne,IN,46815,2607495102,41.0999773,-85.0590253,,True,active,Returned by Kroger official Locations API on 2026-09-01,Kroger official Locations API,2026-09-01T20:17:21.472587+00:00,34
02100405,Kroger - North Clinton,KROGER,4120 N Clinton St,Fort Wayne,IN,46805,2604847021,41.1153329,-85.1293036,,True,active,Returned by Kroger official Locations API on 2026-09-01,Kroger official Locations API,2026-09-01T20:17:21.472587+00:00,37
02100929,Kroger - Southgate Plaza,KROGER,218 E Pettit Ave,Fort Wayne,IN,46806,2607457800,41.036179,-85.134261,,True,active,Returned by Kroger official Locations API on 2026-09-01,Kroger official Locations API,2026-09-01T20:17:21.472587+00:00,29
02100973,Kroger - St Joe Center,KROGER,6002 Saint Joe Center Rd,Fort Wayne,IN,46835,2604859611,41.1331416,-85.0651037,,True,active,Returned by Kroger official Locations API on 2026-09-01,Kroger official Locations API,2026-09-01T20:17:21.472587+00:00,42
02100410,Kroger - Waynedale,KROGER,7008 Bluffton Rd,Fort Wayne,IN,46809,2607474161,41.0177854,-85.1700156,,True,active,Returned by Kroger official Locations API on 2026-09-01,Kroger official Locations API,2026-09-01T20:17:21.472587+00:00,22
02100412,Kroger - West State,KROGER,1125 W State Blvd,Fort Wayne,IN,46808,2604263453,41.094969,-85.1573858,,True,active,Returned by Kroger official Locations API on 2026-09-01,Kroger official Locations API,2026-09-01T20:17:21.472587+00:00,28
02100972,Kroger Marketplace - Dupont Village Marketplace,KROGER,601 E Dupont Rd,Fort Wayne,IN,46825,2606374504,41.1796728,-85.1331647,,True,active,Returned by Kroger official Locations API on 2026-09-01,Kroger official Locations API,2026-09-01T20:17:21.472587+00:00,46
02100990,Kroger Marketplace - Village Of Coventry,KROGER,5725 Coventry Ln,Fort Wayne,IN,46804,2604322305,41.034139,-85.259299,,True,active,Returned by Kroger official Locations API on 2026-09-01,Kroger official Locations API,2026-09-01T20:17:21.472587+00:00,43
02100979,Kroger Marketplace - Kroger Marketplace Franklin,KROGER,970 N Morton St,Franklin,IN,46131,3177366004,39.488689,-86.067105,,True,active,Returned by Kroger official Locations API on 2026-09-01,Kroger official Locations API,2026-09-01T20:17:21.472587+00:00,56
02100879,Kroger - Goshen,KROGER,209 Chicago Ave,Goshen,IN,46526,5745339949,41.5873538,-85.844172,,True,active,Returned by Kroger official Locations API on 2026-09-01,Kroger official Locations API,2026-09-01T20:17:21.472587+00:00,35
02100961,Kroger - Greencastle,KROGER,821 Indianapolis Rd,Greencastle,IN,46135,7656538032,39.645654,-86.8478,,True,active,Returned by Kroger official Locations API on 2026-09-01,Kroger official Locations API,2026-09-01T20:17:21.472587+00:00,34
02100952,Kroger - Greenfield,KROGER,1571 N State St,Greenfield,IN,46140,3174623451,39.8060736,-85.7667669,,True,active,Returned by Kroger official Locations API on 2026-09-01,Kroger official Locations API,2026-09-01T20:17:21.472587+00:00,29
02100909,Kroger - Meridian Park,KROGER,3100 Meridian Parke Dr,Greenwood,IN,46142,3178875745,39.618869,-86.159976,,True,active,Returned by Kroger official Locations API on 2026-09-01,Kroger official Locations API,2026-09-01T20:17:21.472587+00:00,40
02100735,Kroger - Smokey Row Kroger,KROGER,5961 N State Road 135,Greenwood,IN,46143,3175303086,39.562096,-86.155648,,True,active,Returned by Kroger official Locations API on 2026-09-01,Kroger official Locations API,2026-09-01T20:17:21.472587+00:00,50
02100864,Kroger - Whiteland,KROGER,2200 Independence Dr,Greenwood,IN,46143,3178834140,39.583908,-86.102744,,True,active,Returned by Kroger official Locations API on 2026-09-01,Kroger official Locations API,2026-09-01T20:17:21.472587+00:00,31
02100841,Kroger - Kroger Huntington,KROGER,2718 Guilford St,Huntington,IN,46750,2603561811,40.8998128,-85.5082001,,True,active,Returned by Kroger official Locations API on 2026-09-01,Kroger official Locations API,2026-09-01T20:17:21.472587+00:00,26
540FC213,Kroger - - Indianapolis Spoke,KROGER,9222 E 33rd St,Indianapolis,IN,46235,9999999999,39.818066,-86.004202,,True,active,Returned by Kroger official Locations API on 2026-09-01,Kroger official Locations API,2026-09-01T20:17:21.472587+00:00,0
02100100,Kroger - 10th Shortridge,KROGER,7101 E 10Th St,Indianapolis,IN,46219,3173521721,39.7808002,-86.0419191,,True,active,Returned by Kroger official Locations API on 2026-09-01,Kroger official Locations API,2026-09-01T20:17:21.472587+00:00,33
02100086,Kroger - 65th Keystone Kroger,KROGER,2629 E 65th St,Indianapolis,IN,46220,3172551498,39.875377,-86.118948,,True,active,Returned by Kroger official Locations API on 2026-09-01,Kroger official Locations API,2026-09-01T20:17:21.472587+00:00,35
02100804,Kroger - 71st Binford,KROGER,5810 E 71St St,Indianapolis,IN,46220,3178459653,39.8848466,-86.0689009,,True,active,Returned by Kroger official Locations API on 2026-09-01,Kroger official Locations API,2026-09-01T20:17:21.472587+00:00,39
02100962,Kroger - 71st Georgetown,KROGER,5025 W 71st St,Indianapolis,IN,46268,3173478480,39.880687,-86.246119,,True,active,Returned by Kroger official Locations API on 2026-09-01,Kroger official Locations API,2026-09-01T20:17:21.472587+00:00,33
02100993,Kroger - Bluff Southport,KROGER,1330 W Southport Rd,Indianapolis,IN,46217,3178844245,39.665062,-86.182627,,True,active,Returned by Kroger official Locations API on 2026-09-01,Kroger official Locations API,2026-09-01T20:17:21.472587+00:00,41
02100945,Kroger - East Washington,KROGER,10450 E Washington St,Indianapolis,IN,46229,3178952245,39.776627,-85.981621,,True,active,Returned by Kroger official Locations API on 2026-09-01,Kroger official Locations API,2026-09-01T20:17:21.472587+00:00,26
02100965,Kroger - Geist Plaza,KROGER,9835 Fall Creek Rd,Indianapolis,IN,46256,3175773481,39.8977178,-85.9938276,,True,active,Returned by Kroger official Locations API on 2026-09-01,Kroger official Locations API,2026-09-01T20:17:21.472587+00:00,38
02100001,Kroger - Indy Downtown,KROGER,524 E 16Th St,Indianapolis,IN,46202,3179236858,39.7892121,-86.1481049,,True,active,Returned by Kroger official Locations API on 2026-09-01,Kroger official Locations API,2026-09-01T20:17:21.472587+00:00,15
02100339,Kroger - Kroger Indianapolis,KROGER,227 W Michigan St,Indianapolis,IN,46204,3172625215,39.7751497,-86.1635739,,True,active,Returned by Kroger official Locations API on 2026-09-01,Kroger official Locations API,2026-09-01T20:17:21.472587+00:00,45
02100989,Kroger - Kroger Southport and Franklin Rd,KROGER,8130 E Southport Rd,Indianapolis,IN,46259,3172454453,39.6686363,-86.0220336,,True,active,Returned by Kroger official Locations API on 2026-09-01,Kroger official Locations API,2026-09-01T20:17:21.472587+00:00,54
02100820,Kroger - Linwood Plaza,KROGER,4445 E 10Th St,Indianapolis,IN,46201,3173591166,39.7792825,-86.0936388,,True,active,Returned by Kroger official Locations API on 2026-09-01,Kroger official Locations API,2026-09-01T20:17:21.472587+00:00,31
02100992,Kroger - Madison Edgewood,KROGER,5911 Madison Ave,Indianapolis,IN,46227,3177834947,39.6803674,-86.129457,,True,active,Returned by Kroger official Locations API on 2026-09-01,Kroger official Locations API,2026-09-01T20:17:21.472587+00:00,31
02100110,Kroger - Marwood,KROGER,3361 Kentucky Ave,Indianapolis,IN,46221,3172401580,39.7145622,-86.2350196,,True,active,Returned by Kroger official Locations API on 2026-09-01,Kroger official Locations API,2026-09-01T20:17:21.472587+00:00,28
02100998,Kroger - Nora Kroger,KROGER,1365 E 86th St,Indianapolis,IN,46240,3172171190,39.911294,-86.137924,,True,active,Returned by Kroger official Locations API on 2026-09-01,Kroger official Locations API,2026-09-01T20:17:21.472587+00:00,36
02100927,Kroger - Southern Plaza,KROGER,4202 S East St,Indianapolis,IN,46227,3177814245,39.705573,-86.150698,,True,active,Returned by Kroger official Locations API on 2026-09-01,Kroger official Locations API,2026-09-01T20:17:21.472587+00:00,31
02100500,Kroger - Speedway Plaza,KROGER,5718 Crawfordsville Rd,Indianapolis,IN,46224,3172405000,39.799522,-86.261061,,True,active,Returned by Kroger official Locations API on 2026-09-01,Kroger official Locations API,2026-09-01T20:17:21.472587+00:00,42
02100862,Kroger - Sunnyside,KROGER,11101 Pendleton Pike,Indianapolis,IN,46236,3178233240,39.861992,-85.97021,,True,active,Returned by Kroger official Locations API on 2026-09-01,Kroger official Locations API,2026-09-01T20:17:21.472587+00:00,29
02100116,Kroger - Twin Aire,KROGER,680 Twin Aire Dr,Indianapolis,IN,46203,3172641762,39.7577922,-86.1149198,,True,active,Returned by Kroger official Locations API on 2026-09-01,Kroger official Locations API,2026-09-01T20:17:21.472587+00:00,23
02100016,Kroger - West Michigan,KROGER,2630 W Michigan St,Indianapolis,IN,46222,3176322113,39.7757725,-86.2046486,,True,active,Returned by Kroger official Locations API on 2026-09-01,Kroger official Locations API,2026-09-01T20:17:21.472587+00:00,16
02100905,Kroger - West Pointe Commons,KROGER,8150 Rockville Rd,Indianapolis,IN,46214,3172719591,39.765706,-86.305982,,True,active,Returned by Kroger official Locations API on 2026-09-01,Kroger official Locations API,2026-09-01T20:17:21.472587+00:00,31
02100066,Kroger - Westgate Plaza,KROGER,5173 W Washington St,Indianapolis,IN,46241,3172442290,39.7526095,-86.2467582,,True,active,Returned by Kroger official Locations API on 2026-09-01,Kroger official Locations API,2026-09-01T20:17:21.472587+00:00,27
02100906,Kroger - Willow Lake Plaza,KROGER,2550 Lake Circle Dr,Indianapolis,IN,46268,3178792460,39.913772,-86.20546,,True,active,Returned by Kroger official Locations API on 2026-09-01,Kroger official Locations API,2026-09-01T20:17:21.472587+00:00,36
02100894,Kroger Marketplace - Claybrooke Commons,KROGER,8745 S Emerson Ave,Indianapolis,IN,46237,3178843320,39.6394349,-86.0811469,,True,active,Returned by Kroger official Locations API on 2026-09-01,Kroger official Locations API,2026-09-01T20:17:21.472587+00:00,52
02100995,Kroger Marketplace - Ross Park,KROGER,5350 E Thompson Rd,Indianapolis,IN,46237,3177813560,39.6960329,-86.0764127,,True,active,Returned by Kroger official Locations API on 2026-09-01,Kroger official Locations API,2026-09-01T20:17:21.472587+00:00,54
02400776,Kroger Marketplace - Kroger Jeffersonville Commons,KROGER,1027 Jeffersonville Commons Dr,Jeffersonville,IN,47130,8122835222,38.335005,-85.712037,,True,active,Returned by Kroger official Locations API on 2026-09-01,Kroger official Locations API,2026-09-01T20:17:21.472587+00:00,41
02100418,Kroger - Kendallville,KROGER,310 W North St,Kendallville,IN,46755,2603479155,41.453011,-85.2718497,,True,active,Returned by Kroger official Locations API on 2026-09-01,Kroger official Locations API,2026-09-01T20:17:21.472587+00:00,31
02100109,Kroger - Dixon Road Kroger,KROGER,605 N Dixon Rd,Kokomo,IN,46901,7654572514,40.492186,-86.166237,,True,active,Returned by Kroger official Locations API on 2026-09-01,Kroger official Locations API,2026-09-01T20:17:21.472587+00:00,32
02100071,Kroger - Maplecrest Plaza Kroger,KROGER,2821 S Washington St,Kokomo,IN,46902,7654537556,40.454248,-86.131256,,True,active,Returned by Kroger official Locations API on 2026-09-01,Kroger official Locations API,2026-09-01T20:17:21.472587+00:00,25
02100966,Kroger - LaPorte,KROGER,55 Pine Lake Ave,Laporte,IN,46350,2193621591,41.6146564,-86.7262024,,True,active,Returned by Kroger official Locations API on 2026-09-01,Kroger official Locations API,2026-09-01T20:17:21.472587+00:00,30
01400361,Kroger - Lawrenceburg Kroger,KROGER,880 W Eads Pkwy,Lawrenceburg,IN,47025,8125327340,39.0848434,-84.8778069,,True,active,Returned by Kroger official Locations API on 2026-09-01,Kroger official Locations API,2026-09-01T20:17:21.472587+00:00,40
02100940,Kroger - Lebanon,KROGER,2420 N Lebanon St,Lebanon,IN,46052,7654827274,40.0694,-86.474554,,True,active,Returned by Kroger official Locations API on 2026-09-01,Kroger official Locations API,2026-09-01T20:17:21.472587+00:00,35
02100842,Kroger - Kroger Ligonier,KROGER,903 Lincolnway S,Ligonier,IN,46767,2603617007,41.4582556,-85.5849008,,True,active,Returned by Kroger official Locations API on 2026-09-01,Kroger official Locations API,2026-09-01T20:17:21.472587+00:00,19
02400741,Kroger - River Pointe SC,KROGER,525 E Clifty Dr,Madison,IN,47250,8122735913,38.7815374,-85.3789826,,True,active,Returned by Kroger official Locations API on 2026-09-01,Kroger official Locations API,2026-09-01T20:17:21.472587+00:00,35
02100907,Kroger - Martinsville,KROGER,380 E Ruth Rusie Way,Martinsville,IN,46151,7653427151,39.4120332,-86.4255569,,True,active,Returned by Kroger official Locations API on 2026-09-01,Kroger official Locations API,2026-09-01T20:17:21.472587+00:00,34
02100938,Kroger - Merrifield,KROGER,906 S Merrifield Ave,Mishawaka,IN,46544,5742561229,41.6535893,-86.1656694,,True,active,Returned by Kroger official Locations API on 2026-09-01,Kroger official Locations API,2026-09-01T20:17:21.472587+00:00,25
02100889,Kroger - Town Country,KROGER,2330 Hickory Rd,Mishawaka,IN,46545,5742554488,41.6812511,-86.1957761,,True,active,Returned by Kroger official Locations API on 2026-09-01,Kroger official Locations API,2026-09-01T20:17:21.472587+00:00,25
02100138,Kroger - Monticello Kroger,KROGER,916 N Main St,Monticello,IN,47960,5745837896,40.7568674,-86.7666627,,True,active,Returned by Kroger official Locations API on 2026-09-01,Kroger official Locations API,2026-09-01T20:17:21.472587+00:00,30
02100921,Kroger - Mooresville,KROGER,530 S Indiana St,Mooresville,IN,46158,3178310241,39.6049052,-86.3767898,,True,active,Returned by Kroger official Locations API on 2026-09-01,Kroger official Locations API,2026-09-01T20:17:21.472587+00:00,29
02400396,Kroger - New Albany Plaza,KROGER,200 New Albany Plz,New Albany,IN,47150,8129482817,38.3052496,-85.8379847,,True,active,Returned by Kroger official Locations API on 2026-09-01,Kroger official Locations API,2026-09-01T20:17:21.472587+00:00,43
02400744,Kroger - Silver Run,KROGER,2864 Charlestown Rd,New Albany,IN,47150,8129447016,38.3319483,-85.7980611,,True,active,Returned by Kroger official Locations API on 2026-09-01,Kroger official Locations API,2026-09-01T20:17:21.472587+00:00,28
02100920,Kroger - Trojan Plaza,KROGER,120 S Memorial Dr,New Castle,IN,47362,7655297396,39.9302526,-85.3796051,,True,active,Returned by Kroger official Locations API on 2026-09-01,Kroger official Locations API,2026-09-01T20:17:21.472587+00:00,29
02100857,Kroger - New Haven,KROGER,821 Lincoln Hwy W,New Haven,IN,46774,2607494828,41.0688777,-85.0412966,,True,active,Returned by Kroger official Locations API on 2026-09-01,Kroger official Locations API,2026-09-01T20:17:21.472587+00:00,30
02100980,Kroger - Hazel Dell Crossing Kroger,KROGER,14800 Hazel Dell Xing,Noblesville,IN,46062,3178441004,40.0032906,-86.0680296,,True,active,Returned by Kroger official Locations API on 2026-09-01,Kroger official Locations API,2026-09-01T20:17:21.472587+00:00,39
02100957,Kroger - Noblesville,KROGER,172 W Logan St,Noblesville,IN,46060,3177763344,40.049903,-86.0197449,,True,active,Returned by Kroger official Locations API on 2026-09-01,Kroger official Locations API,2026-09-01T20:17:21.472587+00:00,34
02100898,Kroger Marketplace - Noblesville Marketplace,KROGER,14744 Union Market Dr,Noblesville,IN,46060,3175652853,40.0020893,-85.979297,,True,active,Returned by Kroger official Locations API on 2026-09-01,Kroger official Locations API,2026-09-01T20:17:21.472587+00:00,47
02100902,Kroger - Peru Kroger,KROGER,930 W Main St,Peru,IN,46970,7654721274,40.7461832,-86.095908,,True,active,Returned by Kroger official Locations API on 2026-09-01,Kroger official Locations API,2026-09-01T20:17:21.472587+00:00,24
02100118,Kroger - Plainfield Plaza,KROGER,1930 E Main St,Plainfield,IN,46168,3178397961,39.712073,-86.3754749,,True,active,Returned by Kroger official Locations API on 2026-09-01,Kroger official Locations API,2026-09-01T20:17:21.472587+00:00,29
02100963,Kroger - Plymouth,KROGER,2001 N Michigan St,Plymouth,IN,46563,5749362040,41.3581574,-86.3135178,,True,active,Returned by Kroger official Locations API on 2026-09-01,Kroger official Locations API,2026-09-01T20:17:21.472587+00:00,25
02100914,Kroger - Richmond,KROGER,3701 National Rd E,Richmond,IN,47374,7659351244,39.8292847,-84.8507171,,True,active,Returned by Kroger official Locations API on 2026-09-01,Kroger official Locations API,2026-09-01T20:17:21.472587+00:00,33
02100427,Kroger - Rochester,KROGER,2040 Peace Tree Vlg,Rochester,IN,46975,5746887070,41.0523808,-86.2208984,,True,active,Returned by Kroger official Locations API on 2026-09-01,Kroger official Locations API,2026-09-01T20:17:21.472587+00:00,34
02100096,Kroger - Rushville,KROGER,202 S Main St,Rushville,IN,46173,7659325511,39.606164,-85.4430252,,True,active,Returned by Kroger official Locations API on 2026-09-01,Kroger official Locations API,2026-09-01T20:17:21.472587+00:00,23
02100974,Kroger - Shelbyville,KROGER,1601 E Michigan Rd,Shelbyville,IN,46176,3174212350,39.5177121,-85.7545916,,True,active,Returned by Kroger official Locations API on 2026-09-01,Kroger official Locations API,2026-09-01T20:17:21.472587+00:00,31
02100903,Kroger - Ireland,KROGER,1217 E Ireland Rd,South Bend,IN,46614,5742910666,41.6304983,-86.232032,,True,active,Returned by Kroger official Locations API on 2026-09-01,Kroger official Locations API,2026-09-01T20:17:21.472587+00:00,32
02100911,Kroger - Ft Harrison Kroger,KROGER,2140 Fort Harrison Rd,Terre Haute,IN,47804,8124666861,39.5077907,-87.3842228,,True,active,Returned by Kroger official Locations API on 2026-09-01,Kroger official Locations API,2026-09-01T20:17:21.472587+00:00,30
02100981,Kroger - Kroger Plaza Terre Haute,KROGER,2650 Wabash Ave,Terre Haute,IN,47803,8122324519,39.472939,-87.377247,,True,active,Returned by Kroger official Locations API on 2026-09-01,Kroger official Locations API,2026-09-01T20:17:21.472587+00:00,30
02100987,Kroger - Wabash Valley Plaza US41 South,KROGER,4714 S US Highway 41,Terre Haute,IN,47802,8122358141,39.408507,-87.408593,,True,active,Returned by Kroger official Locations API on 2026-09-01,Kroger official Locations API,2026-09-01T20:17:21.472587+00:00,29
02100875,Kroger - Wabash Kroger,KROGER,1309 N Cass St,Wabash,IN,46992,2605632616,40.8158535,-85.8337123,,True,active,Returned by Kroger official Locations API on 2026-09-01,Kroger official Locations API,2026-09-01T20:17:21.472587+00:00,23
02100837,Kroger - Kroger Warsaw,KROGER,2211 E Center St,Warsaw,IN,46580,5742678848,41.239491,-85.826686,,True,active,Returned by Kroger official Locations API on 2026-09-01,Kroger official Locations API,2026-09-01T20:17:21.472587+00:00,36
02100970,Kroger - 161st Spring Mill Kroger,KROGER,150 W 161St St,Westfield,IN,46074,3178676314,40.0219555,-86.1614019,,True,active,Returned by Kroger official Locations API on 2026-09-01,Kroger official Locations API,2026-09-01T20:17:21.472587+00:00,47
02100983,Kroger - Carey Road Kroger,KROGER,17447 Carey Rd,Westfield,IN,46074,3178671002,40.040947,-86.1054867,,True,active,Returned by Kroger official Locations API on 2026-09-01,Kroger official Locations API,2026-09-01T20:17:21.472587+00:00,46
02100333,Kroger - Kroger Boone Village,KROGER,5 Boone Vlg,Zionsville,IN,46077,3178732366,39.95092,-86.27676,,True,active,Returned by Kroger official Locations API on 2026-09-01,Kroger official Locations API,2026-09-01T20:17:21.472587+00:00,35
02100332,Kroger - Kroger Michigan Rd and 106,KROGER,10679 N Michigan Rd,Zionsville,IN,46077,3177332560,39.943416,-86.236097,,True,active,Returned by Kroger official Locations API on 2026-09-01,Kroger official Locations API,2026-09-01T20:17:21.472587+00:00,40
02900796,Kroger - Diederich,KROGER,370 Diederich Blvd,Ashland,KY,41101,6063258911,38.501485,-82.6816677,,True,active,Returned by Kroger official Locations API on 2026-09-01,Kroger official Locations API,2026-09-01T20:17:21.472587+00:00,37
02900783,Kroger - Mid Town,KROGER,711 Martin Luther King Jr Blvd,Ashland,KY,41101,6063258231,38.4776993,-82.6497272,,True,active,Returned by Kroger official Locations API on 2026-09-01,Kroger official Locations API,2026-09-01T20:17:21.472587+00:00,30
02400408,Kroger - W John Rowan,KROGER,102 W John Rowan Blvd,Bardstown,KY,40004,5023482977,37.8287354,-85.4644758,,True,active,Returned by Kroger official Locations API on 2026-09-01,Kroger official Locations API,2026-09-01T20:17:21.472587+00:00,48
01400359,Kroger - Bellevue Kroger,KROGER,53 Donnermeyer Dr,Bellevue,KY,41073,8594914210,39.0992898,-84.48185,,True,active,Returned by Kroger official Locations API on 2026-09-01,Kroger official Locations API,2026-09-01T20:17:21.472587+00:00,37
02600535,Kroger - ByPass - Riverside,KROGER,350 US 31W Byp,Bowling Green,KY,42101,2707965987,36.9965152,-86.4246741,,True,active,Returned by Kroger official Locations API on 2026-09-01,Kroger official Locations API,2026-09-01T20:17:21.472587+00:00,44
02600509,Kroger - Campbell Lane,KROGER,711 Campbell Ln,Bowling Green,KY,42104,2707830701,36.9597657,-86.4666655,,True,active,Returned by Kroger official Locations API on 2026-09-01,Kroger official Locations API,2026-09-01T20:17:21.472587+00:00,40
02600585,Kroger - Scottsville Road,KROGER,2945 Scottsville Rd,Bowling Green,KY,42104,2707809887,36.9432576,-86.4254048,,True,active,Returned by Kroger official Locations API on 2026-09-01,Kroger official Locations API,2026-09-01T20:17:21.472587+00:00,44
02400903,Kroger - Riverridge Plaza,KROGER,568 Bypass Rd,Brandenburg,KY,40108,2704225464,37.9821953,-86.1628622,,True,active,Returned by Kroger official Locations API on 2026-09-01,Kroger official Locations API,2026-09-01T20:17:21.472587+00:00,34
01400434,Kroger - Burlington,KROGER,1751 Patrick Dr,Burlington,KY,41005,8595864450,39.0180491,-84.6924703,,True,active,Returned by Kroger official Locations API on 2026-09-01,Kroger official Locations API,2026-09-01T20:17:21.472587+00:00,47
02400369,Kroger - Green River Plaza,KROGER,399 Campbellsville Byp Ste 100,Campbellsville,KY,42718,2704656065,37.3413652,-85.3655237,,True,active,Returned by Kroger official Locations API on 2026-09-01,Kroger official Locations API,2026-09-01T20:17:21.472587+00:00,27
02400710,Kroger - Hwy 227,KROGER,2549 Us Highway 227,Carrollton,KY,41008,5027325380,38.6576786,-85.1312397,,True,active,Returned by Kroger official Locations API on 2026-09-01,Kroger official Locations API,2026-09-01T20:17:21.472587+00:00,39
01400410,Kroger - Cold Spring,KROGER,375 Cross Roads Blvd,Cold Spring,KY,41076,8594481170,39.00629,-84.420587,,True,active,Returned by Kroger official Locations API on 2026-09-01,Kroger official Locations API,2026-09-01T20:17:21.472587+00:00,44
01400946,Kroger - Highland Hts Cold Sp,KROGER,70 Martha Layne Collins Blvd,Cold Spring,KY,41076,8597818808,39.0257363,-84.4535666,,True,active,Returned by Kroger official Locations API on 2026-09-01,Kroger official Locations API,2026-09-01T20:17:21.472587+00:00,33
02400719,Kroger - Forest Hills SC,KROGER,1019 Cumberland Falls Hwy,Corbin,KY,40701,6065261717,36.9282786,-84.1050693,,True,active,Returned by Kroger official Locations API on 2026-09-01,Kroger official Locations API,2026-09-01T20:17:21.472587+00:00,29
02400760,Kroger - Parkway SC,KROGER,14889 N Us Highway 25 E,Corbin,KY,40701,6065288630,36.9592084,-84.0752841,,True,active,Returned by Kroger official Locations API on 2026-09-01,Kroger official Locations API,2026-09-01T20:17:21.472587+00:00,32
01400381,Kroger - 15th Madison,KROGER,1525 Madison Ave,Covington,KY,41011,8594311607,39.072869,-84.50848,,True,active,Returned by Kroger official Locations API on 2026-09-01,Kroger official Locations API,2026-09-01T20:17:21.472587+00:00,22
01400392,Kroger - Latonia,KROGER,4303 Winston Ave,Covington,KY,41015,8596550700,39.0415197,-84.5091933,,True,active,Returned by Kroger official Locations API on 2026-09-01,Kroger official Locations API,2026-09-01T20:17:21.472587+00:00,45
02400733,Kroger - Ridgefield KY,KROGER,200 Skywatch Dr,Danville,KY,40422,8592363987,37.6182779,-84.782804,,True,active,Returned by Kroger official Locations API on 2026-09-01,Kroger official Locations API,2026-09-01T20:17:21.472587+00:00,46
01400971,Kroger - Kroger Edgewood Marketplace,KROGER,3073 Dixie Hwy,Edgewood,KY,41018,8593440222,39.019678,-84.588002,,True,active,Returned by Kroger official Locations API on 2026-09-01,Kroger official Locations API,2026-09-01T20:17:21.472587+00:00,45
02400717,Kroger - Dolphin Hills,KROGER,3040 Dolphin Dr,Elizabethtown,KY,42701,2707374715,37.711977,-85.836152,,True,active,Returned by Kroger official Locations API on 2026-09-01,Kroger official Locations API,2026-09-01T20:17:21.472587+00:00,43
02400362,Kroger - Towne Center,KROGER,111 Towne Dr,Elizabethtown,KY,42701,2707371707,37.734737,-85.888467,,True,active,Returned by Kroger official Locations API on 2026-09-01,Kroger official Locations API,2026-09-01T20:17:21.472587+00:00,37
02400747,Kroger Marketplace - Kroger Marketplace Elizabethtown,KROGER,1479 Patriot Pkwy,Elizabethtown,KY,42701,2706002911,37.7151742,-85.9016523,,True,active,Returned by Kroger official Locations API on 2026-09-01,Kroger official Locations API,2026-09-01T20:17:21.472587+00:00,48
01400364,Kroger - Mt Zion,KROGER,9950 Berberich Dr,Florence,KY,41042,8593723460,38.9579368,-84.6246617,,True,active,Returned by Kroger official Locations API on 2026-09-01,Kroger official Locations API,2026-09-01T20:17:21.472587+00:00,34
01400466,Kroger Marketplace - Florence Marketplace,KROGER,7685 Mall Rd,Florence,KY,41042,8597955800,38.9969875,-84.6562035,,True,active,Returned by Kroger official Locations API on 2026-09-01,Kroger official Locations API,2026-09-01T20:17:21.472587+00:00,52
01400477,Kroger - Ft Mitchell,KROGER,2150 Dixie Hwy,Fort Mitchell,KY,41017,8593310080,39.048838,-84.55298,,True,active,Returned by Kroger official Locations API on 2026-09-01,Kroger official Locations API,2026-09-01T20:17:21.472587+00:00,58
02400397,Kroger - Brighton Park,KROGER,300 Brighton Park Blvd,Frankfort,KY,40601,5026954860,38.1991665,-84.8263297,,True,active,Returned by Kroger official Locations API on 2026-09-01,Kroger official Locations API,2026-09-01T20:17:21.472587+00:00,64
02400368,Kroger - Franklin Square,KROGER,1309 US Highway 127 S Ste H,Frankfort,KY,40601,5028750124,38.1654418,-84.8953392,,True,active,Returned by Kroger official Locations API on 2026-09-01,Kroger official Locations API,2026-09-01T20:17:21.472587+00:00,38
02400779,Kroger Marketplace - Marketplace Circle,KROGER,106 Market Place Cir,Georgetown,KY,40324,5028634807,38.186407,-84.568318,,True,active,Returned by Kroger official Locations API on 2026-09-01,Kroger official Locations API,2026-09-01T20:17:21.472587+00:00,55
02400363,Kroger - Harrodsburg Marketplace,KROGER,844 S College St,Harrodsburg,KY,40330,8597340078,37.7461291,-84.8438973,,True,active,Returned by Kroger official Locations API on 2026-09-01,Kroger official Locations API,2026-09-01T20:17:21.472587+00:00,26
01400409,Kroger Marketplace - Hebron KY Marketplace,KROGER,3105 N Bend Rd,Hebron,KY,41048,8599624900,39.0644282,-84.7069317,,True,active,Returned by Kroger official Locations API on 2026-09-01,Kroger official Locations API,2026-09-01T20:17:21.472587+00:00,56
02600522,Kroger - Hopkinsville,KROGER,1213 Skyline Dr,Hopkinsville,KY,42240,2708857606,36.8403472,-87.4764941,,True,active,Returned by Kroger official Locations API on 2026-09-01,Kroger official Locations API,2026-09-01T20:17:21.472587+00:00,31
540FC309,Kroger - - Mt Zion Spirits mCFC,KROGER,251 E Mount Zion Rd ste FC215,Independence,KY,41051,,38.956028,-84.612121,,True,active,Returned by Kroger official Locations API on 2026-09-01,Kroger official Locations API,2026-09-01T20:17:21.472587+00:00,0
540FC215,Kroger - - Mt Zion Spoke,KROGER,"251 E Mount Zion Rd, suite FC215",Independence,KY,41051,9999999999,38.956015,-84.612124,,True,active,Returned by Kroger official Locations API on 2026-09-01,Kroger official Locations API,2026-09-01T20:17:21.472587+00:00,0
01400475,Kroger Marketplace - Independence Marketplace,KROGER,1700 Declaration Dr,Independence,KY,41051,8598981600,38.9286769,-84.5483376,,True,active,Returned by Kroger official Locations API on 2026-09-01,Kroger official Locations API,2026-09-01T20:17:21.472587+00:00,57
02400394,Kroger - Hwy 53,KROGER,2034 S Highway 53,La Grange,KY,40031,5022220269,38.393055,-85.3674363,,True,active,Returned by Kroger official Locations API on 2026-09-01,Kroger official Locations API,2026-09-01T20:17:21.472587+00:00,36
02400794,Kroger - Kroger Buckner,KROGER,2835 S Highway 393,LaGrange,KY,40031,5025304803,38.3804931,-85.4270019,,True,active,Returned by Kroger official Locations API on 2026-09-01,Kroger official Locations API,2026-09-01T20:17:21.472587+00:00,46
02400913,Kroger - Anderson Crossing,KROGER,1300 Anderson Crossing Dr,Lawrenceburg,KY,40342,5028590234,38.0170723,-84.9102055,,True,active,Returned by Kroger official Locations API on 2026-09-01,Kroger official Locations API,2026-09-01T20:17:21.472587+00:00,28
02400730,Kroger - E Main St,KROGER,705 E Main St,Lebanon,KY,40033,2706923591,37.5768044,-85.2340663,,True,active,Returned by Kroger official Locations API on 2026-09-01,Kroger official Locations API,2026-09-01T20:17:21.472587+00:00,23
02400359,Kroger - Bryan Station,KROGER,1650 Bryan Station Rd,Lexington,KY,40505,8592935969,38.05921,-84.461204,,True,active,Returned by Kroger official Locations API on 2026-09-01,Kroger official Locations API,2026-09-01T20:17:21.472587+00:00,39
02400737,Kroger - Chinoe,KROGER,1060 Chinoe Rd Ste 190,Lexington,KY,40502,8593354706,37.9968605,-84.4786723,,True,active,Returned by Kroger official Locations API on 2026-09-01,Kroger official Locations API,2026-09-01T20:17:21.472587+00:00,55
02400361,Kroger - Gardenside - Power Alley,KROGER,1808 Alexandria Dr,Lexington,KY,40504,8592763556,38.0375535,-84.550596,,True,active,Returned by Kroger official Locations API on 2026-09-01,Kroger official Locations API,2026-09-01T20:17:21.472587+00:00,40
02400721,Kroger - Hartland Parkway,KROGER,4750 Hartland Pkwy,Lexington,KY,40515,8592732557,37.9620466,-84.4796292,,True,active,Returned by Kroger official Locations API on 2026-09-01,Kroger official Locations API,2026-09-01T20:17:21.472587+00:00,40
02400784,Kroger - Lexington,KROGER,704 Euclid Ave,Lexington,KY,40502,8596873260,38.0306743,-84.4929085,,True,active,Returned by Kroger official Locations API on 2026-09-01,Kroger official Locations API,2026-09-01T20:17:21.472587+00:00,41
02400768,Kroger - Meadowthorpe SC,KROGER,1600 Leestown Rd,Lexington,KY,40511,8592590933,38.0653327,-84.5271941,,True,active,Returned by Kroger official Locations API on 2026-09-01,Kroger official Locations API,2026-09-01T20:17:21.472587+00:00,51
02400371,Kroger - Millpond Center,KROGER,3650 Boston Rd,Lexington,KY,40514,8592238088,37.9790016,-84.5501227,,True,active,Returned by Kroger official Locations API on 2026-09-01,Kroger official Locations API,2026-09-01T20:17:21.472587+00:00,34
02400352,Kroger - Regency Center,KROGER,150 W Lowry Ln Ste 190,Lexington,KY,40503,8592786228,38.0064996,-84.5217367,,True,active,Returned by Kroger official Locations API on 2026-09-01,Kroger official Locations API,2026-09-01T20:17:21.472587+00:00,44
02400347,Kroger - Tates Creek,KROGER,4101 Tates Creek Centre Dr,Lexington,KY,40517,8592731100,37.9705806,-84.4986704,,True,active,Returned by Kroger official Locations API on 2026-09-01,Kroger official Locations API,2026-09-01T20:17:21.472587+00:00,43
02400767,Kroger Marketplace - Beaumont Centre,KROGER,3175 Beaumont Centre Cir,Lexington,KY,40513,8592191091,38.0228609,-84.5592469,,True,active,Returned by Kroger official Locations API on 2026-09-01,Kroger official Locations API,2026-09-01T20:17:21.472587+00:00,40
02400407,Kroger Marketplace - Man-O-War,KROGER,3101 Richmond Rd,Lexington,KY,40509,8592686006,38.003241,-84.444936,,True,active,Returned by Kroger official Locations API on 2026-09-01,Kroger official Locations API,2026-09-01T20:17:21.472587+00:00,59
02400797,Kroger Marketplace - Newtown Springs Marketplace,KROGER,760 Newtown Springs Dr,Lexington,KY,40511,8594028625,38.0819078,-84.488239,,True,active,Returned by Kroger official Locations API on 2026-09-01,Kroger official Locations API,2026-09-01T20:17:21.472587+00:00,50
02400331,Kroger - Laurel Plaza,KROGER,1805 N Main St,London,KY,40741,6068644311,37.1387268,-84.1001766,,True,active,Returned by Kroger official Locations API on 2026-09-01,Kroger official Locations API,2026-09-01T20:17:21.472587+00:00,22
02400409,Kroger - London Marketplace,KROGER,1732 Highway 192 W,London,KY,40741,6068781254,37.1068358,-84.0902733,,True,active,Returned by Kroger official Locations API on 2026-09-01,Kroger official Locations API,2026-09-01T20:17:21.472587+00:00,29
540FC214,Kroger - - Louisville Spoke,KROGER,4325 Robards Ln,Louisville,KY,40218,9999999999,38.19714,-85.690893,,True,active,Returned by Kroger official Locations API on 2026-09-01,Kroger official Locations API,2026-09-01T20:17:21.472587+00:00,0
02400350,Kroger - Auburndale,KROGER,5533 New Cut Rd,Louisville,KY,40214,5023617446,38.1445097,-85.7734632,,True,active,Returned by Kroger official Locations API on 2026-09-01,Kroger official Locations API,2026-09-01T20:17:21.472587+00:00,46
02400502,Kroger - Ballardsville Kroger,KROGER,10010 Ballardsville Rd,Louisville,KY,40241,5023573500,38.3149495,-85.559538,,True,active,Returned by Kroger official Locations API on 2026-09-01,Kroger official Locations API,2026-09-01T20:17:21.472587+00:00,46
02400729,Kroger - Bashford Manor,KROGER,3616 Buechel Byp,Louisville,KY,40218,5024566522,38.1981914,-85.6636624,,True,active,Returned by Kroger official Locations API on 2026-09-01,Kroger official Locations API,2026-09-01T20:17:21.472587+00:00,36
02400327,Kroger - Broadway,KROGER,2710 W Broadway,Louisville,KY,40211,5027783346,38.2485162,-85.7969256,,True,active,Returned by Kroger official Locations API on 2026-09-01,Kroger official Locations API,2026-09-01T20:17:21.472587+00:00,34
02400360,Kroger - Cedar Springs,KROGER,6900 Bardstown Rd,Louisville,KY,40291,5022392115,38.146193,-85.5879364,,True,active,Returned by Kroger official Locations API on 2026-09-01,Kroger official Locations API,2026-09-01T20:17:21.472587+00:00,37
02400752,Kroger - Central Station,KROGER,3165 S 2Nd St,Louisville,KY,40208,5023686075,38.2025911,-85.7613734,,True,active,Returned by Kroger official Locations API on 2026-09-01,Kroger official Locations API,2026-09-01T20:17:21.472587+00:00,36
02400224,Kroger - Cliftboro Plaza,KROGER,2200 Brownsboro Rd,Louisville,KY,40206,5028971133,38.257894,-85.7042945,,True,active,Returned by Kroger official Locations API on 2026-09-01,Kroger official Locations API,2026-09-01T20:17:21.472587+00:00,36
02400376,Kroger - Festival On The Court,KROGER,4501 Outer Loop,Louisville,KY,40219,5029692855,38.1399491,-85.6795056,,True,active,Returned by Kroger official Locations API on 2026-09-01,Kroger official Locations API,2026-09-01T20:17:21.472587+00:00,31
02400753,Kroger - Germantown Square SC,KROGER,1265 Goss Ave,Louisville,KY,40217,5026340724,38.226478,-85.730608,,True,active,Returned by Kroger official Locations API on 2026-09-01,Kroger official Locations API,2026-09-01T20:17:21.472587+00:00,47
02400339,Kroger - Highlands Kroger,KROGER,2440 Bardstown Rd,Louisville,KY,40205,5024599805,38.22326,-85.68745,,True,active,Returned by Kroger official Locations API on 2026-09-01,Kroger official Locations API,2026-09-01T20:17:21.472587+00:00,46
02400186,Kroger - Holiday Manor Shopping Center,KROGER,2219 Holiday Manor Ctr,Louisville,KY,40222,5024256960,38.2839231,-85.6306183,,True,active,Returned by Kroger official Locations API on 2026-09-01,Kroger official Locations API,2026-09-01T20:17:21.472587+00:00,46
02400365,Kroger - Louisville,KROGER,6745 Beulah Church Rd,Louisville,KY,40228,5023570900,38.12007,-85.61221,,True,active,Returned by Kroger official Locations API on 2026-09-01,Kroger official Locations API,2026-09-01T20:17:21.472587+00:00,47
02400346,Kroger - McMahan Plaza,KROGER,3039 Breckenridge Ln,Louisville,KY,40220,5024526445,38.217455,-85.626244,,True,active,Returned by Kroger official Locations API on 2026-09-01,Kroger official Locations API,2026-09-01T20:17:21.472587+00:00,51
02400763,Kroger - N 35th St,KROGER,520 N 35Th St,Louisville,KY,40212,5027763713,38.2703515,-85.805585,,True,active,Returned by Kroger official Locations API on 2026-09-01,Kroger official Locations API,2026-09-01T20:17:21.472587+00:00,38
02400309,Kroger - Plainview Village,KROGER,9812 Linn Station Rd,Louisville,KY,40223,5024230943,38.2259742,-85.5761691,,True,active,Returned by Kroger official Locations API on 2026-09-01,Kroger official Locations API,2026-09-01T20:17:21.472587+00:00,33
02400292,Kroger - Pleasure Ridge Plaza,KROGER,7509 Terry Rd,Louisville,KY,40258,5029358954,38.1425588,-85.8702299,,True,active,Returned by Kroger official Locations API on 2026-09-01,Kroger official Locations API,2026-09-01T20:17:21.472587+00:00,31
02400400,Kroger - Poplar Level,KROGER,4009 Poplar Level Rd,Louisville,KY,40213,5024543914,38.2020235,-85.7077707,,True,active,Returned by Kroger official Locations API on 2026-09-01,Kroger official Locations API,2026-09-01T20:17:21.472587+00:00,29
02400739,Kroger - Shops of Forest Springs,KROGER,12450 La Grange Rd,Louisville,KY,40245,5022411311,38.290685,-85.508474,,True,active,Returned by Kroger official Locations API on 2026-09-01,Kroger official Locations API,2026-09-01T20:17:21.472587+00:00,41
02400366,Kroger - Southgate,KROGER,5001 Mud Ln,Louisville,KY,40229,5029627744,38.0892166,-85.6706097,,True,active,Returned by Kroger official Locations API on 2026-09-01,Kroger official Locations API,2026-09-01T20:17:21.472587+00:00,35
02400707,Kroger - Springhurst,KROGER,9440 Brownsboro Rd,Louisville,KY,40241,5024258542,38.3053948,-85.5751607,,True,active,Returned by Kroger official Locations API on 2026-09-01,Kroger official Locations API,2026-09-01T20:17:21.472587+00:00,45
02400379,Kroger - Stony Brook,KROGER,9080 Taylorsville Rd,Louisville,KY,40299,5024918805,38.212642,-85.591978,,True,active,Returned by Kroger official Locations API on 2026-09-01,Kroger official Locations API,2026-09-01T20:17:21.472587+00:00,46
02400743,Kroger - Tyler Center,KROGER,12611 Taylorsville Rd Ste 102,Louisville,KY,40299,5022610251,38.1887948,-85.5190563,,True,active,Returned by Kroger official Locations API on 2026-09-01,Kroger official Locations API,2026-09-01T20:17:21.472587+00:00,40
02400780,Kroger - Valley Commons,KROGER,10645 Dixie Hwy,Louisville,KY,40272,5029375205,38.098672,-85.8696973,,True,active,Returned by Kroger official Locations API on 2026-09-01,Kroger official Locations API,2026-09-01T20:17:21.472587+00:00,38
02400764,Kroger - Westport Plaza,KROGER,9501 Westport Rd,Louisville,KY,40241,5024250065,38.2883838,-85.5745714,,True,active,Returned by Kroger official Locations API on 2026-09-01,Kroger official Locations API,2026-09-01T20:17:21.472587+00:00,38
02400785,Kroger Marketplace - Kroger Marketplace Dixie Hwy,KROGER,4915A Dixie Hwy,Louisville,KY,40216,5024488215,38.167742,-85.826118,,True,active,Returned by Kroger official Locations API on 2026-09-01,Kroger official Locations API,2026-09-01T20:17:21.472587+00:00,48
02400563,Kroger - Island Ford Shops,KROGER,545 Island Ford Rd,Madisonville,KY,42431,2708211059,37.3495886,-87.4898361,,True,active,Returned by Kroger official Locations API on 2026-09-01,Kroger official Locations API,2026-09-01T20:17:21.472587+00:00,30
01400420,Kroger - Maysville,KROGER,381 Market Square Dr,Maysville,KY,41056,6069563140,38.626588,-83.790516,,True,active,Returned by Kroger official Locations API on 2026-09-01,Kroger official Locations API,2026-09-01T20:17:21.472587+00:00,43
02400355,Kroger - Village Square,KROGER,515 N 12Th St,Middlesboro,KY,40965,6062483410,36.613695,-83.7048852,,True,active,Returned by Kroger official Locations API on 2026-09-01,Kroger official Locations API,2026-09-01T20:17:21.472587+00:00,24
02400356,Kroger - Eastgate SC,KROGER,12501 Shelbyville Rd,Middletown,KY,40243,5022447957,38.245021,-85.520782,,True,active,Returned by Kroger official Locations API on 2026-09-01,Kroger official Locations API,2026-09-01T20:17:21.472587+00:00,52
02400734,Kroger - Trademore Center,KROGER,300 Kroger CTR,Morehead,KY,40351,6067847529,38.1920522,-83.4852587,,True,active,Returned by Kroger official Locations API on 2026-09-01,Kroger official Locations API,2026-09-01T20:17:21.472587+00:00,42
02400712,Kroger - Indian Mound Dr,KROGER,810 Indian Mound Dr,Mount Sterling,KY,40353,8594974314,38.061095,-83.953677,,True,active,Returned by Kroger official Locations API on 2026-09-01,Kroger official Locations API,2026-09-01T20:17:21.472587+00:00,32
02400758,Kroger - Eastbrooke Pkwy,KROGER,234 Eastbrooke Pkwy,Mount Washington,KY,40047,5025381240,38.0566759,-85.5369129,,True,active,Returned by Kroger official Locations API on 2026-09-01,Kroger official Locations API,2026-09-01T20:17:21.472587+00:00,42
02500435,Kroger - Murray,KROGER,808 N 12Th St,Murray,KY,42071,2707593021,36.6250487,-88.3128289,,True,active,Returned by Kroger official Locations API on 2026-09-01,Kroger official Locations API,2026-09-01T20:17:21.472587+00:00,27
01400473,Kroger - Newport,KROGER,20 W 6th St,Newport,KY,41071,8596632260,39.0894902,-84.494807,,True,active,Returned by Kroger official Locations API on 2026-09-01,Kroger official Locations API,2026-09-01T20:17:21.472587+00:00,39
01400423,Kroger Marketplace - I-471 Memorial Pkwy Carothers Rd,KROGER,130 Pavilion Pkwy,Newport,KY,41071,8592925640,39.0902737,-84.4783988,,True,active,Returned by Kroger official Locations API on 2026-09-01,Kroger official Locations API,2026-09-01T20:17:21.472587+00:00,56
02400708,Kroger - Bellerive Plaza,KROGER,170 Bellerive Blvd,Nicholasville,KY,40356,8592191058,37.984358,-84.589651,,True,active,Returned by Kroger official Locations API on 2026-09-01,Kroger official Locations API,2026-09-01T20:17:21.472587+00:00,33
02400766,Kroger - Brannon Crossing,KROGER,200 E Brannon Rd,Nicholasville,KY,40356,8599714300,37.9545949,-84.5362087,,True,active,Returned by Kroger official Locations API on 2026-09-01,Kroger official Locations API,2026-09-01T20:17:21.472587+00:00,40
02400713,Kroger - Kimberly Square,KROGER,995 S Main St,Nicholasville,KY,40356,8598871201,37.8656145,-84.5810068,,True,active,Returned by Kroger official Locations API on 2026-09-01,Kroger official Locations API,2026-09-01T20:17:21.472587+00:00,35
02400336,Kroger - Commerce Plaza,KROGER,2308 Highway 144,Owensboro,KY,42303,2709261433,37.7786262,-87.0805567,,True,active,Returned by Kroger official Locations API on 2026-09-01,Kroger official Locations API,2026-09-01T20:17:21.472587+00:00,22
02400718,Kroger - Starlite Drive,KROGER,1670 Starlite Dr,Owensboro,KY,42301,2709261607,37.7543167,-87.1507249,,True,active,Returned by Kroger official Locations API on 2026-09-01,Kroger official Locations API,2026-09-01T20:17:21.472587+00:00,34
02400770,Kroger - Wesleyan Park Plaza,KROGER,2630 Frederica St,Owensboro,KY,42301,2706849411,37.7502708,-87.1138636,,True,active,Returned by Kroger official Locations API on 2026-09-01,Kroger official Locations API,2026-09-01T20:17:21.472587+00:00,39
02500250,Kroger - Hannan Plaza,KROGER,501 Lone Oak Rd,Paducah,KY,42003,2704438806,37.0630583,-88.6408623,,True,active,Returned by Kroger official Locations API on 2026-09-01,Kroger official Locations API,2026-09-01T20:17:21.472587+00:00,17
02500338,Kroger - Paducah - Southside,KROGER,3275 Irvin Cobb Dr,Paducah,KY,42003,2704422043,37.0513042,-88.5701865,,True,active,Returned by Kroger official Locations API on 2026-09-01,Kroger official Locations API,2026-09-01T20:17:21.472587+00:00,21
02500414,Kroger - Park Ave,KROGER,3141 Park Ave,Paducah,KY,42001,2704440596,37.0857824,-88.6464939,,True,active,Returned by Kroger official Locations API on 2026-09-01,Kroger official Locations API,2026-09-01T20:17:21.472587+00:00,22
02400873,Kroger - Copper Creek SC,KROGER,100 Copper Creek Dr,Powderly,KY,42367,2703386661,37.2329598,-87.1609475,,True,active,Returned by Kroger official Locations API on 2026-09-01,Kroger official Locations API,2026-09-01T20:17:21.472587+00:00,20
02400389,Kroger - Prospect Village,KROGER,5929 Timber Ridge Dr,Prospect,KY,40059,5022922464,38.3401873,-85.6213966,,True,active,Returned by Kroger official Locations API on 2026-09-01,Kroger official Locations API,2026-09-01T20:17:21.472587+00:00,50
02400705,Kroger Marketplace - Richmond Plaza,KROGER,890 Richmond Plz,Richmond,KY,40475,8596241092,37.7313245,-84.2739544,,True,active,Returned by Kroger official Locations API on 2026-09-01,Kroger official Locations API,2026-09-01T20:17:21.472587+00:00,54
02400900,Kroger - Northridge,KROGER,181 S Highway 127,Russell Springs,KY,42642,2702167007,37.0636421,-85.0716963,,True,active,Returned by Kroger official Locations API on 2026-09-01,Kroger official Locations API,2026-09-01T20:17:21.472587+00:00,31
02400387,Kroger - Woodlawn SC,KROGER,291 N Hubbards Ln Ste 130,Saint Matthews,KY,40207,5028958332,38.2584937,-85.6367782,,True,active,Returned by Kroger official Locations API on 2026-09-01,Kroger official Locations API,2026-09-01T20:17:21.472587+00:00,44
02400777,Kroger Marketplace - Hi-Point SC,KROGER,311 Boone Station Rd,Shelbyville,KY,40065,5026331625,38.2157434,-85.2063739,,True,active,Returned by Kroger official Locations API on 2026-09-01,Kroger official Locations API,2026-09-01T20:17:21.472587+00:00,58
02400728,Kroger - Shepherds Crossing,KROGER,185 Adam Shepherd Pkwy,Shepherdsville,KY,40165,5025437242,37.9917289,-85.7107807,,True,active,Returned by Kroger official Locations API on 2026-09-01,Kroger official Locations API,2026-09-01T20:17:21.472587+00:00,34
02400757,Kroger - Tradewinds SC,KROGER,181 S Highway 27,Somerset,KY,42501,6066785147,37.0908091,-84.619284,,True,active,Returned by Kroger official Locations API on 2026-09-01,Kroger official Locations API,2026-09-01T20:17:21.472587+00:00,31
02400745,Kroger Marketplace - Kroger Marketplace Stonegate Ctr,KROGER,50 Stonegate Ctr,Somerset,KY,42501,6066780202,37.05772,-84.626986,,True,active,Returned by Kroger official Locations API on 2026-09-01,Kroger official Locations API,2026-09-01T20:17:21.472587+00:00,53
02400411,Kroger - W College Ave,KROGER,179 W College Ave,Stanton,KY,40380,6066632873,37.8443276,-83.8617452,,True,active,Returned by Kroger official Locations API on 2026-09-01,Kroger official Locations API,2026-09-01T20:17:21.472587+00:00,24
01400454,Kroger Marketplace - Union Marketplace,KROGER,9001 US Highway 42,Union,KY,41091,8593349400,38.962402,-84.67646,,True,active,Returned by Kroger official Locations API on 2026-09-01,Kroger official Locations API,2026-09-01T20:17:21.472587+00:00,40
02400774,Kroger Marketplace - Versailles Marketplace,KROGER,212 Kroger Way,Versailles,KY,40383,8598737704,38.052959,-84.711332,,True,active,Returned by Kroger official Locations API on 2026-09-01,Kroger official Locations API,2026-09-01T20:17:21.472587+00:00,61
01400367,Kroger Marketplace - Walton KY Marketplace,KROGER,635 Chestnut Dr,Walton,KY,41094,8593790023,38.856209,-84.616966,,True,active,Returned by Kroger official Locations API on 2026-09-01,Kroger official Locations API,2026-09-01T20:17:21.472587+00:00,59
02400916,Kroger - Kroger Whitley City,KROGER,1187 N Highway 27,Whitley City,KY,42653,6065882000,36.7392776,-84.4739834,,True,active,Returned by Kroger official Locations API on 2026-09-01,Kroger official Locations API,2026-09-01T20:17:21.472587+00:00,23
02400402,Kroger - Bypass Rd Hwy 1958,KROGER,1661 Bypass Rd,Winchester,KY,40391,8597454959,37.994292,-84.2178122,,True,active,Returned by Kroger official Locations API on 2026-09-01,Kroger official Locations API,2026-09-01T20:17:21.472587+00:00,47
03500381,Kroger - Alex,KROGER,1422 Macarthur Dr,Alexandria,LA,71301,3184421851,31.2825225,-92.4765546,,True,active,Returned by Kroger official Locations API on 2026-09-01,Kroger official Locations API,2026-09-01T20:17:21.472587+00:00,33
03500534,Kroger Marketplace - Airline,KROGER,1050 George Dement Blvd,Bossier City,LA,71111,3187471424,32.550501,-93.706843,,True,active,Returned by Kroger official Locations API on 2026-09-01,Kroger official Locations API,2026-09-01T20:17:21.472587+00:00,50
03400394,Kroger - Country Club,KROGER,2010 Country Club Rd,Lake Charles,LA,70605,3379904901,30.1709295,-93.2515125,,True,active,Returned by Kroger official Locations API on 2026-09-01,Kroger official Locations API,2026-09-01T20:17:21.472587+00:00,48
03500539,Kroger - Bayou Walk,KROGER,6652 Youree Dr,Shreveport,LA,71105,3187959944,32.4447117,-93.7219479,,True,active,Returned by Kroger official Locations API on 2026-09-01,Kroger official Locations API,2026-09-01T20:17:21.472587+00:00,39
03500427,Kroger - Canterbury Square,KROGER,9155 Mansfield Rd,Shreveport,LA,71118,3186882010,32.4038478,-93.8007706,,True,active,Returned by Kroger official Locations API on 2026-09-01,Kroger official Locations API,2026-09-01T20:17:21.472587+00:00,34
03500533,Kroger Marketplace - Shreveport Marketplace,KROGER,9484 Ellerbe Rd Ste 100,Shreveport,LA,71106,3185176972,32.393817,-93.728832,,True,active,Returned by Kroger official Locations API on 2026-09-01,Kroger official Locations API,2026-09-01T20:17:21.472587+00:00,42
03400747,Kroger - Sulphur Store,KROGER,1421 Beglis Pkwy,Sulphur,LA,70663,3375289913,30.226548,-93.3610573,,True,active,Returned by Kroger official Locations API on 2026-09-01,Kroger official Locations API,2026-09-01T20:17:21.472587+00:00,36
01800450,Kroger - Algonac,KROGER,2600 Pointe Tremble Rd,Algonac,MI,48001,8106714001,42.6177818,-82.5484643,,True,active,Returned by Kroger official Locations API on 2026-09-01,Kroger official Locations API,2026-09-01T20:17:21.472587+00:00,27
01800605,Kroger - Plymouth Nixon,KROGER,2641 Plymouth Rd,Ann Arbor,MI,48105,7349940600,42.304858,-83.70905,,True,active,Returned by Kroger official Locations API on 2026-09-01,Kroger official Locations API,2026-09-01T20:17:21.472587+00:00,38
01800365,Kroger - Washtenaw,KROGER,3615 Washtenaw Ave,Ann Arbor,MI,48104,7342745390,42.2582623,-83.6888212,,True,active,Returned by Kroger official Locations API on 2026-09-01,Kroger official Locations API,2026-09-01T20:17:21.472587+00:00,34
01800688,Kroger - Westgate,KROGER,400 S Maple Rd,Ann Arbor,MI,48103,7342132340,42.27757,-83.78211,,True,active,Returned by Kroger official Locations API on 2026-09-01,Kroger official Locations API,2026-09-01T20:17:21.472587+00:00,38
01800424,Kroger - Bay City,KROGER,945 N Euclid Ave,Bay City,MI,48706,9896863590,43.6147184,-83.9164824,,True,active,Returned by Kroger official Locations API on 2026-09-01,Kroger official Locations API,2026-09-01T20:17:21.472587+00:00,26
01800685,Kroger - Birmingham,KROGER,685 E Maple Rd,Birmingham,MI,48009,2487231151,42.5472653,-83.2105627,,True,active,Returned by Kroger official Locations API on 2026-09-01,Kroger official Locations API,2026-09-01T20:17:21.472587+00:00,33
01800656,Kroger Fresh Fare - Bloomfield Plaza,KROGER,4099 Telegraph Rd,Bloomfield Hills,MI,48302,2486472204,42.5804088,-83.2792701,,True,active,Returned by Kroger official Locations API on 2026-09-01,Kroger official Locations API,2026-09-01T20:17:21.472587+00:00,15
01800440,Kroger Fresh Fare - Maple Lasher,KROGER,3600 W Maple Rd,Bloomfield Hills,MI,48301,2485300302,42.5464177,-83.2624994,,True,active,Returned by Kroger official Locations API on 2026-09-01,Kroger official Locations API,2026-09-01T20:17:21.472587+00:00,30
01800437,Kroger - Bridgeport,KROGER,6370 Dixie Hwy,Bridgeport,MI,48722,9897770881,43.3530576,-83.8711356,,True,active,Returned by Kroger official Locations API on 2026-09-01,Kroger official Locations API,2026-09-01T20:17:21.472587+00:00,15
01800638,Kroger - Brighton,KROGER,9968 E Grand River Ave,Brighton,MI,48116,8102256200,42.5194418,-83.7625783,,True,active,Returned by Kroger official Locations API on 2026-09-01,Kroger official Locations API,2026-09-01T20:17:21.472587+00:00,39
01800458,Kroger - Brownstown,KROGER,23849 West Rd,Brownstown,MI,48134,7345611205,42.136546,-83.264245,,True,active,Returned by Kroger official Locations API on 2026-09-01,Kroger official Locations API,2026-09-01T20:17:21.472587+00:00,34
01800708,Kroger - Gibraltar,KROGER,20645 Gibraltar Rd,Brownstown TWP,MI,48183,7346750451,42.093487,-83.2345789,,True,active,Returned by Kroger official Locations API on 2026-09-01,Kroger official Locations API,2026-09-01T20:17:21.472587+00:00,41
01800406,Kroger - Burton,KROGER,1200 E Bristol Rd,Burton,MI,48529,8102346863,42.9731275,-83.6864506,,True,active,Returned by Kroger official Locations API on 2026-09-01,Kroger official Locations API,2026-09-01T20:17:21.472587+00:00,31
01800671,Kroger - Canton,KROGER,1905 N Canton Center Rd,Canton,MI,48187,7348448910,42.3194296,-83.4918564,,True,active,Returned by Kroger official Locations API on 2026-09-01,Kroger official Locations API,2026-09-01T20:17:21.472587+00:00,38
01800703,Kroger - Michigan Canton,KROGER,45540 Michigan Ave,Canton,MI,48188,7343972368,42.2742085,-83.4882238,,True,active,Returned by Kroger official Locations API on 2026-09-01,Kroger official Locations API,2026-09-01T20:17:21.472587+00:00,37
01800709,Kroger - Davisburg,KROGER,9741 Dixie Hwy,Clarkston,MI,48348,2489220416,42.7571904,-83.483433,,True,active,Returned by Kroger official Locations API on 2026-09-01,Kroger official Locations API,2026-09-01T20:17:21.472587+00:00,32
01800620,Kroger - Dixie Maybee,KROGER,6625 Dixie Hwy,Clarkston,MI,48346,2486208700,42.716825,-83.416074,,True,active,Returned by Kroger official Locations API on 2026-09-01,Kroger official Locations API,2026-09-01T20:17:21.472587+00:00,35
01800651,Kroger - Sashabaw,KROGER,5990 Sashabaw Rd,Clarkston,MI,48346,2489223164,42.7223064,-83.3760863,,True,active,Returned by Kroger official Locations API on 2026-09-01,Kroger official Locations API,2026-09-01T20:17:21.472587+00:00,35
01800528,Kroger - Garfield,KROGER,41941 Garfield Rd,Clinton Township,MI,48038,5862639555,42.6049501,-82.9547929,,True,active,Returned by Kroger official Locations API on 2026-09-01,Kroger official Locations API,2026-09-01T20:17:21.472587+00:00,43
01800634,Kroger - Commerce Township,KROGER,47060 W Pontiac Trl,Commerce Township,MI,48390,2489607730,42.5264004,-83.5148759,,True,active,Returned by Kroger official Locations API on 2026-09-01,Kroger official Locations API,2026-09-01T20:17:21.472587+00:00,38
01800729,Kroger - Commerce Twp,KROGER,2905 Union Lake Rd,Commerce Township,MI,48382,2487796200,42.594102,-83.443958,,True,active,Returned by Kroger official Locations API on 2026-09-01,Kroger official Locations API,2026-09-01T20:17:21.472587+00:00,43
01800363,Kroger - Fourteen Mile,KROGER,39950 W 14 Mile Rd,Commerce Township,MI,48390,2483136620,42.5277096,-83.440608,,True,active,Returned by Kroger official Locations API on 2026-09-01,Kroger official Locations API,2026-09-01T20:17:21.472587+00:00,35
01800714,Kroger - Davison,KROGER,700 N State Rd,Davison,MI,48423,8106534175,43.036342,-83.516262,,True,active,Returned by Kroger official Locations API on 2026-09-01,Kroger official Locations API,2026-09-01T20:17:21.472587+00:00,34
01800443,Kroger - Eastborn,KROGER,15255 Michigan Ave,Dearborn,MI,48126,3138274022,42.3156052,-83.1921151,,True,active,Returned by Kroger official Locations API on 2026-09-01,Kroger official Locations API,2026-09-01T20:17:21.472587+00:00,27
01800697,Kroger - Westborn,KROGER,23303 Michigan Ave,Dearborn,MI,48124,3135621762,42.3007844,-83.2619363,,True,active,Returned by Kroger official Locations API on 2026-09-01,Kroger official Locations API,2026-09-01T20:17:21.472587+00:00,46
01800441,Kroger - Dearborn Heights,KROGER,26400 Ford Rd,Dearborn Heights,MI,48127,3138273715,42.3290109,-83.300081,,True,active,Returned by Kroger official Locations API on 2026-09-01,Kroger official Locations API,2026-09-01T20:17:21.472587+00:00,31
01800577,Kroger - Dundee,KROGER,571 E Monroe St,Dundee,MI,48131,7345293242,41.9534377,-83.6416822,,True,active,Returned by Kroger official Locations API on 2026-09-01,Kroger official Locations API,2026-09-01T20:17:21.472587+00:00,29
01800890,Kroger - East Lansing,KROGER,1550 W Lake Lansing Rd,East Lansing,MI,48823,5173519361,42.7623119,-84.5051057,,True,active,Returned by Kroger official Locations API on 2026-09-01,Kroger official Locations API,2026-09-01T20:17:21.472587+00:00,37
01800635,Kroger - Essexville,KROGER,2910 Center Ave,Essexville,MI,48732,9898928037,43.5928971,-83.8463583,,True,active,Returned by Kroger official Locations API on 2026-09-01,Kroger official Locations API,2026-09-01T20:17:21.472587+00:00,30
01800661,Kroger - 11 Middlebelt,KROGER,25780 Middlebelt Rd,Farmington Hills,MI,48336,2484714444,42.483617,-83.337053,,True,active,Returned by Kroger official Locations API on 2026-09-01,Kroger official Locations API,2026-09-01T20:17:21.472587+00:00,29
01800619,Kroger - Halstead Village,KROGER,37550 W 12 Mile Rd,Farmington Hills,MI,48331,2484893170,42.4992821,-83.4187962,,True,active,Returned by Kroger official Locations API on 2026-09-01,Kroger official Locations API,2026-09-01T20:17:21.472587+00:00,31
01800416,Kroger - Fenton,KROGER,15100 Silver Pkwy,Fenton,MI,48430,8102082200,42.802738,-83.736167,,True,active,Returned by Kroger official Locations API on 2026-09-01,Kroger official Locations API,2026-09-01T20:17:21.472587+00:00,42
01800642,Kroger - Royal Oak Twp,KROGER,8920 W 8 Mile Rd,Ferndale,MI,48220,2484143790,42.446835,-83.15995,,True,active,Returned by Kroger official Locations API on 2026-09-01,Kroger official Locations API,2026-09-01T20:17:21.472587+00:00,25
01800404,Kroger - Carmen,KROGER,G3288 Corunna Rd,Flint,MI,48532,8102356435,43.0027954,-83.7443797,,True,active,Returned by Kroger official Locations API on 2026-09-01,Kroger official Locations API,2026-09-01T20:17:21.472587+00:00,18
01800413,Kroger - Corunna Dye,KROGER,5249 Corunna Rd,Flint,MI,48532,8107320130,43.0004423,-83.7820033,,True,active,Returned by Kroger official Locations API on 2026-09-01,Kroger official Locations API,2026-09-01T20:17:21.472587+00:00,26
01800115,Kroger - Richfield Center,KROGER,3838 Richfield Rd,Flint,MI,48506,8107360320,43.049785,-83.636507,,True,active,Returned by Kroger official Locations API on 2026-09-01,Kroger official Locations API,2026-09-01T20:17:21.472587+00:00,24
01800419,Kroger - Flushing,KROGER,1542 E Pierson Rd,Flushing,MI,48433,8106593121,43.0591364,-83.8154509,,True,active,Returned by Kroger official Locations API on 2026-09-01,Kroger official Locations API,2026-09-01T20:17:21.472587+00:00,32
01800436,Kroger - Frankenmuth,KROGER,435 N Main St,Frankenmuth,MI,48734,9896522621,43.3405065,-83.7365319,,True,active,Returned by Kroger official Locations API on 2026-09-01,Kroger official Locations API,2026-09-01T20:17:21.472587+00:00,28
01800409,Kroger - Grand Blanc,KROGER,12731 S Saginaw St,Grand Blanc,MI,48439,8106956384,42.9201229,-83.618802,,True,active,Returned by Kroger official Locations API on 2026-09-01,Kroger official Locations API,2026-09-01T20:17:21.472587+00:00,41
01800415,Kroger Fresh Fare - Grosse Ile,KROGER,8999 Macomb St,Grosse Ile,MI,48138,7346752070,42.129994,-83.157607,,True,active,Returned by Kroger official Locations API on 2026-09-01,Kroger official Locations API,2026-09-01T20:17:21.472587+00:00,27
01800784,Kroger - Grosse Pointe,KROGER,16919 Kercheval Ave,Grosse Pointe Park,MI,48230,3138846035,42.389913,-82.917489,,True,active,Returned by Kroger official Locations API on 2026-09-01,Kroger official Locations API,2026-09-01T20:17:21.472587+00:00,27
01800454,Kroger Fresh Fare - Grosse Pointe Woods,KROGER,20422 Mack Ave,Grosse Pointe Woods,MI,48236,3133081035,42.439152,-82.907046,,True,active,Returned by Kroger official Locations API on 2026-09-01,Kroger official Locations API,2026-09-01T20:17:21.472587+00:00,35
01800710,Kroger - Harper Woods,KROGER,20903 Harper Ave,Harper Woods,MI,48225,3136420823,42.4497882,-82.9158888,,True,active,Returned by Kroger official Locations API on 2026-09-01,Kroger official Locations API,2026-09-01T20:17:21.472587+00:00,31
01800622,Kroger - Metro Crocker,KROGER,26300 Crocker Blvd,Harrison Township,MI,48045,5869540400,42.5700342,-82.850733,,True,active,Returned by Kroger official Locations API on 2026-09-01,Kroger official Locations API,2026-09-01T20:17:21.472587+00:00,25
01800447,Kroger - Hazel Park,KROGER,23101 John R Rd,Hazel Park,MI,48030,2486581641,42.4628285,-83.105622,,True,active,Returned by Kroger official Locations API on 2026-09-01,Kroger official Locations API,2026-09-01T20:17:21.472587+00:00,41
01800681,Kroger - Hillsdale,KROGER,290 W Carleton Rd,Hillsdale,MI,49242,5174390800,41.9324691,-84.6433033,,True,active,Returned by Kroger official Locations API on 2026-09-01,Kroger official Locations API,2026-09-01T20:17:21.472587+00:00,31
01800887,Kroger - Holt,KROGER,2495 Cedar St,Holt,MI,48842,5176944119,42.6542682,-84.5342633,,True,active,Returned by Kroger official Locations API on 2026-09-01,Kroger official Locations API,2026-09-01T20:17:21.472587+00:00,29
01800444,Kroger - Hartland,KROGER,10059 E Highland Rd,Howell,MI,48843,8109912350,42.6350517,-83.7542589,,True,active,Returned by Kroger official Locations API on 2026-09-01,Kroger official Locations API,2026-09-01T20:17:21.472587+00:00,31
01800720,Kroger - Howell,KROGER,108 W Highland Rd,Howell,MI,48843,5175520126,42.6243613,-83.9274952,,True,active,Returned by Kroger official Locations API on 2026-09-01,Kroger official Locations API,2026-09-01T20:17:21.472587+00:00,34
01800465,Kroger - Imlay City,KROGER,1821 S Cedar St,Imlay City,MI,48444,8107213260,43.0121413,-83.0696902,,True,active,Returned by Kroger official Locations API on 2026-09-01,Kroger official Locations API,2026-09-01T20:17:21.472587+00:00,33
01800680,Kroger - Jackson,KROGER,1100 W Argyle St,Jackson,MI,49202,5177885354,42.2635662,-84.4266767,,True,active,Returned by Kroger official Locations API on 2026-09-01,Kroger official Locations API,2026-09-01T20:17:21.472587+00:00,32
01800637,Kroger - Lake Orion,KROGER,460 N Lapeer Rd,Lake Orion,MI,48362,2486930486,42.7900304,-83.2439908,,True,active,Returned by Kroger official Locations API on 2026-09-01,Kroger official Locations API,2026-09-01T20:17:21.472587+00:00,32
01600864,Kroger Marketplace - Bedford Marketplace,KROGER,3462 Sterns Rd,Lambertville,MI,48144,7348544990,41.7509665,-83.6284163,,True,active,Returned by Kroger official Locations API on 2026-09-01,Kroger official Locations API,2026-09-01T20:17:21.472587+00:00,32
01800888,Kroger - Delta,KROGER,6430 W Saginaw Hwy,Lansing,MI,48917,5178861060,42.742644,-84.644243,,True,active,Returned by Kroger official Locations API on 2026-09-01,Kroger official Locations API,2026-09-01T20:17:21.472587+00:00,38
01800852,Kroger - Frandor,KROGER,443 Mall Ct,Lansing,MI,48912,5173322090,42.73851,-84.507486,,True,active,Returned by Kroger official Locations API on 2026-09-01,Kroger official Locations API,2026-09-01T20:17:21.472587+00:00,17
01800884,Kroger - Holmes Logan,KROGER,921 W Holmes Rd,Lansing,MI,48910,5173936622,42.6950021,-84.5652686,,True,active,Returned by Kroger official Locations API on 2026-09-01,Kroger official Locations API,2026-09-01T20:17:21.472587+00:00,27
01800600,Kroger - Lapeer,KROGER,540 S Main St,Lapeer,MI,48446,8106649234,43.0442914,-83.322996,,True,active,Returned by Kroger official Locations API on 2026-09-01,Kroger official Locations API,2026-09-01T20:17:21.472587+00:00,39
01800693,Kroger - Lincoln Park,KROGER,2060 Dix Hwy,Lincoln Park,MI,48146,3133867189,42.2549204,-83.1954836,,True,active,Returned by Kroger official Locations API on 2026-09-01,Kroger official Locations API,2026-09-01T20:17:21.472587+00:00,31
01800618,Kroger - 5 Merriman,KROGER,30935 5 Mile Rd,Livonia,MI,48154,7344211685,42.396646,-83.3484779,,True,active,Returned by Kroger official Locations API on 2026-09-01,Kroger official Locations API,2026-09-01T20:17:21.472587+00:00,31
01800615,Kroger - 8 Farmington,KROGER,33523 8 Mile Rd,Livonia,MI,48152,2484716780,42.4394217,-83.3820762,,True,active,Returned by Kroger official Locations API on 2026-09-01,Kroger official Locations API,2026-09-01T20:17:21.472587+00:00,28
01800684,Kroger - 21 Card,KROGER,21555 21 Mile Rd,Macomb,MI,48044,5864210768,42.64489,-82.898421,,True,active,Returned by Kroger official Locations API on 2026-09-01,Kroger official Locations API,2026-09-01T20:17:21.472587+00:00,44
01800716,Kroger - 26 Mile,KROGER,16450 26 Mile Rd,Macomb,MI,48042,5866778725,42.7141916,-82.9630513,,True,active,Returned by Kroger official Locations API on 2026-09-01,Kroger official Locations API,2026-09-01T20:17:21.472587+00:00,37
01800277,Kroger - Midland,KROGER,2808 Ashman St,Midland,MI,48640,9898358427,43.6245613,-84.2283509,,True,active,Returned by Kroger official Locations API on 2026-09-01,Kroger official Locations API,2026-09-01T20:17:21.472587+00:00,24
01800576,Kroger - Milan,KROGER,531 W Main St,Milan,MI,48160,7344391140,42.0889446,-83.6978522,,True,active,Returned by Kroger official Locations API on 2026-09-01,Kroger official Locations API,2026-09-01T20:17:21.472587+00:00,28
01800526,Kroger - Milford,KROGER,670 Highland Ave,Milford,MI,48381,2486851528,42.5939579,-83.604164,,True,active,Returned by Kroger official Locations API on 2026-09-01,Kroger official Locations API,2026-09-01T20:17:21.472587+00:00,35
01800579,Kroger - Frenchtown,KROGER,3833 N Dixie Hwy,Monroe,MI,48162,7342891070,41.9480062,-83.312852,,True,active,Returned by Kroger official Locations API on 2026-09-01,Kroger official Locations API,2026-09-01T20:17:21.472587+00:00,25
01800578,Kroger - Monroe,KROGER,850 S Monroe St,Monroe,MI,48161,7344575500,41.9088975,-83.4059892,,True,active,Returned by Kroger official Locations API on 2026-09-01,Kroger official Locations API,2026-09-01T20:17:21.472587+00:00,37
01800407,Kroger - Mt Morris,KROGER,7188 N Saginaw Rd,Mount Morris,MI,48458,8106702840,43.1100943,-83.6925448,,True,active,Returned by Kroger official Locations API on 2026-09-01,Kroger official Locations API,2026-09-01T20:17:21.472587+00:00,24
01800724,Kroger - New Baltimore,KROGER,35000 23 Mile Rd,New Baltimore,MI,48047,5867255660,42.6746106,-82.7580919,,True,active,Returned by Kroger official Locations API on 2026-09-01,Kroger official Locations API,2026-09-01T20:17:21.472587+00:00,42
01800361,Kroger - Main Center,KROGER,425 N Center St,Northville,MI,48167,2484684485,42.4352538,-83.4840277,,True,active,Returned by Kroger official Locations API on 2026-09-01,Kroger official Locations API,2026-09-01T20:17:21.472587+00:00,37
01800442,Kroger - Northville,KROGER,17447 Haggerty Rd,Northville,MI,48168,2486623031,42.413294,-83.4355429,,True,active,Returned by Kroger official Locations API on 2026-09-01,Kroger official Locations API,2026-09-01T20:17:21.472587+00:00,38
01800632,Kroger - Novi,KROGER,47650 Grand River Ave,Novi,MI,48374,2483749706,42.4918727,-83.5184812,,True,active,Returned by Kroger official Locations API on 2026-09-01,Kroger official Locations API,2026-09-01T20:17:21.472587+00:00,33
01800751,Kroger - Kroger Oak Park,KROGER,26200 Greenfield Rd,Oak Park,MI,48237,2487218670,42.4841667,-83.2001267,,True,active,Returned by Kroger official Locations API on 2026-09-01,Kroger official Locations API,2026-09-01T20:17:21.472587+00:00,52
01800793,Kroger - Okemos,KROGER,4884 Marsh Rd,Okemos,MI,48864,5173470100,42.7235033,-84.412821,,True,active,Returned by Kroger official Locations API on 2026-09-01,Kroger official Locations API,2026-09-01T20:17:21.472587+00:00,34
01800649,Kroger - Waldon Baldwin,KROGER,3097 S Baldwin Rd,Orion,MI,48359,2483930765,42.734238,-83.305283,,True,active,Returned by Kroger official Locations API on 2026-09-01,Kroger official Locations API,2026-09-01T20:17:21.472587+00:00,28
01800795,Kroger - Owosso,KROGER,1315 E M 21,Owosso,MI,48867,9897291355,42.9997157,-84.1471468,,True,active,Returned by Kroger official Locations API on 2026-09-01,Kroger official Locations API,2026-09-01T20:17:21.472587+00:00,30
01800721,Kroger - Pinckney,KROGER,9700 Chilson Cmns,Pinckney,MI,48169,7342137970,42.4620602,-83.8310417,,True,active,Returned by Kroger official Locations API on 2026-09-01,Kroger official Locations API,2026-09-01T20:17:21.472587+00:00,34
01800364,Kroger - Haggerty,KROGER,15455 N Haggerty Rd,Plymouth,MI,48170,7342592770,42.3974616,-83.4392575,,True,active,Returned by Kroger official Locations API on 2026-09-01,Kroger official Locations API,2026-09-01T20:17:21.472587+00:00,35
01800670,Kroger - Plymouth,KROGER,44525 Ann Arbor Rd W,Plymouth,MI,48170,7344148670,42.3572982,-83.4818476,,True,active,Returned by Kroger official Locations API on 2026-09-01,Kroger official Locations API,2026-09-01T20:17:21.472587+00:00,39
01800515,Kroger - North Port Huron,KROGER,2907 Krafft Rd,Port Huron,MI,48060,8109879820,43.0246414,-82.45429,,True,active,Returned by Kroger official Locations API on 2026-09-01,Kroger official Locations API,2026-09-01T20:17:21.472587+00:00,30
01800715,Kroger - South Port Huron,KROGER,1215 24Th St,Port Huron,MI,48060,8109879420,42.9704268,-82.4549341,,True,active,Returned by Kroger official Locations API on 2026-09-01,Kroger official Locations API,2026-09-01T20:17:21.472587+00:00,26
01800706,Kroger - Richmond,KROGER,66900 Gratiot Ave,Richmond,MI,48062,5867270125,42.7938464,-82.7344365,,True,active,Returned by Kroger official Locations API on 2026-09-01,Kroger official Locations API,2026-09-01T20:17:21.472587+00:00,37
01800650,Kroger - Oakland,KROGER,4888 N Adams Rd,Rochester,MI,48306,2482762541,42.7265318,-83.1992266,,True,active,Returned by Kroger official Locations API on 2026-09-01,Kroger official Locations API,2026-09-01T20:17:21.472587+00:00,35
01800492,Kroger - Rochester Hills,KROGER,65 S Livernois Rd,Rochester Hills,MI,48307,2486524750,42.6803827,-83.1514533,,True,active,Returned by Kroger official Locations API on 2026-09-01,Kroger official Locations API,2026-09-01T20:17:21.472587+00:00,32
540FC010,Kroger - - Detroit Shed,KROGER,15675 Wahrman St,Romulus,MI,48174,,42.1887367,-83.38214,,True,active,Returned by Kroger official Locations API on 2026-09-01,Kroger official Locations API,2026-09-01T20:17:21.472587+00:00,0
01800455,Kroger - 13 Mile Gratiot,KROGER,30851 Gratiot Ave,Roseville,MI,48066,5865413315,42.5235759,-82.9229207,,True,active,Returned by Kroger official Locations API on 2026-09-01,Kroger official Locations API,2026-09-01T20:17:21.472587+00:00,35
01800774,Kroger - 13 Mile Little Mack,KROGER,20891 E 13 Mile Rd,Roseville,MI,48066,5862983850,42.5262881,-82.9053329,,True,active,Returned by Kroger official Locations API on 2026-09-01,Kroger official Locations API,2026-09-01T20:17:21.472587+00:00,45
01800663,Kroger - Frazho Gratiot,KROGER,26130 Gratiot Ave,Roseville,MI,48066,5867768172,42.488056,-82.940795,,True,active,Returned by Kroger official Locations API on 2026-09-01,Kroger official Locations API,2026-09-01T20:17:21.472587+00:00,35
01800743,Kroger Marketplace - Kroger Marketplace - Royal Oak,KROGER,2200 E 12 Mile Rd,Royal Oak,MI,48067,2483971520,42.501614,-83.119294,,True,active,Returned by Kroger official Locations API on 2026-09-01,Kroger official Locations API,2026-09-01T20:17:21.472587+00:00,45
01800738,Kroger - Saginaw Twp,KROGER,4672 State St,Saginaw,MI,48603,9899216221,43.4376584,-84.0090637,,True,active,Returned by Kroger official Locations API on 2026-09-01,Kroger official Locations API,2026-09-01T20:17:21.472587+00:00,40
01800495,Kroger - St Clair Shores,KROGER,23191 Marter Rd,Saint Clair Shores,MI,48080,5867712290,42.460184,-82.883568,,True,active,Returned by Kroger official Locations API on 2026-09-01,Kroger official Locations API,2026-09-01T20:17:21.472587+00:00,37
01800749,Kroger - St Clair Shores on Harper Ave,KROGER,22801 Harper Ave,Saint Clair Shores,MI,48080,5868005200,42.465143,-82.910799,,True,active,Returned by Kroger official Locations API on 2026-09-01,Kroger official Locations API,2026-09-01T20:17:21.472587+00:00,35
01800811,Kroger - St Johns,KROGER,900 S US Highway 27,Saint Johns,MI,48879,9892246841,42.99197,-84.548665,,True,active,Returned by Kroger official Locations API on 2026-09-01,Kroger official Locations API,2026-09-01T20:17:21.472587+00:00,27
01800704,Kroger - 25 Dequindre,KROGER,2058 25 Mile Rd,Shelby Township,MI,48316,2486511039,42.6957849,-83.0932344,,True,active,Returned by Kroger official Locations API on 2026-09-01,Kroger official Locations API,2026-09-01T20:17:21.472587+00:00,37
01800737,Kroger Marketplace - Shelby Marketplace,KROGER,14945 23 Mile Rd,Shelby Township,MI,48315,5869307010,42.673757,-82.976751,,True,active,Returned by Kroger official Locations API on 2026-09-01,Kroger official Locations API,2026-09-01T20:17:21.472587+00:00,49
01800754,Kroger Marketplace - Stoney Creek,KROGER,7644 26 Mile Rd,Shelby Township,MI,48316,5866978230,42.710643,-83.038062,,True,active,Returned by Kroger official Locations API on 2026-09-01,Kroger official Locations API,2026-09-01T20:17:21.472587+00:00,43
01800639,Kroger - South Lyon,KROGER,20730 Pontiac Trl,South Lyon,MI,48178,2484869133,42.4327017,-83.6473563,,True,active,Returned by Kroger official Locations API on 2026-09-01,Kroger official Locations API,2026-09-01T20:17:21.472587+00:00,36
01800366,Kroger - Ten Mile,KROGER,51847 10 Mile Rd,South Lyon,MI,48178,2486677310,42.4621164,-83.561507,,True,active,Returned by Kroger official Locations API on 2026-09-01,Kroger official Locations API,2026-09-01T20:17:21.472587+00:00,24
01800658,Kroger - 12 Evergreen,KROGER,19855 W 12 Mile Rd,Southfield,MI,48076,2485599829,42.5003676,-83.2406444,,True,active,Returned by Kroger official Locations API on 2026-09-01,Kroger official Locations API,2026-09-01T20:17:21.472587+00:00,21
01800775,Kroger - Kroger Southgate,KROGER,16705 Fort St,Southgate,MI,48195,7342869210,42.1858419,-83.1866286,,True,active,Returned by Kroger official Locations API on 2026-09-01,Kroger official Locations API,2026-09-01T20:17:21.472587+00:00,45
01800449,Kroger - Canal Schoenherr,KROGER,43893 Schoenherr Rd,Sterling Heights,MI,48313,5866851350,42.6175509,-82.9945023,,True,active,Returned by Kroger official Locations API on 2026-09-01,Kroger official Locations API,2026-09-01T20:17:21.472587+00:00,45
01800757,Kroger Marketplace - Kroger Marketplace - Sterling Heights,KROGER,2051 18 Mile Rd,Sterling Heights,MI,48314,5869300730,42.594689,-83.08863,,True,active,Returned by Kroger official Locations API on 2026-09-01,Kroger official Locations API,2026-09-01T20:17:21.472587+00:00,49
01800711,Kroger - Swartz Creek,KROGER,7084 Miller Rd,Swartz Creek,MI,48473,8106300575,42.9640754,-83.8151497,,True,active,Returned by Kroger official Locations API on 2026-09-01,Kroger official Locations API,2026-09-01T20:17:21.472587+00:00,31
01800686,Kroger - Taylor,KROGER,7000 Monroe Blvd,Taylor,MI,48180,3132991725,42.257682,-83.251249,,True,active,Returned by Kroger official Locations API on 2026-09-01,Kroger official Locations API,2026-09-01T20:17:21.472587+00:00,35
01800463,Kroger - Big Beaver John R,KROGER,3125 John R Rd,Troy,MI,48083,2486581700,42.5653223,-83.1099771,,True,active,Returned by Kroger official Locations API on 2026-09-01,Kroger official Locations API,2026-09-01T20:17:21.472587+00:00,31
01800448,Kroger - Coolidge,KROGER,1237 Coolidge Hwy,Troy,MI,48084,2485191320,42.542443,-83.189744,,True,active,Returned by Kroger official Locations API on 2026-09-01,Kroger official Locations API,2026-09-01T20:17:21.472587+00:00,37
01800464,Kroger - Crooks South,KROGER,2105 South Blvd W,Troy,MI,48098,2485371010,42.6211359,-83.1721587,,True,active,Returned by Kroger official Locations API on 2026-09-01,Kroger official Locations API,2026-09-01T20:17:21.472587+00:00,33
01800487,Kroger - Long Lake and Livernois,KROGER,31 E Long Lake Rd,Troy,MI,48085,2488791040,42.593112,-83.1482339,,True,active,Returned by Kroger official Locations API on 2026-09-01,Kroger official Locations API,2026-09-01T20:17:21.472587+00:00,37
01800486,Kroger - Hoover 11,KROGER,26233 Hoover Rd,Warren,MI,48089,5867545562,42.486723,-83.007797,,True,active,Returned by Kroger official Locations API on 2026-09-01,Kroger official Locations API,2026-09-01T20:17:21.472587+00:00,28
01800776,Kroger - Kroger Shoenherr,KROGER,31200 Schoenherr Rd,Warren,MI,48092,5862384560,42.5240983,-82.9861317,,True,active,Returned by Kroger official Locations API on 2026-09-01,Kroger official Locations API,2026-09-01T20:17:21.472587+00:00,46
01800602,Kroger - Universal Mall,KROGER,28250 Dequindre Rd,Warren,MI,48092,5865580064,42.499619,-83.0830722,,True,active,Returned by Kroger official Locations API on 2026-09-01,Kroger official Locations API,2026-09-01T20:17:21.472587+00:00,28
01800461,Kroger - Romeo,KROGER,64660 Van Dyke Rd,Washington,MI,48095,5865408003,42.7706703,-83.0161713,,True,active,Returned by Kroger official Locations API on 2026-09-01,Kroger official Locations API,2026-09-01T20:17:21.472587+00:00,33
01800675,Kroger - Waterford,KROGER,5111 Highland Rd,Waterford,MI,48327,2486731629,42.6588979,-83.3871099,,True,active,Returned by Kroger official Locations API on 2026-09-01,Kroger official Locations API,2026-09-01T20:17:21.472587+00:00,33
01800481,Kroger - Orchard Lake,KROGER,4395 Orchard Lake Rd,West Bloomfield,MI,48323,2486260022,42.574081,-83.360771,,True,active,Returned by Kroger official Locations API on 2026-09-01,Kroger official Locations API,2026-09-01T20:17:21.472587+00:00,27
01800456,Kroger - Cherry Hill Merriman,KROGER,200 S Merriman Rd,Westland,MI,48186,7347131122,42.309136,-83.3520736,,True,active,Returned by Kroger official Locations API on 2026-09-01,Kroger official Locations API,2026-09-01T20:17:21.472587+00:00,24
01800630,Kroger - Michigan Merriman,KROGER,31300 Michigan Ave,Westland,MI,48186,7343266981,42.287211,-83.347245,,True,active,Returned by Kroger official Locations API on 2026-09-01,Kroger official Locations API,2026-09-01T20:17:21.472587+00:00,27
01800459,Kroger - Warren Middlebelt,KROGER,7350 N Middlebelt Rd,Westland,MI,48185,7347931022,42.3417,-83.330698,,True,active,Returned by Kroger official Locations API on 2026-09-01,Kroger official Locations API,2026-09-01T20:17:21.472587+00:00,32
01800691,Kroger - Westland,KROGER,36430 Ford Rd,Westland,MI,48185,7345956638,42.3261149,-83.4001833,,True,active,Returned by Kroger official Locations API on 2026-09-01,Kroger official Locations API,2026-09-01T20:17:21.472587+00:00,36
01800759,Kroger Marketplace - Kroger White Lake,KROGER,10951 Highland Rd,White Lake,MI,48386,2487796470,42.647913,-83.502608,,True,active,Returned by Kroger official Locations API on 2026-09-01,Kroger official Locations API,2026-09-01T20:17:21.472587+00:00,47
01800689,Kroger - Carpenter Packard,KROGER,3200 Carpenter Rd,Ypsilanti,MI,48197,7349717148,42.24277,-83.6821497,,True,active,Returned by Kroger official Locations API on 2026-09-01,Kroger official Locations API,2026-09-01T20:17:21.472587+00:00,33
01800707,Kroger - Whittaker,KROGER,2010 Whittaker Rd,Ypsilanti,MI,48197,7345471790,42.2120939,-83.6209907,,True,active,Returned by Kroger official Locations API on 2026-09-01,Kroger official Locations API,2026-09-01T20:17:21.472587+00:00,35
01800520,Kroger - Ypsilanti,KROGER,1771 E Michigan Ave,Ypsilanti,MI,48198,7344825615,42.2484995,-83.5753303,,True,active,Returned by Kroger official Locations API on 2026-09-01,Kroger official Locations API,2026-09-01T20:17:21.472587+00:00,25
02500386,Kroger - Poplar Bluff,KROGER,2770 N Westwood Blvd,Poplar Bluff,MO,63901,5736866970,36.7864192,-90.4286469,,True,active,Returned by Kroger official Locations API on 2026-09-01,Kroger official Locations API,2026-09-01T20:17:21.472587+00:00,28
02100537,Kroger - Rolla,KROGER,605 W 4Th St,Rolla,MO,65401,5733642721,37.9467154,-91.7762367,,True,active,Returned by Kroger official Locations API on 2026-09-01,Kroger official Locations API,2026-09-01T20:17:21.472587+00:00,22
02100724,Kroger - Troy Square,KROGER,1 Troy Sq,Troy,MO,63379,6365288423,38.9884936,-90.976085,,True,active,Returned by Kroger official Locations API on 2026-09-01,Kroger official Locations API,2026-09-01T20:17:21.472587+00:00,26
02500434,Kroger - Batesville MS,KROGER,110 Keating Rd,Batesville,MS,38606,6625789917,34.3111181,-89.9282841,,True,active,Returned by Kroger official Locations API on 2026-09-01,Kroger official Locations API,2026-09-01T20:17:21.472587+00:00,23
02500388,Kroger - Brandon,KROGER,1811 W Government St,Brandon,MS,39042,6018253696,32.2853568,-90.0375404,,True,active,Returned by Kroger official Locations API on 2026-09-01,Kroger official Locations API,2026-09-01T20:17:21.472587+00:00,32
02500493,Kroger - Spillway,KROGER,1070 Spillway Cir,Brandon,MS,39047,6018290740,32.38348,-90.0392812,,True,active,Returned by Kroger official Locations API on 2026-09-01,Kroger official Locations API,2026-09-01T20:17:21.472587+00:00,34
02500490,Kroger - Byram,KROGER,6745 S Siwell Rd,Byram,MS,39272,6018632001,32.2041633,-90.297341,,True,active,Returned by Kroger official Locations API on 2026-09-01,Kroger official Locations API,2026-09-01T20:17:21.472587+00:00,33
02500370,Kroger - Cleveland,KROGER,602 N Davis Ave,Cleveland,MS,38732,6628469201,33.7523782,-90.7138832,,True,active,Returned by Kroger official Locations API on 2026-09-01,Kroger official Locations API,2026-09-01T20:17:21.472587+00:00,27
02500474,Kroger - Clinton,KROGER,107 Highway 80 E,Clinton,MS,39056,6019256340,32.3348431,-90.3253719,,True,active,Returned by Kroger official Locations API on 2026-09-01,Kroger official Locations API,2026-09-01T20:17:21.472587+00:00,37
02500427,Kroger - Columbus,KROGER,1829 Highway 45 N,Columbus,MS,39705,6623271140,33.5169277,-88.4364069,,True,active,Returned by Kroger official Locations API on 2026-09-01,Kroger official Locations API,2026-09-01T20:17:21.472587+00:00,25
02500454,Kroger - Corinth,KROGER,104 Highway 72 W,Corinth,MS,38834,6622878155,34.9282297,-88.5243447,,True,active,Returned by Kroger official Locations API on 2026-09-01,Kroger official Locations API,2026-09-01T20:17:21.472587+00:00,21
02500479,Kroger - Dogwood Promenade,KROGER,110 Promenade Blvd,Flowood,MS,39232,6017182230,32.3423425,-90.0637235,,True,active,Returned by Kroger official Locations API on 2026-09-01,Kroger official Locations API,2026-09-01T20:17:21.472587+00:00,29
02500497,Kroger - Flowood East,KROGER,143 Friendly and Fresh Dr,Flowood,MS,39232,6019927552,32.3556064,-90.0138273,,True,active,Returned by Kroger official Locations API on 2026-09-01,Kroger official Locations API,2026-09-01T20:17:21.472587+00:00,27
02500429,Kroger - Greenville,KROGER,1778 Highway 1 S,Greenville,MS,38701,6623328895,33.3698221,-91.0379707,,True,active,Returned by Kroger official Locations API on 2026-09-01,Kroger official Locations API,2026-09-01T20:17:21.472587+00:00,24
02500478,Kroger Marketplace - Kroger Marketplace Mount Pleasant Hernando MS,KROGER,2380 Mount Pleasant Rd,Hernando,MS,38632,6624290355,34.8264396,-89.9818101,,True,active,Returned by Kroger official Locations API on 2026-09-01,Kroger official Locations API,2026-09-01T20:17:21.472587+00:00,42
02500499,Kroger - Goodman Rd and Horn Lake,KROGER,3926 Goodman Rd W,Horn Lake,MS,38637,6623932213,34.9644748,-90.0594804,,True,active,Returned by Kroger official Locations API on 2026-09-01,Kroger official Locations API,2026-09-01T20:17:21.472587+00:00,24
02500453,Kroger - Horn Lake - I-55,KROGER,7251 Interstate Dr,Horn Lake,MS,38637,6623498334,34.9643289,-90.0056652,,True,active,Returned by Kroger official Locations API on 2026-09-01,Kroger official Locations API,2026-09-01T20:17:21.472587+00:00,27
02500345,Kroger - Jacksonian Plaza,KROGER,4910 I 55 N,Jackson,MS,39211,6013661141,32.3638105,-90.1478631,,True,active,Returned by Kroger official Locations API on 2026-09-01,Kroger official Locations API,2026-09-01T20:17:21.472587+00:00,38
02500355,Kroger - Laurel,KROGER,2340 Highway 15 N,Laurel,MS,39440,6014266044,31.7193413,-89.1505767,,True,active,Returned by Kroger official Locations API on 2026-09-01,Kroger official Locations API,2026-09-01T20:17:21.472587+00:00,20
02500472,Kroger - Colony Crossing,KROGER,115 Colony Crossing Way,Madison,MS,39110,6016055020,32.4748841,-90.1419176,,True,active,Returned by Kroger official Locations API on 2026-09-01,Kroger official Locations API,2026-09-01T20:17:21.472587+00:00,30
02500492,Kroger - Madison,KROGER,1070 Highway 51,Madison,MS,39110,6018532410,32.4637475,-90.1081963,,True,active,Returned by Kroger official Locations API on 2026-09-01,Kroger official Locations API,2026-09-01T20:17:21.472587+00:00,38
02500452,Kroger - Olive Branch,KROGER,7427 Goodman Rd,Olive Branch,MS,38654,6628951460,34.9602294,-89.8577036,,True,active,Returned by Kroger official Locations API on 2026-09-01,Kroger official Locations API,2026-09-01T20:17:21.472587+00:00,34
02500473,Kroger - Oxford,KROGER,2013 University Ave,Oxford,MS,38655,6622369956,34.3635217,-89.5036823,,True,active,Returned by Kroger official Locations API on 2026-09-01,Kroger official Locations API,2026-09-01T20:17:21.472587+00:00,33
02500363,Kroger - Pearl,KROGER,201 Lonnie T Jenkins Dr,Pearl,MS,39208,6019322325,32.284337,-90.11687,,True,active,Returned by Kroger official Locations API on 2026-09-01,Kroger official Locations API,2026-09-01T20:17:21.472587+00:00,16
02500449,Kroger - Richland,KROGER,1167 Highway 49 S,Richland,MS,39218,6016640120,32.2163394,-90.1553684,,True,active,Returned by Kroger official Locations API on 2026-09-01,Kroger official Locations API,2026-09-01T20:17:21.472587+00:00,26
02500494,Kroger - Old Canton Ridgeland,KROGER,7045 Old Canton Rd,Ridgeland,MS,39157,6018563442,32.4159654,-90.1069897,,True,active,Returned by Kroger official Locations API on 2026-09-01,Kroger official Locations API,2026-09-01T20:17:21.472587+00:00,28
02500464,Kroger - Goodman Getwell,KROGER,3095 Goodman Rd E,Southaven,MS,38672,6625363741,34.960895,-89.93502,,True,active,Returned by Kroger official Locations API on 2026-09-01,Kroger official Locations API,2026-09-01T20:17:21.472587+00:00,38
02500404,Kroger - Stateline Rd,KROGER,465 Stateline Rd W,Southaven,MS,38671,6623932675,34.99027,-89.9974562,,True,active,Returned by Kroger official Locations API on 2026-09-01,Kroger official Locations API,2026-09-01T20:17:21.472587+00:00,24
02500381,Kroger - Starkville,KROGER,826 Highway 12 W,Starkville,MS,39759,6623248032,33.449593,-88.84256,,True,active,Returned by Kroger official Locations API on 2026-09-01,Kroger official Locations API,2026-09-01T20:17:21.472587+00:00,29
02500447,Kroger - Barnes Crossing,KROGER,930 Barnes Crossing Rd,Tupelo,MS,38804,6628445206,34.3177045,-88.7034397,,True,active,Returned by Kroger official Locations API on 2026-09-01,Kroger official Locations API,2026-09-01T20:17:21.472587+00:00,28
02500471,Kroger - Tupelo - Main St,KROGER,960 W Main St,Tupelo,MS,38801,6628408448,34.2580985,-88.7189806,,True,active,Returned by Kroger official Locations API on 2026-09-01,Kroger official Locations API,2026-09-01T20:17:21.472587+00:00,27
02500466,Kroger - Pemberton Sq,KROGER,3408 Pemberton Square Blvd,Vicksburg,MS,39180,6016304000,32.3149988,-90.8820346,,True,active,Returned by Kroger official Locations API on 2026-09-01,Kroger official Locations API,2026-09-01T20:17:21.472587+00:00,32
01400468,Kroger Marketplace - Pierce Township Marketplace,KROGER,262 W Main St,Amelia,OH,45102,5137182202,39.0359892,-84.2330384,,True,active,Returned by Kroger official Locations API on 2026-09-01,Kroger official Locations API,2026-09-01T20:17:21.472587+00:00,45
01600901,Kroger - Athens,KROGER,919 E State St,Athens,OH,45701,7405921598,39.3356404,-82.069268,,True,active,Returned by Kroger official Locations API on 2026-09-01,Kroger official Locations API,2026-09-01T20:17:21.472587+00:00,44
01400811,Kroger Marketplace - Beavercreek,KROGER,3165 Dayton Xenia Rd,Beavercreek,OH,45434,9379120500,39.725551,-84.054141,,True,active,Returned by Kroger official Locations API on 2026-09-01,Kroger official Locations API,2026-09-01T20:17:21.472587+00:00,56
01600558,Kroger - Bellaire,KROGER,400 28Th St,Bellaire,OH,43906,7406715164,40.0115573,-80.7474904,,True,active,Returned by Kroger official Locations API on 2026-09-01,Kroger official Locations API,2026-09-01T20:17:21.472587+00:00,21
01600832,Kroger - Bellefontaine,KROGER,2129 S Main St,Bellefontaine,OH,43311,9375991208,40.3309865,-83.7603765,,True,active,Returned by Kroger official Locations API on 2026-09-01,Kroger official Locations API,2026-09-01T20:17:21.472587+00:00,30
02900799,Kroger - Belpre,KROGER,1008 Washington Blvd,Belpre,OH,45714,7404235885,39.2754747,-81.5806893,,True,active,Returned by Kroger official Locations API on 2026-09-01,Kroger official Locations API,2026-09-01T20:17:21.472587+00:00,34
01400395,Kroger - Blanchester,KROGER,1001 Cherry St,Blanchester,OH,45107,9377830240,39.301354,-83.9609353,,True,active,Returned by Kroger official Locations API on 2026-09-01,Kroger official Locations API,2026-09-01T20:17:21.472587+00:00,36
01400942,Kroger - Blue Ash,KROGER,4100 Hunt Rd,Blue Ash,OH,45236,5137921500,39.2272828,-84.3978512,,True,active,Returned by Kroger official Locations API on 2026-09-01,Kroger official Locations API,2026-09-01T20:17:21.472587+00:00,47
01600878,Kroger - Bowling Green,KROGER,1094 N Main St,Bowling Green,OH,43402,4193533919,41.3912788,-83.6486711,,True,active,Returned by Kroger official Locations API on 2026-09-01,Kroger official Locations API,2026-09-01T20:17:21.472587+00:00,42
01600506,Kroger - Bucyrus,KROGER,210 E Mary St,Bucyrus,OH,44820,4195624719,40.811345,-82.97313,,True,active,Returned by Kroger official Locations API on 2026-09-01,Kroger official Locations API,2026-09-01T20:17:21.472587+00:00,27
01600851,Kroger - Canal,KROGER,6095 Gender Rd,Canal Winchester,OH,43110,6148342800,39.8557861,-82.8319261,,True,active,Returned by Kroger official Locations API on 2026-09-01,Kroger official Locations API,2026-09-01T20:17:21.472587+00:00,38
01600514,Kroger - Gender Road,KROGER,3588 Gender Rd,Canal Winchester,OH,43110,6149207400,39.9083188,-82.8226026,,True,active,Returned by Kroger official Locations API on 2026-09-01,Kroger official Locations API,2026-09-01T20:17:21.472587+00:00,33
01400935,Kroger - Sugarcreek Twp,KROGER,6480 Wilmington Pike,Centerville,OH,45459,9378485990,39.6399957,-84.1080692,,True,active,Returned by Kroger official Locations API on 2026-09-01,Kroger official Locations API,2026-09-01T20:17:21.472587+00:00,43
01400923,Kroger Marketplace - Centerville Marketplace,KROGER,1095 S Main St,Centerville,OH,45458,9374358210,39.6071088,-84.1634476,,True,active,Returned by Kroger official Locations API on 2026-09-01,Kroger official Locations API,2026-09-01T20:17:21.472587+00:00,60
01600348,Kroger - Bridge Street,KROGER,887 N Bridge St,Chillicothe,OH,45601,7407732901,39.3543988,-82.9742619,,True,active,Returned by Kroger official Locations API on 2026-09-01,Kroger official Locations API,2026-09-01T20:17:21.472587+00:00,37
01600312,Kroger - Chillicothe,KROGER,1165 Western Ave,Chillicothe,OH,45601,7407733150,39.3342617,-83.0165373,,True,active,Returned by Kroger official Locations API on 2026-09-01,Kroger official Locations API,2026-09-01T20:17:21.472587+00:00,31
540FC211,Kroger - - Cincinnati East Spoke,KROGER,4320 Mount Carmel Rd,Cincinnati,OH,45244,,39.141485,-84.307847,,True,active,Returned by Kroger official Locations API on 2026-09-01,Kroger official Locations API,2026-09-01T20:17:21.472587+00:00,0
01400915,Kroger - Anderson Township,KROGER,7580 Beechmont Ave,Cincinnati,OH,45255,5132334400,39.074332,-84.347973,,True,active,Returned by Kroger official Locations API on 2026-09-01,Kroger official Locations API,2026-09-01T20:17:21.472587+00:00,51
01400431,Kroger - Cherry Grove,KROGER,450 Ohio Pike,Cincinnati,OH,45255,5135286120,39.0741722,-84.3114587,,True,active,Returned by Kroger official Locations API on 2026-09-01,Kroger official Locations API,2026-09-01T20:17:21.472587+00:00,41
01400968,Kroger - Colerain Marketplace,KROGER,3636 Springdale Rd,Cincinnati,OH,45251,5136399900,39.249048,-84.599709,,True,active,Returned by Kroger official Locations API on 2026-09-01,Kroger official Locations API,2026-09-01T20:17:21.472587+00:00,57
01400944,Kroger - Delhi,KROGER,5080 Delhi Rd,Cincinnati,OH,45238,5134517200,39.0962602,-84.6127791,,True,active,Returned by Kroger official Locations API on 2026-09-01,Kroger official Locations API,2026-09-01T20:17:21.472587+00:00,50
01400902,Kroger - Eastgate,KROGER,4530 Eastgate Blvd Ste 500,Cincinnati,OH,45245,5139433900,39.1030213,-84.2712059,,True,active,Returned by Kroger official Locations API on 2026-09-01,Kroger official Locations API,2026-09-01T20:17:21.472587+00:00,39
01400432,Kroger - Ferguson Road,KROGER,2310 Ferguson Rd,Cincinnati,OH,45238,5139228090,39.126708,-84.5973922,,True,active,Returned by Kroger official Locations API on 2026-09-01,Kroger official Locations API,2026-09-01T20:17:21.472587+00:00,35
01400384,Kroger - Finneytown OH,KROGER,8421 Winton Rd,Cincinnati,OH,45231,5137288630,39.2203019,-84.5192304,,True,active,Returned by Kroger official Locations API on 2026-09-01,Kroger official Locations API,2026-09-01T20:17:21.472587+00:00,37
540FC500,Kroger - Forecast Shed,KROGER,1014 Vine St,Cincinnati,OH,45202,,39.106758,-84.513951,,True,active,Returned by Kroger official Locations API on 2026-09-01,Kroger official Locations API,2026-09-01T20:17:21.472587+00:00,0
01400943,Kroger - Forest Park,KROGER,1212 W Kemper Rd,Cincinnati,OH,45240,5136745800,39.2900055,-84.5250073,,True,active,Returned by Kroger official Locations API on 2026-09-01,Kroger official Locations API,2026-09-01T20:17:21.472587+00:00,38
01400353,Kroger - Harpers Point,KROGER,11390 Montgomery Rd,Cincinnati,OH,45249,5132477740,39.2715609,-84.3259895,,True,active,Returned by Kroger official Locations API on 2026-09-01,Kroger official Locations API,2026-09-01T20:17:21.472587+00:00,49
01400405,Kroger - Hartwell,KROGER,8241 Vine St,Cincinnati,OH,45216,5138212230,39.2102762,-84.4753884,,True,active,Returned by Kroger official Locations API on 2026-09-01,Kroger official Locations API,2026-09-01T20:17:21.472587+00:00,30
01400355,Kroger - Hyde Park,KROGER,3760 Paxton Ave,Cincinnati,OH,45209,5138714142,39.144662,-84.429584,,True,active,Returned by Kroger official Locations API on 2026-09-01,Kroger official Locations API,2026-09-01T20:17:21.472587+00:00,48
01400513,Kroger - Kroger On the Rhine,KROGER,100 E Court St,Cincinnati,OH,45202,5132635900,39.10682,-84.51253,,True,active,Returned by Kroger official Locations API on 2026-09-01,Kroger official Locations API,2026-09-01T20:17:21.472587+00:00,35
01400402,Kroger - Madeira,KROGER,6950 Miami Ave,Cincinnati,OH,45243,5132711260,39.188105,-84.361497,,True,active,Returned by Kroger official Locations API on 2026-09-01,Kroger official Locations API,2026-09-01T20:17:21.472587+00:00,38
01400421,Kroger - Mariemont,KROGER,7385 Wooster Pike,Cincinnati,OH,45227,5132719444,39.1416149,-84.3616532,,True,active,Returned by Kroger official Locations API on 2026-09-01,Kroger official Locations API,2026-09-01T20:17:21.472587+00:00,45
01400370,Kroger - Monfort Heights OH,KROGER,3491 North Bend Rd,Cincinnati,OH,45239,5135987500,39.1896065,-84.5987839,,True,active,Returned by Kroger official Locations API on 2026-09-01,Kroger official Locations API,2026-09-01T20:17:21.472587+00:00,39
01400418,Kroger - Montgomery Rd Norwood,KROGER,4500 Montgomery Rd,Cincinnati,OH,45212,5138416600,39.1587311,-84.4554364,,True,active,Returned by Kroger official Locations API on 2026-09-01,Kroger official Locations API,2026-09-01T20:17:21.472587+00:00,41
01400438,Kroger - Mt Washington,KROGER,2120 Beechmont Ave,Cincinnati,OH,45230,5132314530,39.093585,-84.3864713,,True,active,Returned by Kroger official Locations API on 2026-09-01,Kroger official Locations API,2026-09-01T20:17:21.472587+00:00,41
01400390,Kroger - North College Hill,KROGER,7132 Hamilton Ave,Cincinnati,OH,45231,5137282700,39.224493,-84.547771,,True,active,Returned by Kroger official Locations API on 2026-09-01,Kroger official Locations API,2026-09-01T20:17:21.472587+00:00,38
01400429,Kroger - Sharonville OH,KROGER,12164 Lebanon Rd,Cincinnati,OH,45241,5137334910,39.2965534,-84.3899154,,True,active,Returned by Kroger official Locations API on 2026-09-01,Kroger official Locations API,2026-09-01T20:17:21.472587+00:00,39
540FC200,Kroger - Spoke Forecast,KROGER,1014 Vine St,Cincinnati,OH,45202,,39.106758,-84.513951,,True,active,Returned by Kroger official Locations API on 2026-09-01,Kroger official Locations API,2026-09-01T20:17:21.472587+00:00,0
01400428,Kroger - St Bernard,KROGER,4777 Kenard Ave,Cincinnati,OH,45232,5136817650,39.1644117,-84.5148034,,True,active,Returned by Kroger official Locations API on 2026-09-01,Kroger official Locations API,2026-09-01T20:17:21.472587+00:00,34
01400929,Kroger - University Plaza,KROGER,1 W Corry St,Cincinnati,OH,45219,5138721500,39.128667,-84.509336,,True,active,Returned by Kroger official Locations API on 2026-09-01,Kroger official Locations API,2026-09-01T20:17:21.472587+00:00,23
01400482,Kroger - Warsaw Avenue,KROGER,3609 Warsaw Ave,Cincinnati,OH,45205,5135987880,39.1093681,-84.5715512,,True,active,Returned by Kroger official Locations API on 2026-09-01,Kroger official Locations API,2026-09-01T20:17:21.472587+00:00,35
01400948,Kroger - Western Village Shopping Center,KROGER,6165 Glenway Ave,Cincinnati,OH,45211,5137192401,39.1427165,-84.622713,,True,active,Returned by Kroger official Locations API on 2026-09-01,Kroger official Locations API,2026-09-01T20:17:21.472587+00:00,45
01400433,Kroger - Woodlawn,KROGER,10595 Springfield Pike,Cincinnati,OH,45215,5137711801,39.2600763,-84.4712549,,True,active,Returned by Kroger official Locations API on 2026-09-01,Kroger official Locations API,2026-09-01T20:17:21.472587+00:00,37
01400444,Kroger Marketplace - Green Township,KROGER,5910 Harrison Ave,Cincinnati,OH,45248,5133702000,39.177059,-84.641219,,True,active,Returned by Kroger official Locations API on 2026-09-01,Kroger official Locations API,2026-09-01T20:17:21.472587+00:00,64
01400465,Kroger Marketplace - Oakley OH Marketplace,KROGER,4613 Marburg Ave,Cincinnati,OH,45209,5137825100,39.1601221,-84.4270873,,True,active,Returned by Kroger official Locations API on 2026-09-01,Kroger official Locations API,2026-09-01T20:17:21.472587+00:00,58
01600844,Kroger - Circleville,KROGER,175 Lancaster Pike,Circleville,OH,43113,7404775700,39.5979336,-82.9313762,,True,active,Returned by Kroger official Locations API on 2026-09-01,Kroger official Locations API,2026-09-01T20:17:21.472587+00:00,38
01400445,Kroger - Whitewater Twp,KROGER,4001 Hamilton Cleves Rd,Cleves,OH,45002,5138532500,39.1721421,-84.7608396,,True,active,Returned by Kroger official Locations API on 2026-09-01,Kroger official Locations API,2026-09-01T20:17:21.472587+00:00,37
540FC212,Kroger - - Columbus Spoke,KROGER,6658 Shook Rd,Columbus,OH,43217,9999999999,39.8313655,-82.9444667,,True,active,Returned by Kroger official Locations API on 2026-09-01,Kroger official Locations API,2026-09-01T20:17:21.472587+00:00,0
01600315,Kroger - Bexley,KROGER,2000 E Main St,Columbus,OH,43205,6142520761,39.9582605,-82.945047,,True,active,Returned by Kroger official Locations API on 2026-09-01,Kroger official Locations API,2026-09-01T20:17:21.472587+00:00,32
01600569,Kroger - Brewers Yard,KROGER,150 W Sycamore St,Columbus,OH,43215,6143407979,39.9496665,-83.0019303,,True,active,Returned by Kroger official Locations API on 2026-09-01,Kroger official Locations API,2026-09-01T20:17:21.472587+00:00,45
01600942,Kroger - Chambers Rd,KROGER,1375 Chambers Rd,Columbus,OH,43212,6144881116,39.9926801,-83.0439606,,True,active,Returned by Kroger official Locations API on 2026-09-01,Kroger official Locations API,2026-09-01T20:17:21.472587+00:00,47
01600971,Kroger - Clintonville,KROGER,3417 N High St,Columbus,OH,43214,6142631766,40.0320473,-83.0176247,,True,active,Returned by Kroger official Locations API on 2026-09-01,Kroger official Locations API,2026-09-01T20:17:21.472587+00:00,38
01600818,Kroger - Crown Plaza,KROGER,2090 Crown Plaza Dr,Columbus,OH,43235,6143265645,40.0656864,-83.0734317,,True,active,Returned by Kroger official Locations API on 2026-09-01,Kroger official Locations API,2026-09-01T20:17:21.472587+00:00,36
01600853,Kroger - E Broad,KROGER,7000 E Broad St,Columbus,OH,43213,6145753742,39.984384,-82.816476,,True,active,Returned by Kroger official Locations API on 2026-09-01,Kroger official Locations API,2026-09-01T20:17:21.472587+00:00,40
01600990,Kroger - Eakin Road,KROGER,2161 Eakin Rd,Columbus,OH,43223,6142747717,39.9311449,-83.0540544,,True,active,Returned by Kroger official Locations API on 2026-09-01,Kroger official Locations API,2026-09-01T20:17:21.472587+00:00,27
01600519,Kroger - Georgesville,KROGER,1585 Georgesville Square Dr,Columbus,OH,43228,6148781332,39.920118,-83.121384,,True,active,Returned by Kroger official Locations API on 2026-09-01,Kroger official Locations API,2026-09-01T20:17:21.472587+00:00,42
01600815,Kroger - Great Southern,KROGER,3637 S High St,Columbus,OH,43207,6144921077,39.8879952,-83.0017887,,True,active,Returned by Kroger official Locations API on 2026-09-01,Kroger official Locations API,2026-09-01T20:17:21.472587+00:00,37
01600593,Kroger - Kroger Northland Village,KROGER,1745 Morse Rd,Columbus,OH,43229,6144059400,40.05857,-82.973138,,True,active,Returned by Kroger official Locations API on 2026-09-01,Kroger official Locations API,2026-09-01T20:17:21.472587+00:00,35
01600893,Kroger - Moler,KROGER,1441 Parsons Ave,Columbus,OH,43207,6144455727,39.9343317,-82.985385,,True,active,Returned by Kroger official Locations API on 2026-09-01,Kroger official Locations API,2026-09-01T20:17:21.472587+00:00,30
01600881,Kroger - New Albany,KROGER,5161 Hampsted Village Center Way,Columbus,OH,43054,6148558665,40.088852,-82.825837,,True,active,Returned by Kroger official Locations API on 2026-09-01,Kroger official Locations API,2026-09-01T20:17:21.472587+00:00,42
01600839,Kroger - Polaris,KROGER,1177 Polaris Pkwy,Columbus,OH,43240,6144302440,40.1400189,-82.9902018,,True,active,Returned by Kroger official Locations API on 2026-09-01,Kroger official Locations API,2026-09-01T20:17:21.472587+00:00,43
01600587,Kroger - Short North Kroger 587,KROGER,1350 N High St,Columbus,OH,43201,6142942545,39.9892939,-83.0052871,,True,active,Returned by Kroger official Locations API on 2026-09-01,Kroger official Locations API,2026-09-01T20:17:21.472587+00:00,37
01600598,Kroger - Soldano Blvd,KROGER,3600 Soldano Blvd,Columbus,OH,43228,6142748135,39.9567701,-83.0968994,,True,active,Returned by Kroger official Locations API on 2026-09-01,Kroger official Locations API,2026-09-01T20:17:21.472587+00:00,33
01600819,Kroger Marketplace - Graceland,KROGER,199 Graceland Blvd,Columbus,OH,43214,6144101095,40.06528,-83.02481,,True,active,Returned by Kroger official Locations API on 2026-09-01,Kroger official Locations API,2026-09-01T20:17:21.472587+00:00,45
540FC216,Kroger - - Dayton Spoke,KROGER,5900 Webster St,Dayton,OH,45414,,39.8301758,-84.1796252,,True,active,Returned by Kroger official Locations API on 2026-09-01,Kroger official Locations API,2026-09-01T20:17:21.472587+00:00,0
01400951,Kroger - Alex Bell,KROGER,2921 W Alex Bell Rd,Dayton,OH,45459,9372947141,39.674512,-84.219693,,True,active,Returned by Kroger official Locations API on 2026-09-01,Kroger official Locations API,2026-09-01T20:17:21.472587+00:00,50
01400754,Kroger - Brandt Pike,KROGER,4506 Brandt Pike,Dayton,OH,45424,9372338843,39.8173105,-84.1254526,,True,active,Returned by Kroger official Locations API on 2026-09-01,Kroger official Locations API,2026-09-01T20:17:21.472587+00:00,34
01400960,Kroger - Feedwire,KROGER,5400 Cornerstone North Blvd,Dayton,OH,45440,9375287040,39.662448,-84.103529,,True,active,Returned by Kroger official Locations API on 2026-09-01,Kroger official Locations API,2026-09-01T20:17:21.472587+00:00,63
01400765,Kroger - Kroger Riverside,KROGER,601 Woodman Dr,Dayton,OH,45431,9375355800,39.758016,-84.122147,,True,active,Returned by Kroger official Locations API on 2026-09-01,Kroger official Locations API,2026-09-01T20:17:21.472587+00:00,41
01400836,Kroger - Siebenthaler Ave,KROGER,3520 W Siebenthaler Ave,Dayton,OH,45406,9375679578,39.7968669,-84.2458902,,True,active,Returned by Kroger official Locations API on 2026-09-01,Kroger official Locations API,2026-09-01T20:17:21.472587+00:00,35
01400705,Kroger - Wayne Ave,KROGER,1555 Wayne Ave,Dayton,OH,45410,9372542501,39.7460382,-84.1718428,,True,active,Returned by Kroger official Locations API on 2026-09-01,Kroger official Locations API,2026-09-01T20:17:21.472587+00:00,19
02100936,Kroger - Defiance,KROGER,1890 E 2Nd St,Defiance,OH,43512,4197845742,41.2837944,-84.3282258,,True,active,Returned by Kroger official Locations API on 2026-09-01,Kroger official Locations API,2026-09-01T20:17:21.472587+00:00,27
01600857,Kroger - Columbus Pike,KROGER,1840 Columbus Pike,Delaware,OH,43015,7403634398,40.2645817,-83.0708511,,True,active,Returned by Kroger official Locations API on 2026-09-01,Kroger official Locations API,2026-09-01T20:17:21.472587+00:00,24
01600804,Kroger - Houk Road,KROGER,801 N Houk Rd,Delaware,OH,43015,7403627476,40.312909,-83.110079,,True,active,Returned by Kroger official Locations API on 2026-09-01,Kroger official Locations API,2026-09-01T20:17:21.472587+00:00,41
01600817,Kroger - Dublin,KROGER,7100 Hospital Dr,Dublin,OH,43016,6147604241,40.103387,-83.16438,,True,active,Returned by Kroger official Locations API on 2026-09-01,Kroger official Locations API,2026-09-01T20:17:21.472587+00:00,46
01600350,Kroger Fresh Fare - Dublin Plaza,KROGER,299 W Bridge St,Dublin,OH,43017,6148896687,40.0978166,-83.1222563,,True,active,Returned by Kroger official Locations API on 2026-09-01,Kroger official Locations API,2026-09-01T20:17:21.472587+00:00,38
01600581,Kroger Marketplace - Sawmill Rd,KROGER,7625 Sawmill Rd,Dublin,OH,43016,6149232333,40.1217877,-83.0926243,,True,active,Returned by Kroger official Locations API on 2026-09-01,Kroger official Locations API,2026-09-01T20:17:21.472587+00:00,46
01400808,Kroger - Eaton,KROGER,1707 N Barron St,Eaton,OH,45320,9373004160,39.7668319,-84.636887,,True,active,Returned by Kroger official Locations API on 2026-09-01,Kroger official Locations API,2026-09-01T20:17:21.472587+00:00,41
01400938,Kroger Marketplace - Englewood,KROGER,885 Union Blvd,Englewood,OH,45322,9378324060,39.8630238,-84.3139009,,True,active,Returned by Kroger official Locations API on 2026-09-01,Kroger official Locations API,2026-09-01T20:17:21.472587+00:00,50
01400838,Kroger Marketplace - Fairborn,KROGER,1161 E Dayton Yellow Springs Rd,Fairborn,OH,45324,9373183900,39.786131,-83.995012,,True,active,Returned by Kroger official Locations API on 2026-09-01,Kroger official Locations API,2026-09-01T20:17:21.472587+00:00,53
01400939,Kroger - Fairfield,KROGER,560 Wessel Dr,Fairfield,OH,45014,5138588200,39.336188,-84.562509,,True,active,Returned by Kroger official Locations API on 2026-09-01,Kroger official Locations API,2026-09-01T20:17:21.472587+00:00,45
01600510,Kroger - 6Th Street,KROGER,101 6Th St,Findlay,OH,45840,4194232065,41.0220431,-83.6489533,,True,active,Returned by Kroger official Locations API on 2026-09-01,Kroger official Locations API,2026-09-01T20:17:21.472587+00:00,27
01600327,Kroger - Findlay,KROGER,1996 Tiffin Ave,Findlay,OH,45840,4194221163,41.0555673,-83.6067631,,True,active,Returned by Kroger official Locations API on 2026-09-01,Kroger official Locations API,2026-09-01T20:17:21.472587+00:00,39
01600856,Kroger - Fostoria,KROGER,126 W High St,Fostoria,OH,44830,4194354006,41.163322,-83.415531,,True,active,Returned by Kroger official Locations API on 2026-09-01,Kroger official Locations API,2026-09-01T20:17:21.472587+00:00,29
01600036,Kroger - Kroger Fremont,KROGER,524 E State St,Fremont,OH,43420,4193552587,41.345424,-83.104623,,True,active,Returned by Kroger official Locations API on 2026-09-01,Kroger official Locations API,2026-09-01T20:17:21.472587+00:00,2
01600536,Kroger - Kroger Fremont,KROGER,1700 Cedar St,Fremont,OH,43420,4193327985,41.36442,-83.13311,,True,active,Returned by Kroger official Locations API on 2026-09-01,Kroger official Locations API,2026-09-01T20:17:21.472587+00:00,29
01600871,Kroger - Stoneridge,KROGER,1365 Stoneridge Dr,Gahanna,OH,43230,6144181524,40.0542669,-82.8674889,,True,active,Returned by Kroger official Locations API on 2026-09-01,Kroger official Locations API,2026-09-01T20:17:21.472587+00:00,41
01600522,Kroger Marketplace - Hunters Ridge,KROGER,300 S Hamilton Rd,Gahanna,OH,43230,6144166430,40.0118724,-82.8647038,,True,active,Returned by Kroger official Locations API on 2026-09-01,Kroger official Locations API,2026-09-01T20:17:21.472587+00:00,50
01600623,Kroger - W Broad,KROGER,5800 W Broad St,Galloway,OH,43119,6148704350,39.9519139,-83.1563351,,True,active,Returned by Kroger official Locations API on 2026-09-01,Kroger official Locations API,2026-09-01T20:17:21.472587+00:00,40
01400344,Kroger - Goshen,KROGER,6725 Dick Flynn Blvd,Goshen,OH,45122,5137227440,39.2315792,-84.1646591,,True,active,Returned by Kroger official Locations API on 2026-09-01,Kroger official Locations API,2026-09-01T20:17:21.472587+00:00,24
01400833,Kroger - Greenville,KROGER,200 Lease Ave,Greenville,OH,45331,9375481960,40.1268932,-84.62265,,True,active,Returned by Kroger official Locations API on 2026-09-01,Kroger official Locations API,2026-09-01T20:17:21.472587+00:00,35
01600842,Kroger - Hoover Road,KROGER,5965 Hoover Rd,Grove City,OH,43123,6142773400,39.841483,-83.0748545,,True,active,Returned by Kroger official Locations API on 2026-09-01,Kroger official Locations API,2026-09-01T20:17:21.472587+00:00,47
01600341,Kroger - Stringtown,KROGER,2474 Stringtown Rd,Grove City,OH,43123,6148751676,39.8828425,-83.06863,,True,active,Returned by Kroger official Locations API on 2026-09-01,Kroger official Locations API,2026-09-01T20:17:21.472587+00:00,40
01600861,Kroger - Groveport,KROGER,6011 Groveport Rd,Groveport,OH,43125,6148302010,39.853071,-82.899249,,True,active,Returned by Kroger official Locations API on 2026-09-01,Kroger official Locations API,2026-09-01T20:17:21.472587+00:00,31
01400934,Kroger - Hamilton,KROGER,1450 S Erie HWY,Hamilton,OH,45011,5138685420,39.3810118,-84.5474504,,True,active,Returned by Kroger official Locations API on 2026-09-01,Kroger official Locations API,2026-09-01T20:17:21.472587+00:00,36
01400909,Kroger - Hamilton Meadows SC,KROGER,1474 Main St,Hamilton,OH,45013,5138681110,39.4260503,-84.5940142,,True,active,Returned by Kroger official Locations API on 2026-09-01,Kroger official Locations API,2026-09-01T20:17:21.472587+00:00,38
01400907,Kroger Marketplace - Harrison OH Marketplace,KROGER,10477 Harrison Ave,Harrison,OH,45030,5133672100,39.249293,-84.791679,,True,active,Returned by Kroger official Locations API on 2026-09-01,Kroger official Locations API,2026-09-01T20:17:21.472587+00:00,54
01600926,Kroger - Heath,KROGER,910 Hebron Rd,Heath,OH,43056,7405228338,40.0257641,-82.4452617,,True,active,Returned by Kroger official Locations API on 2026-09-01,Kroger official Locations API,2026-09-01T20:17:21.472587+00:00,34
01600621,Kroger - Hebron,KROGER,600 E Main St,Hebron,OH,43025,7409280795,39.9598096,-82.4759865,,True,active,Returned by Kroger official Locations API on 2026-09-01,Kroger official Locations API,2026-09-01T20:17:21.472587+00:00,40
01600966,Kroger - Cemetery Road,KROGER,4656 Cemetery Rd,Hilliard,OH,43026,6148761151,40.033495,-83.140566,,True,active,Returned by Kroger official Locations API on 2026-09-01,Kroger official Locations API,2026-09-01T20:17:21.472587+00:00,41
01600867,Kroger - Hilliard-Rome,KROGER,2525 Hilliard Rome Rd,Hilliard,OH,43026,6147714174,40.0025295,-83.1562341,,True,active,Returned by Kroger official Locations API on 2026-09-01,Kroger official Locations API,2026-09-01T20:17:21.472587+00:00,43
01400380,Kroger - Hillsboro,KROGER,575 Harry Sauner Rd,Hillsboro,OH,45133,9378409358,39.2247213,-83.6192748,,True,active,Returned by Kroger official Locations API on 2026-09-01,Kroger official Locations API,2026-09-01T20:17:21.472587+00:00,35
01600907,Kroger Marketplace - Orchard Centre,KROGER,7059 Orchard Centre Dr,Holland,OH,43528,5672974109,41.6084028,-83.7099157,,True,active,Returned by Kroger official Locations API on 2026-09-01,Kroger official Locations API,2026-09-01T20:17:21.472587+00:00,57
01400758,Kroger - Huber Heights,KROGER,7747 Troy Pike,Huber Heights,OH,45424,9372337602,39.8668333,-84.1405085,,True,active,Returned by Kroger official Locations API on 2026-09-01,Kroger official Locations API,2026-09-01T20:17:21.472587+00:00,40
01600590,Kroger - Jackson,KROGER,530 E Main St,Jackson,OH,45640,7402865017,39.0481938,-82.6300991,,True,active,Returned by Kroger official Locations API on 2026-09-01,Kroger official Locations API,2026-09-01T20:17:21.472587+00:00,27
01600546,Kroger - Johnstown,KROGER,800 W Coshocton St,Johnstown,OH,43031,7409668300,40.147049,-82.7076001,,True,active,Returned by Kroger official Locations API on 2026-09-01,Kroger official Locations API,2026-09-01T20:17:21.472587+00:00,39
01400826,Kroger - Eichelberger Shopping Center,KROGER,530 E Stroop Rd,Kettering,OH,45429,9372997500,39.6881303,-84.1620238,,True,active,Returned by Kroger official Locations API on 2026-09-01,Kroger official Locations API,2026-09-01T20:17:21.472587+00:00,42
01400825,Kroger - Kettering,KROGER,2115 E Dorothy Ln,Kettering,OH,45420,9372997475,39.7045622,-84.1247755,,True,active,Returned by Kroger official Locations API on 2026-09-01,Kroger official Locations API,2026-09-01T20:17:21.472587+00:00,44
01600931,Kroger - Main Street,KROGER,1141 E Main St,Lancaster,OH,43130,7406533244,39.716175,-82.579459,,True,active,Returned by Kroger official Locations API on 2026-09-01,Kroger official Locations API,2026-09-01T20:17:21.472587+00:00,42
01600264,Kroger - Memorial Dr,KROGER,1621 N Memorial Dr,Lancaster,OH,43130,7406542511,39.729541,-82.615136,,True,active,Returned by Kroger official Locations API on 2026-09-01,Kroger official Locations API,2026-09-01T20:17:21.472587+00:00,34
01600801,Kroger Pharmacy - Fairfield Medical Ctr N Ewing Street,KROGER,401 N Ewing St,Lancaster,OH,43130,7406541019,39.717616,-82.577522,,True,active,Returned by Kroger official Locations API on 2026-09-01,Kroger official Locations API,2026-09-01T20:17:21.472587+00:00,3
01400447,Kroger Marketplace - Lebanon OH Marketplace,KROGER,1425 Columbus Ave,Lebanon,OH,45036,5132287340,39.4542432,-84.1820957,,True,active,Returned by Kroger official Locations API on 2026-09-01,Kroger official Locations API,2026-09-01T20:17:21.472587+00:00,56
01600805,Kroger Marketplace - Lewis Center,KROGER,6417 Columbus Pike,Lewis Center,OH,43035,7408881270,40.2034124,-83.0264977,,True,active,Returned by Kroger official Locations API on 2026-09-01,Kroger official Locations API,2026-09-01T20:17:21.472587+00:00,54
01400383,Kroger - Liberty Township OH,KROGER,7300 Yankee Rd,Liberty Township,OH,45044,5133423255,39.377251,-84.3761418,,True,active,Returned by Kroger official Locations API on 2026-09-01,Kroger official Locations API,2026-09-01T20:17:21.472587+00:00,61
01400439,Kroger Marketplace - Kyles Station,KROGER,5250 Newtown Dr,Liberty Twp,OH,45011,5138675900,39.42243,-84.457242,,True,active,Returned by Kroger official Locations API on 2026-09-01,Kroger official Locations API,2026-09-01T20:17:21.472587+00:00,38
01600542,Kroger - Logan,KROGER,31550 Chieftain Dr,Logan,OH,43138,7403803236,39.5462844,-82.4340922,,True,active,Returned by Kroger official Locations API on 2026-09-01,Kroger official Locations API,2026-09-01T20:17:21.472587+00:00,30
01600388,Kroger - London,KROGER,230 Lafayette St,London,OH,43140,7408525542,39.8968442,-83.435432,,True,active,Returned by Kroger official Locations API on 2026-09-01,Kroger official Locations API,2026-09-01T20:17:21.472587+00:00,25
01400413,Kroger - Loveland,KROGER,800 Loveland Madeira Rd,Loveland,OH,45140,5136773820,39.2612003,-84.2733961,,True,active,Returned by Kroger official Locations API on 2026-09-01,Kroger official Locations API,2026-09-01T20:17:21.472587+00:00,31
01400435,Kroger - Miami Township,KROGER,6388 Branch Hill Guinea Pike,Loveland,OH,45140,5136974800,39.229795,-84.253905,,True,active,Returned by Kroger official Locations API on 2026-09-01,Kroger official Locations API,2026-09-01T20:17:21.472587+00:00,49
01400376,Kroger - Landen,KROGER,2900 W US Highway 22 and 3 STE 1,Maineville,OH,45039,5136834001,39.3110881,-84.2751167,,True,active,Returned by Kroger official Locations API on 2026-09-01,Kroger official Locations API,2026-09-01T20:17:21.472587+00:00,37
01400492,Kroger Marketplace - Maineville Hamilton Township,KROGER,148 E Towne Center Blvd,Maineville,OH,45039,5134941774,39.345093,-84.215992,,True,active,Returned by Kroger official Locations API on 2026-09-01,Kroger official Locations API,2026-09-01T20:17:21.472587+00:00,30
01600557,Kroger - Ashland Road,KROGER,1060 Ashland Rd,Mansfield,OH,44905,4195893147,40.7740746,-82.475837,,True,active,Returned by Kroger official Locations API on 2026-09-01,Kroger official Locations API,2026-09-01T20:17:21.472587+00:00,30
01600518,Kroger - Park Avenue,KROGER,1240 Park Ave W,Mansfield,OH,44906,4195281860,40.7609123,-82.5608998,,True,active,Returned by Kroger official Locations API on 2026-09-01,Kroger official Locations API,2026-09-01T20:17:21.472587+00:00,33
01600836,Kroger Marketplace - Lexington Avenue,KROGER,1500 Lexington Ave,Mansfield,OH,44907,4197566049,40.7188147,-82.5492472,,True,active,Returned by Kroger official Locations API on 2026-09-01,Kroger official Locations API,2026-09-01T20:17:21.472587+00:00,47
02900776,Kroger - Marietta,KROGER,40 Acme St,Marietta,OH,45750,7403745855,39.4123277,-81.428585,,True,active,Returned by Kroger official Locations API on 2026-09-01,Kroger official Locations API,2026-09-01T20:17:21.472587+00:00,26
02900800,Kroger Pharmacy - Kroger Pharmacy at Marietta Memorial Hospital,KROGER,401 Matthew St,Marietta,OH,45750,7404340140,39.431634,-81.464633,,True,active,Returned by Kroger official Locations API on 2026-09-01,Kroger official Locations API,2026-09-01T20:17:21.472587+00:00,3
01600880,Kroger - Marion Mt Gilead,KROGER,1608 Marion Mount Gilead Rd,Marion,OH,43302,7403892212,40.5832812,-83.08624,,True,active,Returned by Kroger official Locations API on 2026-09-01,Kroger official Locations API,2026-09-01T20:17:21.472587+00:00,23
01600808,Kroger - Marion-Waldo,KROGER,1428 Marion Waldo Rd,Marion,OH,43302,7403862919,40.5631302,-83.1173348,,True,active,Returned by Kroger official Locations API on 2026-09-01,Kroger official Locations API,2026-09-01T20:17:21.472587+00:00,36
01600371,Kroger - Martins Ferry,KROGER,400 Aetna St,Martins Ferry,OH,43935,7406335017,40.0868407,-80.733012,,True,active,Returned by Kroger official Locations API on 2026-09-01,Kroger official Locations API,2026-09-01T20:17:21.472587+00:00,21
01600549,Kroger Marketplace - Marysville Marketplace,KROGER,1501 W 5th St,Marysville,OH,43040,9372092448,40.241643,-83.395209,,True,active,Returned by Kroger official Locations API on 2026-09-01,Kroger official Locations API,2026-09-01T20:17:21.472587+00:00,46
01400426,Kroger - Kings Mills Mason,KROGER,5210 State Route 741,Mason,OH,45040,5133988680,39.3607444,-84.2789322,,True,active,Returned by Kroger official Locations API on 2026-09-01,Kroger official Locations API,2026-09-01T20:17:21.472587+00:00,40
01400448,Kroger - Mason Montgomery Mason OH,KROGER,5100 Terra Firma Dr,Mason,OH,45040,5132295900,39.318099,-84.315689,,True,active,Returned by Kroger official Locations API on 2026-09-01,Kroger official Locations API,2026-09-01T20:17:21.472587+00:00,36
01600525,Kroger - Kroger Maumee,KROGER,1435 Reynolds Rd,Maumee,OH,43537,5673022688,41.584247,-83.666962,,True,active,Returned by Kroger official Locations API on 2026-09-01,Kroger official Locations API,2026-09-01T20:17:21.472587+00:00,33
01600251,Kroger - Mcconnelsville,KROGER,240 W Main St,McConnelsville,OH,43756,7409622113,39.6486784,-81.8562293,,True,active,Returned by Kroger official Locations API on 2026-09-01,Kroger official Locations API,2026-09-01T20:17:21.472587+00:00,9
01400722,Kroger - Austin Pike Landing,KROGER,10101 Landing Way,Miamisburg,OH,45342,9373844200,39.6023578,-84.2302926,,True,active,Returned by Kroger official Locations API on 2026-09-01,Kroger official Locations API,2026-09-01T20:17:21.472587+00:00,53
01400770,Kroger - Kroger Miamisburg,KROGER,255 N Heincke Rd,Miamisburg,OH,45342,9378472801,39.641824,-84.266305,,True,active,Returned by Kroger official Locations API on 2026-09-01,Kroger official Locations API,2026-09-01T20:17:21.472587+00:00,54
01400335,Kroger - Oxford State Road,KROGER,428 Oxford State Rd,Middletown,OH,45044,5134235161,39.479172,-84.421109,,True,active,Returned by Kroger official Locations API on 2026-09-01,Kroger official Locations API,2026-09-01T20:17:21.472587+00:00,30
01400441,Kroger Marketplace - Towne Blvd,KROGER,3420 Towne Blvd,Middletown,OH,45005,5132172140,39.4949693,-84.3279195,,True,active,Returned by Kroger official Locations API on 2026-09-01,Kroger official Locations API,2026-09-01T20:17:21.472587+00:00,50
01400411,Kroger - Milford,KROGER,824 Main St,Milford,OH,45150,5139653640,39.1761178,-84.2805863,,True,active,Returned by Kroger official Locations API on 2026-09-01,Kroger official Locations API,2026-09-01T20:17:21.472587+00:00,34
01400921,Kroger - Milford-Mulberry,KROGER,1093 State Route 28,Milford,OH,45150,5135833800,39.193092,-84.23506,,True,active,Returned by Kroger official Locations API on 2026-09-01,Kroger official Locations API,2026-09-01T20:17:21.472587+00:00,35
540FC001,Kroger - - Monroe Shed,KROGER,6266 Hamilton Lebanon,Monroe,OH,45044,9999999999,39.4478172,-84.4064284,,True,active,Returned by Kroger official Locations API on 2026-09-01,Kroger official Locations API,2026-09-01T20:17:21.472587+00:00,0
01400336,Kroger - Monroe,KROGER,3033 Heritage Green Dr,Monroe,OH,45050,5137277422,39.442454,-84.378098,,True,active,Returned by Kroger official Locations API on 2026-09-01,Kroger official Locations API,2026-09-01T20:17:21.472587+00:00,39
01400351,Kroger - Montgomery,KROGER,9939 Montgomery Rd,Montgomery,OH,45242,5137936451,39.2381848,-84.3506946,,True,active,Returned by Kroger official Locations API on 2026-09-01,Kroger official Locations API,2026-09-01T20:17:21.472587+00:00,31
01600800,Kroger - Mt Gilead,KROGER,555 W Marion Rd,Mount Gilead,OH,43338,4199479191,40.5472654,-82.8465263,,True,active,Returned by Kroger official Locations API on 2026-09-01,Kroger official Locations API,2026-09-01T20:17:21.472587+00:00,27
01400920,Kroger Marketplace - Mt Orab Marketplace,KROGER,210 Sterling Run Blvd,Mount Orab,OH,45154,9374446910,39.0395591,-83.9241104,,True,active,Returned by Kroger official Locations API on 2026-09-01,Kroger official Locations API,2026-09-01T20:17:21.472587+00:00,56
01600820,Kroger - Mt Vernon,KROGER,855 Coshocton Ave,Mount Vernon,OH,43050,7403931425,40.4010188,-82.4588259,,True,active,Returned by Kroger official Locations API on 2026-09-01,Kroger official Locations API,2026-09-01T20:17:21.472587+00:00,36
01600529,Kroger - Nelsonville,KROGER,965 Poplar St,Nelsonville,OH,45764,7407532984,39.4517722,-82.2207556,,True,active,Returned by Kroger official Locations API on 2026-09-01,Kroger official Locations API,2026-09-01T20:17:21.472587+00:00,23
01600313,Kroger - New Lex,KROGER,610 Carroll St,New Lexington,OH,43764,7403423578,39.7215345,-82.2031385,,True,active,Returned by Kroger official Locations API on 2026-09-01,Kroger official Locations API,2026-09-01T20:17:21.472587+00:00,25
01600128,Kroger Marketplace - Kroger Newark Marketplace,KROGER,1155 N 21st St,Newark,OH,43055,7402586677,40.08045,-82.429488,,True,active,Returned by Kroger official Locations API on 2026-09-01,Kroger official Locations API,2026-09-01T20:17:21.472587+00:00,37
01600938,Kroger - Navarre Ave,KROGER,3301 Navarre Ave,Oregon,OH,43616,4196914607,41.6383707,-83.469893,,True,active,Returned by Kroger official Locations API on 2026-09-01,Kroger official Locations API,2026-09-01T20:17:21.472587+00:00,34
01400412,Kroger - Oxford,KROGER,300 S Locust St,Oxford,OH,45056,5135232201,39.5069434,-84.7513025,,True,active,Returned by Kroger official Locations API on 2026-09-01,Kroger official Locations API,2026-09-01T20:17:21.472587+00:00,46
01600591,Kroger - Pataskala,KROGER,350 E Broad St,Pataskala,OH,43062,7409645100,40.006405,-82.664155,,True,active,Returned by Kroger official Locations API on 2026-09-01,Kroger official Locations API,2026-09-01T20:17:21.472587+00:00,39
01600548,Kroger Marketplace - Perrysburg Marketplace,KROGER,27322 Carronade Dr,Perrysburg,OH,43551,5673364658,41.5448493,-83.5981216,,True,active,Returned by Kroger official Locations API on 2026-09-01,Kroger official Locations API,2026-09-01T20:17:21.472587+00:00,37
01600538,Kroger - Pickerington,KROGER,1045 Hill Rd N,Pickerington,OH,43147,6147592761,39.9067394,-82.7794258,,True,active,Returned by Kroger official Locations API on 2026-09-01,Kroger official Locations API,2026-09-01T20:17:21.472587+00:00,44
01600532,Kroger - Refugee Road,KROGER,7833 Refugee Rd,Pickerington,OH,43147,6144170050,39.9058474,-82.7348924,,True,active,Returned by Kroger official Locations API on 2026-09-01,Kroger official Locations API,2026-09-01T20:17:21.472587+00:00,35
01400932,Kroger - Piqua,KROGER,1510 Covington Ave,Piqua,OH,45356,9376157000,40.1433803,-84.2649697,,True,active,Returned by Kroger official Locations API on 2026-09-01,Kroger official Locations API,2026-09-01T20:17:21.472587+00:00,43
01600385,Kroger - Plain City,KROGER,12116 Sycamore Trce,Plain City,OH,43064,6145044123,40.187798,-83.201358,,True,active,Returned by Kroger official Locations API on 2026-09-01,Kroger official Locations API,2026-09-01T20:17:21.472587+00:00,52
01600641,Kroger - Port Clinton,KROGER,2028 East Harbor Rd,Port Clinton,OH,43452,4197345597,41.5139574,-82.9023791,,True,active,Returned by Kroger official Locations API on 2026-09-01,Kroger official Locations API,2026-09-01T20:17:21.472587+00:00,30
01600575,Kroger - Portsmouth,KROGER,811 Gay St,Portsmouth,OH,45662,7403548621,38.736087,-82.9955819,,True,active,Returned by Kroger official Locations API on 2026-09-01,Kroger official Locations API,2026-09-01T20:17:21.472587+00:00,43
01600898,Kroger - Powell Rd,KROGER,3975 Powell Rd,Powell,OH,43065,6148895029,40.1569087,-83.0954752,,True,active,Returned by Kroger official Locations API on 2026-09-01,Kroger official Locations API,2026-09-01T20:17:21.472587+00:00,38
01600570,Kroger Marketplace - Powell Marketplace,KROGER,7525 GuardWell St,Powell,OH,43065,7409177800,40.193691,-83.093421,,True,active,Returned by Kroger official Locations API on 2026-09-01,Kroger official Locations API,2026-09-01T20:17:21.472587+00:00,51
02900781,Kroger - Proctorville,KROGER,6306 County Road 107,Proctorville,OH,45669,7408867146,38.4369666,-82.3867775,,True,active,Returned by Kroger official Locations API on 2026-09-01,Kroger official Locations API,2026-09-01T20:17:21.472587+00:00,24
01600232,Kroger - Kroger Reynoldsburg,KROGER,6580 E Main St,Reynoldsburg,OH,43068,6148665336,39.9557,-82.822659,,True,active,Returned by Kroger official Locations API on 2026-09-01,Kroger official Locations API,2026-09-01T20:17:21.472587+00:00,29
01600543,Kroger - Main Taylor,KROGER,8460 E Main St,Reynoldsburg,OH,43068,6145520777,39.9568784,-82.7732768,,True,active,Returned by Kroger official Locations API on 2026-09-01,Kroger official Locations API,2026-09-01T20:17:21.472587+00:00,34
01600812,Kroger - St Clairsville,KROGER,50789 Valley Plaza Dr,Saint Clairsville,OH,43950,7406957164,40.0756431,-80.8727375,,True,active,Returned by Kroger official Locations API on 2026-09-01,Kroger official Locations API,2026-09-01T20:17:21.472587+00:00,38
01400910,Kroger - Saint Marys,KROGER,475 Fortman Dr,Saint Marys,OH,45885,4193948920,40.5543188,-84.3847332,,True,active,Returned by Kroger official Locations API on 2026-09-01,Kroger official Locations API,2026-09-01T20:17:21.472587+00:00,35
01600858,Kroger Marketplace - Sandusky Marketplace,KROGER,226 E Perkins Ave,Sandusky,OH,44870,4192392623,41.4327101,-82.6943467,,True,active,Returned by Kroger official Locations API on 2026-09-01,Kroger official Locations API,2026-09-01T20:17:21.472587+00:00,39
01400913,Kroger - Sidney Oh,KROGER,2100 Michigan St,Sidney,OH,45365,9374977411,40.2898275,-84.186932,,True,active,Returned by Kroger official Locations API on 2026-09-01,Kroger official Locations API,2026-09-01T20:17:21.472587+00:00,42
01400925,Kroger - Kroger Springboro,KROGER,625 W Central Ave,Springboro,OH,45066,9377435900,39.560586,-84.256715,,True,active,Returned by Kroger official Locations API on 2026-09-01,Kroger official Locations API,2026-09-01T20:17:21.472587+00:00,28
01400741,Kroger - Derr Rd,KROGER,2989 Derr Rd,Springfield,OH,45503,9373902390,39.9660601,-83.7868154,,True,active,Returned by Kroger official Locations API on 2026-09-01,Kroger official Locations API,2026-09-01T20:17:21.472587+00:00,35
01400835,Kroger - E Main Street,KROGER,2728 E Main St,Springfield,OH,45503,9375256750,39.9251422,-83.7654031,,True,active,Returned by Kroger official Locations API on 2026-09-01,Kroger official Locations API,2026-09-01T20:17:21.472587+00:00,37
01400832,Kroger - N Bechtle Ave,KROGER,965 N Bechtle Ave,Springfield,OH,45504,9373230340,39.9371438,-83.8358305,,True,active,Returned by Kroger official Locations API on 2026-09-01,Kroger official Locations API,2026-09-01T20:17:21.472587+00:00,36
01600512,Kroger - Hollywood Plaza,KROGER,264 S Hollywood Blvd,Steubenville,OH,43952,7402645057,40.3670513,-80.6398458,,True,active,Returned by Kroger official Locations API on 2026-09-01,Kroger official Locations API,2026-09-01T20:17:21.472587+00:00,38
01600802,Kroger - Sunbury,KROGER,131 State Route 3,Sunbury,OH,43074,7409650500,40.2462815,-82.8686806,,True,active,Returned by Kroger official Locations API on 2026-09-01,Kroger official Locations API,2026-09-01T20:17:21.472587+00:00,47
01600504,Kroger - Swanton,KROGER,113 E Airport Hwy,Swanton,OH,43558,4198251985,41.5823415,-83.8856995,,True,active,Returned by Kroger official Locations API on 2026-09-01,Kroger official Locations API,2026-09-01T20:17:21.472587+00:00,29
01600895,Kroger - King and Sylvania,KROGER,7545 Sylvania Ave,Sylvania,OH,43560,4198412888,41.6867137,-83.7243376,,True,active,Returned by Kroger official Locations API on 2026-09-01,Kroger official Locations API,2026-09-01T20:17:21.472587+00:00,42
01600940,Kroger - Monroe and Harroun,KROGER,6235 Monroe St,Sylvania,OH,43560,4198855027,41.7148002,-83.6925293,,True,active,Returned by Kroger official Locations API on 2026-09-01,Kroger official Locations API,2026-09-01T20:17:21.472587+00:00,38
01600594,Kroger - Tiffin,KROGER,790 W Market St,Tiffin,OH,44883,4194478199,41.1128263,-83.2084353,,True,active,Returned by Kroger official Locations API on 2026-09-01,Kroger official Locations API,2026-09-01T20:17:21.472587+00:00,32
01600810,Kroger - Alexis Road,KROGER,833 W Alexis Rd,Toledo,OH,43612,4192696905,41.7195775,-83.5634297,,True,active,Returned by Kroger official Locations API on 2026-09-01,Kroger official Locations API,2026-09-01T20:17:21.472587+00:00,37
01600982,Kroger - Glendale Avenue,KROGER,2555 Glendale Ave,Toledo,OH,43614,4193854660,41.6114908,-83.6063349,,True,active,Returned by Kroger official Locations API on 2026-09-01,Kroger official Locations API,2026-09-01T20:17:21.472587+00:00,34
01600870,Kroger - Holland-Sylvania,KROGER,2257 N Holland Sylvania Rd,Toledo,OH,43615,4195786460,41.6625506,-83.6842845,,True,active,Returned by Kroger official Locations API on 2026-09-01,Kroger official Locations API,2026-09-01T20:17:21.472587+00:00,42
01600511,Kroger - Miracle Mile,KROGER,4925 Jackman Rd,Toledo,OH,43613,4194754394,41.7046165,-83.5865451,,True,active,Returned by Kroger official Locations API on 2026-09-01,Kroger official Locations API,2026-09-01T20:17:21.472587+00:00,41
01600957,Kroger - Monroe Secor,KROGER,4533 Monroe St,Toledo,OH,43613,4194719237,41.6873051,-83.6214643,,True,active,Returned by Kroger official Locations API on 2026-09-01,Kroger official Locations API,2026-09-01T20:17:21.472587+00:00,36
01600617,Kroger - Suder Avenue,KROGER,4633 Suder Ave,Toledo,OH,43611,4197272640,41.7056319,-83.5006105,,True,active,Returned by Kroger official Locations API on 2026-09-01,Kroger official Locations API,2026-09-01T20:17:21.472587+00:00,31
01600831,Kroger - Trimble,KROGER,19471 Lake Dr,Trimble,OH,45782,7407673062,39.4835771,-82.0798874,,True,active,Returned by Kroger official Locations API on 2026-09-01,Kroger official Locations API,2026-09-01T20:17:21.472587+00:00,14
01400984,Kroger Marketplace - Troy Marketplace,KROGER,731 W Market St,Troy,OH,45373,9375734400,40.030933,-84.22115,,True,active,Returned by Kroger official Locations API on 2026-09-01,Kroger official Locations API,2026-09-01T20:17:21.472587+00:00,62
01600328,Kroger - Henderson Rd,KROGER,1955 Henderson Rd,Upper Arlington,OH,43220,6144571825,40.0543055,-83.0725659,,True,active,Returned by Kroger official Locations API on 2026-09-01,Kroger official Locations API,2026-09-01T20:17:21.472587+00:00,37
01600824,Kroger - Urbana,KROGER,1637 E Us Highway 36,Urbana,OH,43078,9376522227,40.1034728,-83.7200728,,True,active,Returned by Kroger official Locations API on 2026-09-01,Kroger official Locations API,2026-09-01T20:17:21.472587+00:00,34
01400747,Kroger - Vandalia,KROGER,780 Northwoods Blvd,Vandalia,OH,45377,9372642400,39.8993538,-84.1841067,,True,active,Returned by Kroger official Locations API on 2026-09-01,Kroger official Locations API,2026-09-01T20:17:21.472587+00:00,45
01600822,Kroger - Washington Court House,KROGER,548 Clinton Ave,Washington Court House,OH,43160,7403354030,39.5340291,-83.4459289,,True,active,Returned by Kroger official Locations API on 2026-09-01,Kroger official Locations API,2026-09-01T20:17:21.472587+00:00,33
01600531,Kroger - Waterville,KROGER,8730 Waterville Swanton Rd,Waterville,OH,43566,4198781030,41.509023,-83.75036,,True,active,Returned by Kroger official Locations API on 2026-09-01,Kroger official Locations API,2026-09-01T20:17:21.472587+00:00,42
01600363,Kroger - Waverly,KROGER,220 Waverly Plz,Waverly,OH,45690,7409477738,39.1330466,-82.9766677,,True,active,Returned by Kroger official Locations API on 2026-09-01,Kroger official Locations API,2026-09-01T20:17:21.472587+00:00,32
01400959,Kroger - Crossings of Beckett,KROGER,8000 Princeton Glendale Rd,West Chester,OH,45069,5136828000,39.359131,-84.458158,,True,active,Returned by Kroger official Locations API on 2026-09-01,Kroger official Locations API,2026-09-01T20:17:21.472587+00:00,56
01400975,Kroger - Kroger Marketplace,KROGER,7855 Tylersville Rd,West Chester,OH,45069,5137777381,39.351208,-84.363381,,True,active,Returned by Kroger official Locations API on 2026-09-01,Kroger official Locations API,2026-09-01T20:17:21.472587+00:00,44
01600847,Kroger - Maxtown,KROGER,7345 State Route 3,Westerville,OH,43082,6147945555,40.1496446,-82.9208478,,True,active,Returned by Kroger official Locations API on 2026-09-01,Kroger official Locations API,2026-09-01T20:17:21.472587+00:00,40
01600920,Kroger - Schrock Rd,KROGER,55 W Schrock Rd,Westerville,OH,43081,6148908660,40.1082451,-82.9275624,,True,active,Returned by Kroger official Locations API on 2026-09-01,Kroger official Locations API,2026-09-01T20:17:21.472587+00:00,47
01600965,Kroger - Sunbury Rd,KROGER,5991 S Sunbury Rd,Westerville,OH,43081,6148951500,40.0845609,-82.8972695,,True,active,Returned by Kroger official Locations API on 2026-09-01,Kroger official Locations API,2026-09-01T20:17:21.472587+00:00,37
01600664,Kroger - Wheelersburg,KROGER,9101 Ohio River Rd,Wheelersburg,OH,45694,7405742171,38.7130139,-82.8580517,,True,active,Returned by Kroger official Locations API on 2026-09-01,Kroger official Locations API,2026-09-01T20:17:21.472587+00:00,26
01600897,Kroger - E Broad Whitehall,KROGER,3675 E Broad St,Whitehall,OH,43213,6142370076,39.9718358,-82.90313,,True,active,Returned by Kroger official Locations API on 2026-09-01,Kroger official Locations API,2026-09-01T20:17:21.472587+00:00,34
01600806,Kroger - Great Eastern,KROGER,850 S Hamilton Rd,Whitehall,OH,43213,6147592745,39.9587281,-82.8756602,,True,active,Returned by Kroger official Locations API on 2026-09-01,Kroger official Locations API,2026-09-01T20:17:21.472587+00:00,30
01400817,Kroger - Wilmington,KROGER,1230 Rombach Ave,Wilmington,OH,45177,9376555700,39.4464335,-83.8072486,,True,active,Returned by Kroger official Locations API on 2026-09-01,Kroger official Locations API,2026-09-01T20:17:21.472587+00:00,40
01600963,Kroger - Wintersville,KROGER,858 Main St,Wintersville,OH,43953,7402643248,40.3744036,-80.7035521,,True,active,Returned by Kroger official Locations API on 2026-09-01,Kroger official Locations API,2026-09-01T20:17:21.472587+00:00,28
01600879,Kroger - Worthington Woods,KROGER,1425 Worthington Centre Dr,Worthington,OH,43085,6148417410,40.1227589,-82.9794468,,True,active,Returned by Kroger official Locations API on 2026-09-01,Kroger official Locations API,2026-09-01T20:17:21.472587+00:00,37
01600273,Kroger Fresh Fare - Worthington Mall,KROGER,60 Worthington Mall,Worthington,OH,43085,6148853889,40.1091901,-83.017746,,True,active,Returned by Kroger official Locations API on 2026-09-01,Kroger official Locations API,2026-09-01T20:17:21.472587+00:00,36
01400829,Kroger - West Park Square,KROGER,1700 W Park Sq,Xenia,OH,45385,9373767962,39.6896087,-83.9582351,,True,active,Returned by Kroger official Locations API on 2026-09-01,Kroger official Locations API,2026-09-01T20:17:21.472587+00:00,34
01600891,Kroger - Zanesville,KROGER,3387 Maple Ave,Zanesville,OH,43701,7404505414,39.9827274,-82.0219037,,True,active,Returned by Kroger official Locations API on 2026-09-01,Kroger official Locations API,2026-09-01T20:17:21.472587+00:00,42
01100675,Kroger - Aiken,KROGER,1795 Whiskey Rd,Aiken,SC,29803,8036425280,33.5236551,-81.7220202,,True,active,Returned by Kroger official Locations API on 2026-09-01,Kroger official Locations API,2026-09-01T20:17:21.472587+00:00,44
01100499,Kroger - Belfair Towne Village,KROGER,125 Towne Dr,Bluffton,SC,29910,8438156070,32.2682593,-80.8583131,,True,active,Returned by Kroger official Locations API on 2026-09-01,Kroger official Locations API,2026-09-01T20:17:21.472587+00:00,39
01100703,Kroger Marketplace - Buckwalter Place,KROGER,27 Discovery Dr,Bluffton,SC,29910,8439897022,32.274199,-80.917438,,True,active,Returned by Kroger official Locations API on 2026-09-01,Kroger official Locations API,2026-09-01T20:17:21.472587+00:00,57
01100012,Kroger - Forest Acres,KROGER,3403 Forest Dr,Columbia,SC,29204,8037380225,34.0199676,-80.9912105,,True,active,Returned by Kroger official Locations API on 2026-09-01,Kroger official Locations API,2026-09-01T20:17:21.472587+00:00,31
01100448,Kroger - Sparkleberry Square SC,KROGER,10136 Two Notch Rd,Columbia,SC,29229,8037886171,34.114865,-80.882523,,True,active,Returned by Kroger official Locations API on 2026-09-01,Kroger official Locations API,2026-09-01T20:17:21.472587+00:00,42
01100678,Kroger Marketplace - Killians Crossing,KROGER,1028 Roberts Branch Pkwy,Columbia,SC,29203,8032347130,34.143218,-80.951511,,True,active,Returned by Kroger official Locations API on 2026-09-01,Kroger official Locations API,2026-09-01T20:17:21.472587+00:00,41
01100671,Kroger - Shelter Cove,KROGER,42 Shelter Cove Ln,Hilton Head,SC,29928,8438420540,32.1858848,-80.720339,,True,active,Returned by Kroger official Locations API on 2026-09-01,Kroger official Locations API,2026-09-01T20:17:21.472587+00:00,41
01100002,Kroger - Irmo Station - St Andrews Rd,KROGER,7467 Saint Andrews Rd Ste 6,Irmo,SC,29063,8037320423,34.085839,-81.186288,,True,active,Returned by Kroger official Locations API on 2026-09-01,Kroger official Locations API,2026-09-01T20:17:21.472587+00:00,40
01100025,Kroger - Garden City Beach,KROGER,2939 S Highway 17,Murrells Inlet,SC,29576,8432357101,33.5837914,-79.0125762,,True,active,Returned by Kroger official Locations API on 2026-09-01,Kroger official Locations API,2026-09-01T20:17:21.472587+00:00,39
01100026,Kroger - Carolina Forest Plaza,KROGER,3735 Renee Dr,Myrtle Beach,SC,29579,8432737102,33.7609408,-78.9663925,,True,active,Returned by Kroger official Locations API on 2026-09-01,Kroger official Locations API,2026-09-01T20:17:21.472587+00:00,40
01100016,Kroger - Galleria Shopping Center,KROGER,9610 N Kings Hwy,Myrtle Beach,SC,29572,8434499671,33.7770368,-78.7931153,,True,active,Returned by Kroger official Locations API on 2026-09-01,Kroger official Locations API,2026-09-01T20:17:21.472587+00:00,34
01100640,Kroger - River Commons,KROGER,1284 Knox Ave,North Augusta,SC,29841,8034424500,33.5063667,-81.9603801,,True,active,Returned by Kroger official Locations API on 2026-09-01,Kroger official Locations API,2026-09-01T20:17:21.472587+00:00,41
01100020,Kroger - Ocean Plaza,KROGER,781 Main St,North Myrtle Beach,SC,29582,8432499950,33.8265946,-78.6799374,,True,active,Returned by Kroger official Locations API on 2026-09-01,Kroger official Locations API,2026-09-01T20:17:21.472587+00:00,32
02600862,Kroger - Alcoa,KROGER,244 S Hall Rd,Alcoa,TN,37701,8659847130,35.7638937,-83.9715229,,True,active,Returned by Kroger official Locations API on 2026-09-01,Kroger official Locations API,2026-09-01T20:17:21.472587+00:00,35
02600520,Kroger - Hickory Hollow,KROGER,5319 Mount View Rd,Antioch,TN,37013,6157312321,36.049658,-86.647044,,True,active,Returned by Kroger official Locations API on 2026-09-01,Kroger official Locations API,2026-09-01T20:17:21.472587+00:00,31
02500463,Kroger - Arlington,KROGER,11635 Highway 70,Arlington,TN,38002,9012909280,35.2928907,-89.6739317,,True,active,Returned by Kroger official Locations API on 2026-09-01,Kroger official Locations API,2026-09-01T20:17:21.472587+00:00,2
02500483,Kroger Marketplace - Kroger Arlington,KROGER,5270 Airline Rd,Arlington,TN,38002,9017422838,35.269872,-89.6660288,,True,active,Returned by Kroger official Locations API on 2026-09-01,Kroger official Locations API,2026-09-01T20:17:21.472587+00:00,50
02500433,Kroger - Atoka,KROGER,11630 Highway 51 S,Atoka,TN,38004,9018375000,35.4407111,-89.7906539,,True,active,Returned by Kroger official Locations API on 2026-09-01,Kroger official Locations API,2026-09-01T20:17:21.472587+00:00,42
02500405,Kroger - Bartlett Towne Center,KROGER,5995 Stage Rd,Bartlett,TN,38134,9013857090,35.2023584,-89.8628405,,True,active,Returned by Kroger official Locations API on 2026-09-01,Kroger official Locations API,2026-09-01T20:17:21.472587+00:00,35
02500489,Kroger - Kirby Whitten,KROGER,2942 Kirby Whitten Rd,Bartlett,TN,38134,9013869595,35.2067231,-89.8380774,,True,active,Returned by Kroger official Locations API on 2026-09-01,Kroger official Locations API,2026-09-01T20:17:21.472587+00:00,28
02500456,Kroger - Summer Appling,KROGER,7615 Us Highway 70,Bartlett,TN,38133,9017583622,35.229631,-89.808114,,True,active,Returned by Kroger official Locations API on 2026-09-01,Kroger official Locations API,2026-09-01T20:17:21.472587+00:00,29
02600596,Kroger - Kroger Brentwood TN,KROGER,210 Franklin Rd Ste 100,Brentwood,TN,37027,6153773690,36.0316958,-86.7874982,,True,active,Returned by Kroger official Locations API on 2026-09-01,Kroger official Locations API,2026-09-01T20:17:21.472587+00:00,42
02600589,Kroger - Mill Creek,KROGER,6690 Nolensville Rd,Brentwood,TN,37027,6159417640,36.000391,-86.691218,,True,active,Returned by Kroger official Locations API on 2026-09-01,Kroger official Locations API,2026-09-01T20:17:21.472587+00:00,37
02600544,Kroger - Clarksville,KROGER,1489 Madison St,Clarksville,TN,37040,9315530250,36.5212082,-87.3299472,,True,active,Returned by Kroger official Locations API on 2026-09-01,Kroger official Locations API,2026-09-01T20:17:21.472587+00:00,35
02600582,Kroger - Dover Crossing,KROGER,110 Dover Crossing Rd,Clarksville,TN,37042,9319208807,36.5531243,-87.3982295,,True,active,Returned by Kroger official Locations API on 2026-09-01,Kroger official Locations API,2026-09-01T20:17:21.472587+00:00,33
02600580,Kroger - Kroger,KROGER,2015 Needmore Rd,Clarksville,TN,37042,9319190100,36.6279118,-87.35533,,True,active,Returned by Kroger official Locations API on 2026-09-01,Kroger official Locations API,2026-09-01T20:17:21.472587+00:00,45
02600540,Kroger - Lowes Drive,KROGER,2100 Lowes Dr,Clarksville,TN,37040,9319063510,36.5755649,-87.3067488,,True,active,Returned by Kroger official Locations API on 2026-09-01,Kroger official Locations API,2026-09-01T20:17:21.472587+00:00,40
02500387,Kroger - Collierville - New Byhalia,KROGER,240 New Byhalia Rd,Collierville,TN,38017,9018531330,35.0475701,-89.6870714,,True,active,Returned by Kroger official Locations API on 2026-09-01,Kroger official Locations API,2026-09-01T20:17:21.472587+00:00,41
02500481,Kroger - Houston Levee - Collierville,KROGER,3685 S Houston Levee Rd,Collierville,TN,38017,9018542705,35.0479573,-89.7358832,,True,active,Returned by Kroger official Locations API on 2026-09-01,Kroger official Locations API,2026-09-01T20:17:21.472587+00:00,36
02600507,Kroger - James Campbell Blvd,KROGER,1202 S James M Campbell Blvd Ste 1,Columbia,TN,38401,9313889002,35.6013785,-87.0620471,,True,active,Returned by Kroger official Locations API on 2026-09-01,Kroger official Locations API,2026-09-01T20:17:21.472587+00:00,38
02600538,Kroger - Nashville Highway,KROGER,845 Nashville Hwy,Columbia,TN,38401,9313810263,35.6305349,-87.0274778,,True,active,Returned by Kroger official Locations API on 2026-09-01,Kroger official Locations API,2026-09-01T20:17:21.472587+00:00,36
02600893,Kroger - Cookeville,KROGER,445 S Jefferson Ave,Cookeville,TN,38501,9315264575,36.1539568,-85.5019574,,True,active,Returned by Kroger official Locations API on 2026-09-01,Kroger official Locations API,2026-09-01T20:17:21.472587+00:00,39
02500426,Kroger - Dexter - Cordova,KROGER,1675 N Germantown Pkwy,Cordova,TN,38016,9016241338,35.170857,-89.7953846,,True,active,Returned by Kroger official Locations API on 2026-09-01,Kroger official Locations API,2026-09-01T20:17:21.472587+00:00,34
02500457,Kroger - Houston Levee Macon,KROGER,1230 N Houston Levee Rd,Cordova,TN,38018,9017511840,35.158957,-89.7256573,,True,active,Returned by Kroger official Locations API on 2026-09-01,Kroger official Locations API,2026-09-01T20:17:21.472587+00:00,29
02500410,Kroger - Trinity,KROGER,676 N Germantown Pkwy,Cordova,TN,38018,9017568908,35.1434069,-89.7928789,,True,active,Returned by Kroger official Locations API on 2026-09-01,Kroger official Locations API,2026-09-01T20:17:21.472587+00:00,36
02600599,Kroger - Highland Square,KROGER,265 Highland Sq,Crossville,TN,38555,9314567646,35.9582978,-85.0458226,,True,active,Returned by Kroger official Locations API on 2026-09-01,Kroger official Locations API,2026-09-01T20:17:21.472587+00:00,31
02600597,Kroger Pharmacy - Crossville Rx,KROGER,126 Stonehenge Dr,Crossville,TN,38558,9314840333,36.008639,-84.885558,,True,active,Returned by Kroger official Locations API on 2026-09-01,Kroger official Locations API,2026-09-01T20:17:21.472587+00:00,2
02600503,Kroger - Decherd SC,KROGER,1840 Decherd Blvd,Decherd,TN,37324,9319671203,35.2047324,-86.0916013,,True,active,Returned by Kroger official Locations API on 2026-09-01,Kroger official Locations API,2026-09-01T20:17:21.472587+00:00,27
02600523,Kroger - Dickson,KROGER,143 Henslee Dr,Dickson,TN,37055,6154465186,36.0772908,-87.3715617,,True,active,Returned by Kroger official Locations API on 2026-09-01,Kroger official Locations API,2026-09-01T20:17:21.472587+00:00,40
02500392,Kroger - Dyersburg,KROGER,2525 Lake Rd,Dyersburg,TN,38024,7312850380,36.0632241,-89.3972485,,True,active,Returned by Kroger official Locations API on 2026-09-01,Kroger official Locations API,2026-09-01T20:17:21.472587+00:00,26
02600686,Kroger Marketplace - Campbell Station Exchange,KROGER,189 Brooklawn St,Farragut,TN,37934,8656717910,35.8801613,-84.1571118,,True,active,Returned by Kroger official Locations API on 2026-09-01,Kroger official Locations API,2026-09-01T20:17:21.472587+00:00,52
02600592,Kroger - Alexander Plaza,KROGER,1203 Murfreesboro Rd,Franklin,TN,37064,6157901124,35.917724,-86.831732,,True,active,Returned by Kroger official Locations API on 2026-09-01,Kroger official Locations API,2026-09-01T20:17:21.472587+00:00,48
02600526,Kroger - Cool Springs,KROGER,2020 Mallory Ln,Franklin,TN,37067,6157717922,35.9508457,-86.8166931,,True,active,Returned by Kroger official Locations API on 2026-09-01,Kroger official Locations API,2026-09-01T20:17:21.472587+00:00,37
02600576,Kroger - Independence Square,KROGER,595 Hillsboro Rd Ste 305,Franklin,TN,37064,6157901618,35.9329581,-86.8802121,,True,active,Returned by Kroger official Locations API on 2026-09-01,Kroger official Locations API,2026-09-01T20:17:21.472587+00:00,39
02600570,Kroger - Parkway Commons,KROGER,3054 Columbia Ave,Franklin,TN,37064,6157946506,35.89369,-86.880956,,True,active,Returned by Kroger official Locations API on 2026-09-01,Kroger official Locations API,2026-09-01T20:17:21.472587+00:00,35
02600568,Kroger - Westhaven Town Village,KROGER,411 Whitman St,Franklin,TN,37064,6154729860,35.9289693,-86.9183785,,True,active,Returned by Kroger official Locations API on 2026-09-01,Kroger official Locations API,2026-09-01T20:17:21.472587+00:00,35
02600897,Kroger - Gallatin,KROGER,845 Nashville Pike,Gallatin,TN,37066,6154512803,36.3780958,-86.4653698,,True,active,Returned by Kroger official Locations API on 2026-09-01,Kroger official Locations API,2026-09-01T20:17:21.472587+00:00,36
02600569,Kroger Marketplace - Gallatin Marketplace,KROGER,2011 Nashville Pike,Gallatin,TN,37066,6152303900,36.3434076,-86.5260974,,True,active,Returned by Kroger official Locations API on 2026-09-01,Kroger official Locations API,2026-09-01T20:17:21.472587+00:00,57
02500419,Kroger - Germantown - Farmington,KROGER,7735 Farmington Blvd,Germantown,TN,38138,9017583400,35.09418,-89.80549,,True,active,Returned by Kroger official Locations API on 2026-09-01,Kroger official Locations API,2026-09-01T20:17:21.472587+00:00,39
02600541,Kroger - Goodlettsville Northcreek,KROGER,123 Northcreek Blvd,Goodlettsville,TN,37072,6158591016,36.326508,-86.698693,,True,active,Returned by Kroger official Locations API on 2026-09-01,Kroger official Locations API,2026-09-01T20:17:21.472587+00:00,32
02600628,Kroger - Harriman,KROGER,1820 Roane State Hwy,Harriman,TN,37748,8657173130,35.8921879,-84.5507907,,True,active,Returned by Kroger official Locations API on 2026-09-01,Kroger official Locations API,2026-09-01T20:17:21.472587+00:00,39
02600519,Kroger - Drakes Creek Kroger,KROGER,170 E Main St Ste 300,Hendersonville,TN,37075,6158226155,36.307642,-86.607067,,True,active,Returned by Kroger official Locations API on 2026-09-01,Kroger official Locations API,2026-09-01T20:17:21.472587+00:00,3
02600571,Kroger - Glenbrook,KROGER,1010 Glenbrook Way,Hendersonville,TN,37075,6158220193,36.3335003,-86.6211301,,True,active,Returned by Kroger official Locations API on 2026-09-01,Kroger official Locations API,2026-09-01T20:17:21.472587+00:00,34
02600619,Kroger - Kroger Main St Hendersonville TN,KROGER,237 E Main St,Hendersonville,TN,37075,6158226155,36.307923,-86.600332,,True,active,Returned by Kroger official Locations API on 2026-09-01,Kroger official Locations API,2026-09-01T20:17:21.472587+00:00,38
02600518,Kroger - Northlake Village,KROGER,5544 Old Hickory Blvd,Hermitage,TN,37076,6158834441,36.1815902,-86.6050795,,True,active,Returned by Kroger official Locations API on 2026-09-01,Kroger official Locations API,2026-09-01T20:17:21.472587+00:00,49
02600866,Kroger - Shute Lane,KROGER,4400 Lebanon Pike,Hermitage,TN,37076,6158833317,36.2165504,-86.6040025,,True,active,Returned by Kroger official Locations API on 2026-09-01,Kroger official Locations API,2026-09-01T20:17:21.472587+00:00,40
02500398,Kroger - Lynwood Place,KROGER,941 N Parkway,Jackson,TN,38305,7314234839,35.6520378,-88.8273288,,True,active,Returned by Kroger official Locations API on 2026-09-01,Kroger official Locations API,2026-09-01T20:17:21.472587+00:00,25
02500468,Kroger - University Commons,KROGER,35 W University Pkwy,Jackson,TN,38305,7316607106,35.697373,-88.831186,,True,active,Returned by Kroger official Locations API on 2026-09-01,Kroger official Locations API,2026-09-01T20:17:21.472587+00:00,28
02500448,Kroger - West Towne Commons,KROGER,41 Stonebrook Pl,Jackson,TN,38305,7316610910,35.6884295,-88.8582965,,True,active,Returned by Kroger official Locations API on 2026-09-01,Kroger official Locations API,2026-09-01T20:17:21.472587+00:00,30
02900367,Kroger - State Of Franklin,KROGER,1805 W State Of Franklin Rd,Johnson City,TN,37604,4239291408,36.2998505,-82.3803117,,True,active,Returned by Kroger official Locations API on 2026-09-01,Kroger official Locations API,2026-09-01T20:17:21.472587+00:00,37
02900261,Kroger - Sunset,KROGER,112 Sunset Dr,Johnson City,TN,37604,4232825656,36.343499,-82.379842,,True,active,Returned by Kroger official Locations API on 2026-09-01,Kroger official Locations API,2026-09-01T20:17:21.472587+00:00,35
02600558,Kroger - Ashville Hwy,KROGER,4414 Asheville Hwy,Knoxville,TN,37914,8655212922,36.0039787,-83.8646774,,True,active,Returned by Kroger official Locations API on 2026-09-01,Kroger official Locations API,2026-09-01T20:17:21.472587+00:00,27
02600506,Kroger - Broadway Shopping Center,KROGER,2217 N Broadway St,Knoxville,TN,37917,8655231268,35.9927756,-83.9217285,,True,active,Returned by Kroger official Locations API on 2026-09-01,Kroger official Locations API,2026-09-01T20:17:21.472587+00:00,29
02600531,Kroger - Chapman Square,KROGER,4409 Chapman Hwy,Knoxville,TN,37920,8655773977,35.9327173,-83.9064235,,True,active,Returned by Kroger official Locations API on 2026-09-01,Kroger official Locations API,2026-09-01T20:17:21.472587+00:00,32
02600549,Kroger - Crown Point Plaza,KROGER,6702 Clinton Hwy,Knoxville,TN,37912,8659473283,36.008673,-84.023638,,True,active,Returned by Kroger official Locations API on 2026-09-01,Kroger official Locations API,2026-09-01T20:17:21.472587+00:00,41
02600848,Kroger - Knox Plaza,KROGER,4918 Kingston Pike,Knoxville,TN,37919,8655840201,35.9398422,-83.9846994,,True,active,Returned by Kroger official Locations API on 2026-09-01,Kroger official Locations API,2026-09-01T20:17:21.472587+00:00,38
02600698,Kroger - Knoxville,KROGER,5201 N Broadway St,Knoxville,TN,37918,8656861015,36.0328769,-83.9316503,,True,active,Returned by Kroger official Locations API on 2026-09-01,Kroger official Locations API,2026-09-01T20:17:21.472587+00:00,37
02600530,Kroger - Middlebrook Pike,KROGER,9161 Middlebrook Pike,Knoxville,TN,37923,8656709940,35.9428005,-84.0934177,,True,active,Returned by Kroger official Locations API on 2026-09-01,Kroger official Locations API,2026-09-01T20:17:21.472587+00:00,41
02600525,Kroger - Northshore,KROGER,9501 S Northshore Dr,Knoxville,TN,37922,8656939005,35.8625823,-84.0689519,,True,active,Returned by Kroger official Locations API on 2026-09-01,Kroger official Locations API,2026-09-01T20:17:21.472587+00:00,40
02600684,Kroger Marketplace - Landings At Cedar Bluff,KROGER,9225 Kingston Pike,Knoxville,TN,37922,8659857960,35.9135532,-84.0893748,,True,active,Returned by Kroger official Locations API on 2026-09-01,Kroger official Locations API,2026-09-01T20:17:21.472587+00:00,38
02600566,Kroger - LaVergne,KROGER,5145 Murfreesboro Rd,La Vergne,TN,37086,6155359001,36.021983,-86.5761689,,True,active,Returned by Kroger official Locations API on 2026-09-01,Kroger official Locations API,2026-09-01T20:17:21.472587+00:00,32
02500440,Kroger - Stonebridge Crossing SC,KROGER,9025 US Highway 64,Lakeland,TN,38002,9013819065,35.2026087,-89.7620749,,True,active,Returned by Kroger official Locations API on 2026-09-01,Kroger official Locations API,2026-09-01T20:17:21.472587+00:00,34
02600868,Kroger - Lawrence Commons,KROGER,1700 N Locust Ave,Lawrenceburg,TN,38464,9317660016,35.2620493,-87.3222967,,True,active,Returned by Kroger official Locations API on 2026-09-01,Kroger official Locations API,2026-09-01T20:17:21.472587+00:00,33
02600557,Kroger - Lebanon,KROGER,1418 W Main St Ste A,Lebanon,TN,37087,6154494631,36.2144749,-86.3308348,,True,active,Returned by Kroger official Locations API on 2026-09-01,Kroger official Locations API,2026-09-01T20:17:21.472587+00:00,43
02600534,Kroger - Lewisburg,KROGER,301 S Ellington Pkwy,Lewisburg,TN,37091,9313598399,35.4430686,-86.7729409,,True,active,Returned by Kroger official Locations API on 2026-09-01,Kroger official Locations API,2026-09-01T20:17:21.472587+00:00,30
02600514,Kroger - Old Hickory SC,KROGER,200 Gallatin Pike S,Madison,TN,37115,6158657956,36.2618285,-86.7140814,,True,active,Returned by Kroger official Locations API on 2026-09-01,Kroger official Locations API,2026-09-01T20:17:21.472587+00:00,41
02600683,Kroger Marketplace - Maryville Marketplace,KROGER,507 Foothills Plz,Maryville,TN,37801,8652387433,35.741639,-83.9944156,,True,active,Returned by Kroger official Locations API on 2026-09-01,Kroger official Locations API,2026-09-01T20:17:21.472587+00:00,42
02600892,Kroger - McMinnville,KROGER,1410 Sparta St,Mcminnville,TN,37110,9314732436,35.6933672,-85.7474595,,True,active,Returned by Kroger official Locations API on 2026-09-01,Kroger official Locations API,2026-09-01T20:17:21.472587+00:00,24
02500425,Kroger - Frayser,KROGER,2632 Frayser Blvd,Memphis,TN,38127,9013538281,35.2226893,-89.9767774,,True,active,Returned by Kroger official Locations API on 2026-09-01,Kroger official Locations API,2026-09-01T20:17:21.472587+00:00,21
02500401,Kroger - Gleneagles,KROGER,4770 Riverdale Rd,Memphis,TN,38141,9017567291,35.0184403,-89.8290087,,True,active,Returned by Kroger official Locations API on 2026-09-01,Kroger official Locations API,2026-09-01T20:17:21.472587+00:00,29
02500451,Kroger - Kirby Quince,KROGER,2835 Kirby Rd,Memphis,TN,38119,9013531822,35.0717736,-89.8444667,,True,active,Returned by Kroger official Locations API on 2026-09-01,Kroger official Locations API,2026-09-01T20:17:21.472587+00:00,29
02500339,Kroger - Kirby Woods,KROGER,6660 Poplar Ave,Memphis,TN,38138,9017540354,35.1004283,-89.8410286,,True,active,Returned by Kroger official Locations API on 2026-09-01,Kroger official Locations API,2026-09-01T20:17:21.472587+00:00,37
02500430,Kroger - Mendenhall Sanderlin,KROGER,540 S Mendenhall Rd,Memphis,TN,38117,9016838846,35.1164026,-89.8942599,,True,active,Returned by Kroger official Locations API on 2026-09-01,Kroger official Locations API,2026-09-01T20:17:21.472587+00:00,34
02500415,Kroger - Poplar Cleveland,KROGER,1366 Poplar Ave,Memphis,TN,38104,9012727881,35.145316,-90.0147766,,True,active,Returned by Kroger official Locations API on 2026-09-01,Kroger official Locations API,2026-09-01T20:17:21.472587+00:00,24
02500488,Kroger - Poplar Plaza,KROGER,3444 Plaza Ave,Memphis,TN,38111,9013230191,35.130589,-89.947924,,True,active,Returned by Kroger official Locations API on 2026-09-01,Kroger official Locations API,2026-09-01T20:17:21.472587+00:00,39
02500438,Kroger - Raleigh,KROGER,3860 Austin Peay Hwy,Memphis,TN,38128,9013834841,35.2311122,-89.8953313,,True,active,Returned by Kroger official Locations API on 2026-09-01,Kroger official Locations API,2026-09-01T20:17:21.472587+00:00,24
02500439,Kroger - Summer Avenue,KROGER,4264 Summer Ave,Memphis,TN,38122,9017631556,35.1504701,-89.9184469,,True,active,Returned by Kroger official Locations API on 2026-09-01,Kroger official Locations API,2026-09-01T20:17:21.472587+00:00,26
02500491,Kroger - Truse Pkwy,KROGER,799 Truse Pkwy,Memphis,TN,38117,9016822989,35.1098894,-89.8941685,,True,active,Returned by Kroger official Locations API on 2026-09-01,Kroger official Locations API,2026-09-01T20:17:21.472587+00:00,33
02500402,Kroger - Union Ave,KROGER,1759 Union Ave,Memphis,TN,38104,9012728630,35.1352501,-90.0036334,,True,active,Returned by Kroger official Locations API on 2026-09-01,Kroger official Locations API,2026-09-01T20:17:21.472587+00:00,37
02500486,Kroger - Whitehaven,KROGER,1212 E Shelby Dr,Memphis,TN,38116,9013468606,35.0226866,-90.0234125,,True,active,Returned by Kroger official Locations API on 2026-09-01,Kroger official Locations API,2026-09-01T20:17:21.472587+00:00,23
02500437,Kroger - Winchester Hacks,KROGER,7942 Winchester Rd,Memphis,TN,38125,9017583609,35.0500753,-89.7980517,,True,active,Returned by Kroger official Locations API on 2026-09-01,Kroger official Locations API,2026-09-01T20:17:21.472587+00:00,31
02500393,Kroger - Millington,KROGER,8039 US Highway 51 N,Millington,TN,38053,9018726741,35.3465066,-89.9069324,,True,active,Returned by Kroger official Locations API on 2026-09-01,Kroger official Locations API,2026-09-01T20:17:21.472587+00:00,24
02600590,Kroger - Mt Juliet Road,KROGER,4120 N Mount Juliet Rd,Mount Juliet,TN,37122,6157738700,36.2293536,-86.5164023,,True,active,Returned by Kroger official Locations API on 2026-09-01,Kroger official Locations API,2026-09-01T20:17:21.472587+00:00,38
02600578,Kroger - Providence Market Place,KROGER,401 S Mount Juliet Rd Ste 200,Mount Juliet,TN,37122,6157583300,36.1648406,-86.5119615,,True,active,Returned by Kroger official Locations API on 2026-09-01,Kroger official Locations API,2026-09-01T20:17:21.472587+00:00,40
02600529,Kroger - Georgetown Square,KROGER,1776 W Northfield Blvd,Murfreesboro,TN,37129,6158909873,35.8714147,-86.4155548,,True,active,Returned by Kroger official Locations API on 2026-09-01,Kroger official Locations API,2026-09-01T20:17:21.472587+00:00,35
02600543,Kroger - Innsbrooke Square,KROGER,2946 S Church St,Murfreesboro,TN,37127,6152172752,35.7901152,-86.4022656,,True,active,Returned by Kroger official Locations API on 2026-09-01,Kroger official Locations API,2026-09-01T20:17:21.472587+00:00,41
02600539,Kroger - Irongate Village,KROGER,2325 Memorial Blvd,Murfreesboro,TN,37129,6158672216,35.8865043,-86.3845199,,True,active,Returned by Kroger official Locations API on 2026-09-01,Kroger official Locations API,2026-09-01T20:17:21.472587+00:00,36
02600565,Kroger - Kroger TN,KROGER,4432 Veterans Pkwy,Murfreesboro,TN,37128,6156488500,35.844714,-86.491627,,True,active,Returned by Kroger official Locations API on 2026-09-01,Kroger official Locations API,2026-09-01T20:17:21.472587+00:00,44
02600564,Kroger - Rutherford Crossing,KROGER,2050 Lascassas Pike,Murfreesboro,TN,37130,6159076223,35.8728633,-86.3522028,,True,active,Returned by Kroger official Locations API on 2026-09-01,Kroger official Locations API,2026-09-01T20:17:21.472587+00:00,46
02600532,Kroger - Stonetrace Commons,KROGER,2449 Old Fort Pkwy,Murfreesboro,TN,37128,6159042545,35.843384,-86.44165,,True,active,Returned by Kroger official Locations API on 2026-09-01,Kroger official Locations API,2026-09-01T20:17:21.472587+00:00,49
02600550,Kroger - Bellevue Hwy 100,KROGER,8141 Highway 100,Nashville,TN,37221,6156628885,36.043359,-86.956547,,True,active,Returned by Kroger official Locations API on 2026-09-01,Kroger official Locations API,2026-09-01T20:17:21.472587+00:00,41
02600527,Kroger - Bellevue Hwy 70,KROGER,7087 Highway 70 S,Nashville,TN,37221,6156621330,36.073104,-86.919554,,True,active,Returned by Kroger official Locations API on 2026-09-01,Kroger official Locations API,2026-09-01T20:17:21.472587+00:00,36
02600533,Kroger - Bordeaux,KROGER,3930 Clarksville Pike,Nashville,TN,37218,6158765337,36.2097851,-86.8375039,,True,active,Returned by Kroger official Locations API on 2026-09-01,Kroger official Locations API,2026-09-01T20:17:21.472587+00:00,32
02600542,Kroger - Briley Pkwy,KROGER,61 E Thompson Ln,Nashville,TN,37211,6158320852,36.10982,-86.725133,,True,active,Returned by Kroger official Locations API on 2026-09-01,Kroger official Locations API,2026-09-01T20:17:21.472587+00:00,33
02600547,Kroger - Charlotte Pike,KROGER,5705 Charlotte Pike,Nashville,TN,37209,6153525352,36.1484077,-86.860767,,True,active,Returned by Kroger official Locations API on 2026-09-01,Kroger official Locations API,2026-09-01T20:17:21.472587+00:00,31
02600880,Kroger - East Nashville,KROGER,711 Gallatin Ave,Nashville,TN,37206,6152266880,36.1843151,-86.74704,,True,active,Returned by Kroger official Locations API on 2026-09-01,Kroger official Locations API,2026-09-01T20:17:21.472587+00:00,36
02600537,Kroger - Edmondson Pike,KROGER,5713 Edmondson Pike,Nashville,TN,37211,6153159205,36.0391566,-86.7454001,,True,active,Returned by Kroger official Locations API on 2026-09-01,Kroger official Locations API,2026-09-01T20:17:21.472587+00:00,40
02600895,Kroger - Green Hills,KROGER,2131 Abbott Martin Rd,Nashville,TN,37215,6152977531,36.105975,-86.818705,,True,active,Returned by Kroger official Locations API on 2026-09-01,Kroger official Locations API,2026-09-01T20:17:21.472587+00:00,40
02600851,Kroger - Hickory Plaza,KROGER,5771 Nolensville Pike,Nashville,TN,37211,6158348666,36.0464067,-86.7152077,,True,active,Returned by Kroger official Locations API on 2026-09-01,Kroger official Locations API,2026-09-01T20:17:21.472587+00:00,32
02600884,Kroger - Inglewood,KROGER,3410 Gallatin Pike,Nashville,TN,37216,6152275053,36.210179,-86.7315587,,True,active,Returned by Kroger official Locations API on 2026-09-01,Kroger official Locations API,2026-09-01T20:17:21.472587+00:00,37
02600567,Kroger - Kroger Hillsboro Village Nashville TN,KROGER,2201 21st Ave S,Nashville,TN,37212,6159818847,36.130199,-86.802569,,True,active,Returned by Kroger official Locations API on 2026-09-01,Kroger official Locations API,2026-09-01T20:17:21.472587+00:00,23
02600845,Kroger - McGavock Pike,KROGER,143 Mcgavock Pike,Nashville,TN,37214,6158830121,36.1706942,-86.6787276,,True,active,Returned by Kroger official Locations API on 2026-09-01,Kroger official Locations API,2026-09-01T20:17:21.472587+00:00,39
02600511,Kroger - Melrose,KROGER,2615 8th Ave S,Nashville,TN,37204,6152975517,36.1198785,-86.7774787,,True,active,Returned by Kroger official Locations API on 2026-09-01,Kroger official Locations API,2026-09-01T20:17:21.472587+00:00,35
02600502,Kroger - Monroe,KROGER,800 Monroe St,Nashville,TN,37208,6152566506,36.175869,-86.794258,,True,active,Returned by Kroger official Locations API on 2026-09-01,Kroger official Locations API,2026-09-01T20:17:21.472587+00:00,48
02600574,Kroger - Nashboro Village,KROGER,2284 Murfreesboro Pike,Nashville,TN,37217,6153996697,36.0885604,-86.6472921,,True,active,Returned by Kroger official Locations API on 2026-09-01,Kroger official Locations API,2026-09-01T20:17:21.472587+00:00,37
02600093,Kroger Pharmacy - Metro Nashville Public Schools Employee Drive Thru Clinics,KROGER,2694 Fessey Court,Nashville,TN,37204,6156003854,36.12117,-86.7682345,,True,active,Returned by Kroger official Locations API on 2026-09-01,Kroger official Locations API,2026-09-01T20:17:21.472587+00:00,4
02600690,Kroger Marketplace - Oak Ridge Marketplace,KROGER,1550 Oak Ridge Tpke,Oak Ridge,TN,37830,8652940212,36.012933,-84.268219,,True,active,Returned by Kroger official Locations API on 2026-09-01,Kroger official Locations API,2026-09-01T20:17:21.472587+00:00,55
02500462,Kroger - Oakland,KROGER,7265 Highway 64,Oakland,TN,38060,9014650681,35.2311387,-89.514115,,True,active,Returned by Kroger official Locations API on 2026-09-01,Kroger official Locations API,2026-09-01T20:17:21.472587+00:00,30
02500391,Kroger - Paris,KROGER,1059 Mineral Wells Ave,Paris,TN,38242,7316441075,36.2876885,-88.3081471,,True,active,Returned by Kroger official Locations API on 2026-09-01,Kroger official Locations API,2026-09-01T20:17:21.472587+00:00,16
02600536,Kroger - Pigeon Forge,KROGER,220 Wears Valley Rd,Pigeon Forge,TN,37863,8654290874,35.804633,-83.5820911,,True,active,Returned by Kroger official Locations API on 2026-09-01,Kroger official Locations API,2026-09-01T20:17:21.472587+00:00,43
02600670,Kroger Marketplace - Kroger Powell,KROGER,234 E Emory Rd,Powell,TN,37849,8657617100,36.0444656,-84.003608,,True,active,Returned by Kroger official Locations API on 2026-09-01,Kroger official Locations API,2026-09-01T20:17:21.472587+00:00,40
02500484,Kroger - Savannah,KROGER,775 Pickwick St,Savannah,TN,38372,7319259700,35.2165381,-88.2440677,,True,active,Returned by Kroger official Locations API on 2026-09-01,Kroger official Locations API,2026-09-01T20:17:21.472587+00:00,20
02600562,Kroger - Sevierville,KROGER,702 Winfield Dunn Pkwy,Sevierville,TN,37876,8654291198,35.8793843,-83.5753107,,True,active,Returned by Kroger official Locations API on 2026-09-01,Kroger official Locations API,2026-09-01T20:17:21.472587+00:00,36
02600581,Kroger - Seymour Shopping,KROGER,10721 Chapman Hwy,Seymour,TN,37865,8656091909,35.8771278,-83.774359,,True,active,Returned by Kroger official Locations API on 2026-09-01,Kroger official Locations API,2026-09-01T20:17:21.472587+00:00,29
02600559,Kroger - Shelbyville,KROGER,1010 N Main St,Shelbyville,TN,37160,9316840681,35.497436,-86.4565596,,True,active,Returned by Kroger official Locations API on 2026-09-01,Kroger official Locations API,2026-09-01T20:17:21.472587+00:00,30
02600553,Kroger - Innsbrooke,KROGER,463 W Sam Ridley Pkwy,Smyrna,TN,37167,6153558329,35.9834,-86.5512,,True,active,Returned by Kroger official Locations API on 2026-09-01,Kroger official Locations API,2026-09-01T20:17:21.472587+00:00,36
02600594,Kroger - Spring Hill,KROGER,4900 Port Royal Rd,Spring Hill,TN,37174,9315602141,35.7413483,-86.8917805,,True,active,Returned by Kroger official Locations API on 2026-09-01,Kroger official Locations API,2026-09-01T20:17:21.472587+00:00,47
02600575,Kroger - Springfield,KROGER,2600 Memorial Blvd,Springfield,TN,37172,6153827822,36.4886529,-86.8632737,,True,active,Returned by Kroger official Locations API on 2026-09-01,Kroger official Locations API,2026-09-01T20:17:21.472587+00:00,33
02600588,Kroger Marketplace - Thompson Station Mktplace,KROGER,4726 Traders Way,Thompsons Station,TN,37179,6157915346,35.7847981,-86.9155773,,True,active,Returned by Kroger official Locations API on 2026-09-01,Kroger official Locations API,2026-09-01T20:17:21.472587+00:00,43
02600561,Kroger - Tullahoma,KROGER,1905 N Jackson St Ste 500,Tullahoma,TN,37388,9314550842,35.3852079,-86.2359806,,True,active,Returned by Kroger official Locations API on 2026-09-01,Kroger official Locations API,2026-09-01T20:17:21.472587+00:00,30
02600545,Kroger - White House,KROGER,510 Highway 76,White House,TN,37188,6156723175,36.4704109,-86.6660059,,True,active,Returned by Kroger official Locations API on 2026-09-01,Kroger official Locations API,2026-09-01T20:17:21.472587+00:00,31
03500870,Kroger - Addison Town Center,KROGER,3770 Belt Line Rd,Addison,TX,75001,9726200001,32.9505772,-96.8528047,,True,active,Returned by Kroger official Locations API on 2026-09-01,Kroger official Locations API,2026-09-01T20:17:21.472587+00:00,27
03500544,Kroger - Bethany Park,KROGER,1212 E Bethany Dr,Allen,TX,75002,9727279299,33.0826588,-96.6444984,,True,active,Returned by Kroger official Locations API on 2026-09-01,Kroger official Locations API,2026-09-01T20:17:21.472587+00:00,40
03500548,Kroger - Exchange,KROGER,1210 N Greenville Ave,Allen,TX,75002,2143837100,33.1159361,-96.6497261,,True,active,Returned by Kroger official Locations API on 2026-09-01,Kroger official Locations API,2026-09-01T20:17:21.472587+00:00,36
03500568,Kroger - McDermott,KROGER,1320 W McDermott Dr,Allen,TX,75013,2144950202,33.1025275,-96.7004674,,True,active,Returned by Kroger official Locations API on 2026-09-01,Kroger official Locations API,2026-09-01T20:17:21.472587+00:00,34
03400321,Kroger - Alvin,KROGER,3100 S Gordon St,Alvin,TX,77511,2813883400,29.3983525,-95.2493295,,True,active,Returned by Kroger official Locations API on 2026-09-01,Kroger official Locations API,2026-09-01T20:17:21.472587+00:00,33
03400256,Kroger - Angleton,KROGER,1804 N Velasco St,Angleton,TX,77515,9798491283,29.1833604,-95.4308915,,True,active,Returned by Kroger official Locations API on 2026-09-01,Kroger official Locations API,2026-09-01T20:17:21.472587+00:00,26
03500413,Kroger - Arkansas Lane,KROGER,2580 E Arkansas Ln,Arlington,TX,76014,8178612255,32.704555,-97.064937,,True,active,Returned by Kroger official Locations API on 2026-09-01,Kroger official Locations API,2026-09-01T20:17:21.472587+00:00,26
03500435,Kroger - Ascension,KROGER,2475 Ascension Blvd,Arlington,TX,76006,8178606900,32.77498,-97.081864,,True,active,Returned by Kroger official Locations API on 2026-09-01,Kroger official Locations API,2026-09-01T20:17:21.472587+00:00,26
03500445,Kroger - Cooper,KROGER,5330 S Cooper St,Arlington,TX,76017,8174729491,32.6608137,-97.136084,,True,active,Returned by Kroger official Locations API on 2026-09-01,Kroger official Locations API,2026-09-01T20:17:21.472587+00:00,32
03500538,Kroger - Creekside Plaza,KROGER,2350 SE Green Oaks Blvd,Arlington,TX,76018,8174190614,32.6592425,-97.0660419,,True,active,Returned by Kroger official Locations API on 2026-09-01,Kroger official Locations API,2026-09-01T20:17:21.472587+00:00,26
03500688,Kroger - Ensenada,KROGER,301 S Bowen Rd,Arlington,TX,76013,8172775289,32.7332331,-97.1485804,,True,active,Returned by Kroger official Locations API on 2026-09-01,Kroger official Locations API,2026-09-01T20:17:21.472587+00:00,20
03500695,Kroger - Green Oaks Village,KROGER,5701 W Pleasant Ridge Rd,Arlington,TX,76016,8174830666,32.6828611,-97.1934749,,True,active,Returned by Kroger official Locations API on 2026-09-01,Kroger official Locations API,2026-09-01T20:17:21.472587+00:00,36
03500543,Kroger - Lamar,KROGER,945 W Lamar Blvd,Arlington,TX,76012,8172779811,32.7627302,-97.1177483,,True,active,Returned by Kroger official Locations API on 2026-09-01,Kroger official Locations API,2026-09-01T20:17:21.472587+00:00,35
03500851,Kroger - Pioneer Plaza,KROGER,2210 S Fielder Rd,Arlington,TX,76013,8172773505,32.7078771,-97.1338196,,True,active,Returned by Kroger official Locations API on 2026-09-01,Kroger official Locations API,2026-09-01T20:17:21.472587+00:00,24
03500592,Kroger Marketplace - Arlington Marketplace,KROGER,5101 W Sublett Rd,Arlington,TX,76017,8175163762,32.6487,-97.188804,,True,active,Returned by Kroger official Locations API on 2026-09-01,Kroger official Locations API,2026-09-01T20:17:21.472587+00:00,57
03500492,Kroger - Balch Springs,KROGER,11925 Elam Rd,Balch Springs,TX,75180,9725571272,32.7203186,-96.6208266,,True,active,Returned by Kroger official Locations API on 2026-09-01,Kroger official Locations API,2026-09-01T20:17:21.472587+00:00,21
03500572,Kroger Marketplace - Bartonville,KROGER,3400 FM 407 E,Bartonville,TX,76226,9402948331,33.075135,-97.130365,,True,active,Returned by Kroger official Locations API on 2026-09-01,Kroger official Locations API,2026-09-01T20:17:21.472587+00:00,39
03400974,Kroger - Old Baytown,KROGER,1700 N Alexander Dr,Baytown,TX,77520,2814228251,29.7402016,-94.9520568,,True,active,Returned by Kroger official Locations API on 2026-09-01,Kroger official Locations API,2026-09-01T20:17:21.472587+00:00,26
03400150,Kroger Marketplace - Garth,KROGER,6315 Garth Rd,Baytown,TX,77521,3462164154,29.792322,-94.982799,,True,active,Returned by Kroger official Locations API on 2026-09-01,Kroger official Locations API,2026-09-01T20:17:21.472587+00:00,55
03400325,Kroger - Dowlen,KROGER,3965 Dowlen Rd,Beaumont,TX,77706,4098995925,30.1168632,-94.1708088,,True,active,Returned by Kroger official Locations API on 2026-09-01,Kroger official Locations API,2026-09-01T20:17:21.472587+00:00,33
03400328,Kroger - Phelan,KROGER,3845 Phelan Blvd,Beaumont,TX,77707,4098333575,30.0831801,-94.142254,,True,active,Returned by Kroger official Locations API on 2026-09-01,Kroger official Locations API,2026-09-01T20:17:21.472587+00:00,29
03500521,Kroger - Bedford,KROGER,2109 Harwood Rd,Bedford,TX,76021,8176859266,32.8535589,-97.1332386,,True,active,Returned by Kroger official Locations API on 2026-09-01,Kroger official Locations API,2026-09-01T20:17:21.472587+00:00,27
03400383,Kroger - Boonville,KROGER,2303 Boonville Rd,Bryan,TX,77808,9797748366,30.674468,-96.336373,,True,active,Returned by Kroger official Locations API on 2026-09-01,Kroger official Locations API,2026-09-01T20:17:21.472587+00:00,35
03500591,Kroger Marketplace - Burleson,KROGER,1631 SW Wilshire Blvd,Burleson,TX,76028,8172585951,32.516585,-97.349245,,True,active,Returned by Kroger official Locations API on 2026-09-01,Kroger official Locations API,2026-09-01T20:17:21.472587+00:00,40
03500460,Kroger - Carrollton,KROGER,4038 Old Denton Rd,Carrollton,TX,75007,9725123354,33.0196594,-96.9133308,,True,active,Returned by Kroger official Locations API on 2026-09-01,Kroger official Locations API,2026-09-01T20:17:21.472587+00:00,36
03500436,Kroger - Cedar Hill,KROGER,235 E FM 1382,Cedar Hill,TX,75104,9722917333,32.5984833,-96.9395269,,True,active,Returned by Kroger official Locations API on 2026-09-01,Kroger official Locations API,2026-09-01T20:17:21.472587+00:00,28
03500415,Kroger - Cleburne,KROGER,1617 W Henderson St,Cleburne,TX,76033,8176410771,32.3370984,-97.4130168,,True,active,Returned by Kroger official Locations API on 2026-09-01,Kroger official Locations API,2026-09-01T20:17:21.472587+00:00,19
03400149,Kroger Marketplace - Oyster Creek,KROGER,800 N Dixie Dr,Clute,TX,77531,9795294391,29.038284,-95.421385,,True,active,Returned by Kroger official Locations API on 2026-09-01,Kroger official Locations API,2026-09-01T20:17:21.472587+00:00,50
03400361,Kroger - Rock Prairie,KROGER,3535 Longmire Dr,College Station,TX,77845,9794858773,30.5817058,-96.2860029,,True,active,Returned by Kroger official Locations API on 2026-09-01,Kroger official Locations API,2026-09-01T20:17:21.472587+00:00,39
03400357,Kroger - 336 North,KROGER,2222 Interstate 45 N,Conroe,TX,77301,9364417333,30.336172,-95.477188,,True,active,Returned by Kroger official Locations API on 2026-09-01,Kroger official Locations API,2026-09-01T20:17:21.472587+00:00,36
03400136,Kroger Marketplace - S Loop Conroe,KROGER,341 S Loop 336 W,Conroe,TX,77304,9362701026,30.276312,-95.464914,,True,active,Returned by Kroger official Locations API on 2026-09-01,Kroger official Locations API,2026-09-01T20:17:21.472587+00:00,52
03500448,Kroger - Coppell,KROGER,950 E Sandy Lake Rd,Coppell,TX,75019,9724628584,32.9707799,-96.9609775,,True,active,Returned by Kroger official Locations API on 2026-09-01,Kroger official Locations API,2026-09-01T20:17:21.472587+00:00,36
03500590,Kroger - Crowley,KROGER,1004 S Crowley Rd,Crowley,TX,76036,8172970005,32.5633168,-97.3538622,,True,active,Returned by Kroger official Locations API on 2026-09-01,Kroger official Locations API,2026-09-01T20:17:21.472587+00:00,33
03400352,Kroger - Barker Cypress,KROGER,18030 FM 529 Rd,Cypress,TX,77433,2815509493,29.881445,-95.68556,,True,active,Returned by Kroger official Locations API on 2026-09-01,Kroger official Locations API,2026-09-01T20:17:21.472587+00:00,28
03400362,Kroger - Cyfair Town Center,KROGER,17455 Spring Cypress Rd,Cypress,TX,77429,2813040859,29.9710183,-95.6901248,,True,active,Returned by Kroger official Locations API on 2026-09-01,Kroger official Locations API,2026-09-01T20:17:21.472587+00:00,38
03400327,Kroger - Grant,KROGER,13135 Louetta Rd,Cypress,TX,77429,2813797753,29.9941259,-95.6215342,,True,active,Returned by Kroger official Locations API on 2026-09-01,Kroger official Locations API,2026-09-01T20:17:21.472587+00:00,35
03400179,Kroger Marketplace - Fairfield,KROGER,20355 Cypresswood Dr,Cypress,TX,77433,8329523179,29.990255,-95.736796,,True,active,Returned by Kroger official Locations API on 2026-09-01,Kroger official Locations API,2026-09-01T20:17:21.472587+00:00,60
03400115,Kroger Marketplace - Town Lake,KROGER,9703 Barker Cypress Rd,Cypress,TX,77433,2817463644,29.9191828,-95.689644,,True,active,Returned by Kroger official Locations API on 2026-09-01,Kroger official Locations API,2026-09-01T20:17:21.472587+00:00,43
540FC005,Kroger - - Dallas Shed,KROGER,4221 Telephone Rd,Dallas,TX,75241,9999999999,32.637835,-96.7537283,,True,active,Returned by Kroger official Locations API on 2026-09-01,Kroger official Locations API,2026-09-01T20:17:21.472587+00:00,0
03500588,Kroger - Forest Lane,KROGER,9140 Forest Ln,Dallas,TX,75243,2142210939,32.9081859,-96.7449827,,True,active,Returned by Kroger official Locations API on 2026-09-01,Kroger official Locations API,2026-09-01T20:17:21.472587+00:00,34
03500518,Kroger - Kroger Dallas,KROGER,5665 E Mockingbird Ln,Dallas,TX,75206,2148262901,32.838522,-96.770778,,True,active,Returned by Kroger official Locations API on 2026-09-01,Kroger official Locations API,2026-09-01T20:17:21.472587+00:00,47
03500587,Kroger - Midway,KROGER,3939 Frankford Rd,Dallas,TX,75287,9726621000,32.9985436,-96.8460385,,True,active,Returned by Kroger official Locations API on 2026-09-01,Kroger official Locations API,2026-09-01T20:17:21.472587+00:00,41
03500511,Kroger - Northview Plaza,KROGER,10677 E Northwest Hwy,Dallas,TX,75238,2145530607,32.8656047,-96.7015117,,True,active,Returned by Kroger official Locations API on 2026-09-01,Kroger official Locations API,2026-09-01T20:17:21.472587+00:00,33
03500689,Kroger - Preston Trail,KROGER,17194 Preston Rd,Dallas,TX,75248,9729315794,32.9844762,-96.8011721,,True,active,Returned by Kroger official Locations API on 2026-09-01,Kroger official Locations API,2026-09-01T20:17:21.472587+00:00,31
03500213,Kroger - Wynnewood Village,KROGER,752 Wynnewood Village Shp Ctr,Dallas,TX,75224,2149418311,32.7256809,-96.8328635,,True,active,Returned by Kroger official Locations API on 2026-09-01,Kroger official Locations API,2026-09-01T20:17:21.472587+00:00,24
03500529,Kroger Fresh Fare - Capitol Ave,KROGER,4241 Capitol Ave,Dallas,TX,75204,9723383100,32.806507,-96.78906,,True,active,Returned by Kroger official Locations API on 2026-09-01,Kroger official Locations API,2026-09-01T20:17:21.472587+00:00,39
03500528,Kroger Fresh Fare - Cedar Springs Road,KROGER,4142 Cedar Springs Rd,Dallas,TX,75219,2145999859,32.813434,-96.812323,,True,active,Returned by Kroger official Locations API on 2026-09-01,Kroger official Locations API,2026-09-01T20:17:21.472587+00:00,34
03500509,Kroger Fresh Fare - Maple Ave,KROGER,4901 Maple Ave,Dallas,TX,75235,9727251269,32.813971,-96.829108,,True,active,Returned by Kroger official Locations API on 2026-09-01,Kroger official Locations API,2026-09-01T20:17:21.472587+00:00,40
03500586,Kroger - Denton Crossing,KROGER,1592 S Loop 288,Denton,TX,76205,9405666075,33.1952229,-97.0957443,,True,active,Returned by Kroger official Locations API on 2026-09-01,Kroger official Locations API,2026-09-01T20:17:21.472587+00:00,40
03500570,Kroger - Hickory Creek,KROGER,5021 Hickory Creek Rd,Denton,TX,76210,9403804100,33.145944,-97.101944,,True,active,Returned by Kroger official Locations API on 2026-09-01,Kroger official Locations API,2026-09-01T20:17:21.472587+00:00,40
03500493,Kroger - University,KROGER,500 W University Dr,Denton,TX,76201,9405666791,33.2319915,-97.1378391,,True,active,Returned by Kroger official Locations API on 2026-09-01,Kroger official Locations API,2026-09-01T20:17:21.472587+00:00,43
03500545,Kroger - Desoto Crossing,KROGER,1001 N Interstate 35 E STE 500,Desoto,TX,75115,9722242737,32.6072379,-96.8254372,,True,active,Returned by Kroger official Locations API on 2026-09-01,Kroger official Locations API,2026-09-01T20:17:21.472587+00:00,27
03500527,Kroger - Duncanville,KROGER,200 W Camp Wisdom Rd,Duncanville,TX,75116,9722989962,32.6606682,-96.9092398,,True,active,Returned by Kroger official Locations API on 2026-09-01,Kroger official Locations API,2026-09-01T20:17:21.472587+00:00,27
03500451,Kroger - Euless,KROGER,1060 N Main St,Euless,TX,76039,8175711008,32.8511403,-97.0806903,,True,active,Returned by Kroger official Locations API on 2026-09-01,Kroger official Locations API,2026-09-01T20:17:21.472587+00:00,39
03500456,Kroger - Flower Mound Town Centre,KROGER,2709 Cross Timbers Rd,Flower Mound,TX,75028,9723550997,33.0347564,-97.0720894,,True,active,Returned by Kroger official Locations API on 2026-09-01,Kroger official Locations API,2026-09-01T20:17:21.472587+00:00,37
03500585,Kroger - The Pines,KROGER,1101 Flower Mound Rd,Flower Mound,TX,75028,4696715770,33.0096573,-97.0469111,,True,active,Returned by Kroger official Locations API on 2026-09-01,Kroger official Locations API,2026-09-01T20:17:21.472587+00:00,36
03500579,Kroger Marketplace - Forney Marketplace,KROGER,500 Marketplace Blvd,Forney,TX,75126,9725648489,32.748842,-96.450153,,True,active,Returned by Kroger official Locations API on 2026-09-01,Kroger official Locations API,2026-09-01T20:17:21.472587+00:00,38
03500224,Kroger - Alta Mesa,KROGER,3510 Altamesa Blvd,Fort Worth,TX,76133,8172945911,32.6516241,-97.3665364,,True,active,Returned by Kroger official Locations API on 2026-09-01,Kroger official Locations API,2026-09-01T20:17:21.472587+00:00,26
03500530,Kroger - Basswood,KROGER,1653 Basswood Blvd,Fort Worth,TX,76131,6823166386,32.872194,-97.340178,,True,active,Returned by Kroger official Locations API on 2026-09-01,Kroger official Locations API,2026-09-01T20:17:21.472587+00:00,34
03500536,Kroger - Beach Western,KROGER,6650 N Beach St,Fort Worth,TX,76137,8177881688,32.8629642,-97.2889218,,True,active,Returned by Kroger official Locations API on 2026-09-01,Kroger official Locations API,2026-09-01T20:17:21.472587+00:00,35
03500532,Kroger - Fort Worth,KROGER,5241 North Tarrant Pkwy,Fort Worth,TX,76244,8173806180,32.895935,-97.270465,,True,active,Returned by Kroger official Locations API on 2026-09-01,Kroger official Locations API,2026-09-01T20:17:21.472587+00:00,48
03500562,Kroger - Timberland Crossing,KROGER,12600 N Beach St,Fort Worth,TX,76244,8175623900,32.9563127,-97.2799103,,True,active,Returned by Kroger official Locations API on 2026-09-01,Kroger official Locations API,2026-09-01T20:17:21.472587+00:00,43
03500439,Kroger - Westside Market,KROGER,9114 Camp Bowie West Blvd,Fort Worth,TX,76116,8172442576,32.7258885,-97.4772811,,True,active,Returned by Kroger official Locations API on 2026-09-01,Kroger official Locations API,2026-09-01T20:17:21.472587+00:00,27
03500520,Kroger Fresh Fare - TCU Store,KROGER,3120 S University Dr,Fort Worth,TX,76109,8175667860,32.7045397,-97.3610417,,True,active,Returned by Kroger official Locations API on 2026-09-01,Kroger official Locations API,2026-09-01T20:17:21.472587+00:00,30
03500542,Kroger Marketplace - Alliance,KROGER,3300 Texas Sage Trl,Fort Worth,TX,76177,8177502040,32.9115648,-97.3093219,,True,active,Returned by Kroger official Locations API on 2026-09-01,Kroger official Locations API,2026-09-01T20:17:21.472587+00:00,44
03500576,Kroger Marketplace - Bailey Boswell,KROGER,4750 W Bailey Boswell Rd,Fort Worth,TX,76179,6823167507,32.882802,-97.395084,,True,active,Returned by Kroger official Locations API on 2026-09-01,Kroger official Locations API,2026-09-01T20:17:21.472587+00:00,38
03500541,Kroger Marketplace - Bonds Ranch Marketplace,KROGER,113 E Bonds Ranch Rd,Fort Worth,TX,76131,8174845073,32.9254903,-97.356342,,True,active,Returned by Kroger official Locations API on 2026-09-01,Kroger official Locations API,2026-09-01T20:17:21.472587+00:00,39
03400744,Kroger - Autumn Creek,KROGER,3135 E FM 528 Rd,Friendswood,TX,77546,2815574563,29.5208856,-95.1600336,,True,active,Returned by Kroger official Locations API on 2026-09-01,Kroger official Locations API,2026-09-01T20:17:21.472587+00:00,45
03400743,Kroger - Old Friendswood,KROGER,151 N Friendswood Dr,Friendswood,TX,77546,2819920830,29.5356005,-95.2058696,,True,active,Returned by Kroger official Locations API on 2026-09-01,Kroger official Locations API,2026-09-01T20:17:21.472587+00:00,32
03500546,Kroger - Legacy,KROGER,4851 Legacy Dr,Frisco,TX,75034,9723779001,33.117634,-96.8415887,,True,active,Returned by Kroger official Locations API on 2026-09-01,Kroger official Locations API,2026-09-01T20:17:21.472587+00:00,37
03500547,Kroger - Main Street Village,KROGER,3205 Main St,Frisco,TX,75034,9727126740,33.1510134,-96.8619029,,True,active,Returned by Kroger official Locations API on 2026-09-01,Kroger official Locations API,2026-09-01T20:17:21.472587+00:00,39
03500560,Kroger - Prestonbrook,KROGER,7500 Preston Rd,Frisco,TX,75034,9723770850,33.1404762,-96.802656,,True,active,Returned by Kroger official Locations API on 2026-09-01,Kroger official Locations API,2026-09-01T20:17:21.472587+00:00,36
03500561,Kroger Marketplace - Custer Star,KROGER,12221 Custer Rd,Frisco,TX,75035,2144915000,33.177135,-96.735347,,True,active,Returned by Kroger official Locations API on 2026-09-01,Kroger official Locations API,2026-09-01T20:17:21.472587+00:00,46
03400302,Kroger - Galveston,KROGER,5730 Seawall Blvd,Galveston,TX,77551,4097418580,29.2690344,-94.8241219,,True,active,Returned by Kroger official Locations API on 2026-09-01,Kroger official Locations API,2026-09-01T20:17:21.472587+00:00,41
03500559,Kroger - Garland Towne Centre,KROGER,1406 W Walnut St,Garland,TX,75042,9724944487,32.9145293,-96.6498875,,True,active,Returned by Kroger official Locations API on 2026-09-01,Kroger official Locations API,2026-09-01T20:17:21.472587+00:00,27
03500557,Kroger - Shiloh Springs,KROGER,6850 N Shiloh Rd,Garland,TX,75044,9724964603,32.9773088,-96.663853,,True,active,Returned by Kroger official Locations API on 2026-09-01,Kroger official Locations API,2026-09-01T20:17:21.472587+00:00,35
03500917,Kroger Marketplace - Granbury,KROGER,3915 E US Highway 377,Granbury,TX,76049,6824984222,32.453756,-97.726804,,True,active,Returned by Kroger official Locations API on 2026-09-01,Kroger official Locations API,2026-09-01T20:17:21.472587+00:00,38
03500817,Kroger - Great Southwest Pkwy,KROGER,2525 W Interstate 20,Grand Prairie,TX,75052,9729881335,32.673468,-97.0425858,,True,active,Returned by Kroger official Locations API on 2026-09-01,Kroger official Locations API,2026-09-01T20:17:21.472587+00:00,29
03500191,Kroger - Plaza 303,KROGER,313 E Pioneer Pkwy,Grand Prairie,TX,75051,9722642384,32.7081839,-97.0011089,,True,active,Returned by Kroger official Locations API on 2026-09-01,Kroger official Locations API,2026-09-01T20:17:21.472587+00:00,23
03500490,Kroger - Henderson,KROGER,2415 Us Highway 79 S,Henderson,TX,75654,9036573501,32.1292267,-94.8078204,,True,active,Returned by Kroger official Locations API on 2026-09-01,Kroger official Locations API,2026-09-01T20:17:21.472587+00:00,21
03400737,Kroger - 1960 Eldridge,KROGER,12400 Fm 1960 Rd W,Houston,TX,77065,8322374860,29.9240479,-95.6044646,,True,active,Returned by Kroger official Locations API on 2026-09-01,Kroger official Locations API,2026-09-01T20:17:21.472587+00:00,27
03400748,Kroger - 249 Cypresswood,KROGER,10010 Cypresswood Dr,Houston,TX,77070,2818079095,29.9833388,-95.5659001,,True,active,Returned by Kroger official Locations API on 2026-09-01,Kroger official Locations API,2026-09-01T20:17:21.472587+00:00,29
03400366,Kroger - Antoine Town Center,KROGER,12434 State Highway 249,Houston,TX,77086,2812720005,29.9123338,-95.477855,,True,active,Returned by Kroger official Locations API on 2026-09-01,Kroger official Locations API,2026-09-01T20:17:21.472587+00:00,27
03400739,Kroger - Beltway 8 West,KROGER,9125 W Sam Houston Pkwy N,Houston,TX,77064,2814770701,29.9041147,-95.5556225,,True,active,Returned by Kroger official Locations API on 2026-09-01,Kroger official Locations API,2026-09-01T20:17:21.472587+00:00,37
03400347,Kroger - Bissonett,KROGER,9303 Highway 6 S,Houston,TX,77083,7134742100,29.6782723,-95.6410691,,True,active,Returned by Kroger official Locations API on 2026-09-01,Kroger official Locations API,2026-09-01T20:17:21.472587+00:00,30
03400349,Kroger - Briar Forest,KROGER,1520 Eldridge Pkwy,Houston,TX,77077,2814966063,29.7575194,-95.6273977,,True,active,Returned by Kroger official Locations API on 2026-09-01,Kroger official Locations API,2026-09-01T20:17:21.472587+00:00,37
03400314,Kroger - Buffalo Speedway,KROGER,5150 Buffalo Speedway,Houston,TX,77005,7136618305,29.7271706,-95.4308336,,True,active,Returned by Kroger official Locations API on 2026-09-01,Kroger official Locations API,2026-09-01T20:17:21.472587+00:00,43
03400351,Kroger - Channelview,KROGER,14710 Woodforest Blvd,Houston,TX,77015,7134531175,29.789622,-95.1592932,,True,active,Returned by Kroger official Locations API on 2026-09-01,Kroger official Locations API,2026-09-01T20:17:21.472587+00:00,27
03400161,Kroger - Country Place,KROGER,14344 Memorial Dr,Houston,TX,77079,2814931702,29.7711949,-95.5992075,,True,active,Returned by Kroger official Locations API on 2026-09-01,Kroger official Locations API,2026-09-01T20:17:21.472587+00:00,27
03400371,Kroger - Cypress N Houston,KROGER,12222 Jones Rd,Houston,TX,77070,8329127474,29.9517459,-95.5823718,,True,active,Returned by Kroger official Locations API on 2026-09-01,Kroger official Locations API,2026-09-01T20:17:21.472587+00:00,28
03400395,Kroger - Cypress Station,KROGER,360 Cypress Creek Pkwy,Houston,TX,77090,2813976633,30.0215311,-95.4353922,,True,active,Returned by Kroger official Locations API on 2026-09-01,Kroger official Locations API,2026-09-01T20:17:21.472587+00:00,30
03400735,Kroger - Dairy Ashford,KROGER,12555 Briar Forest Dr,Houston,TX,77077,2814969186,29.7524539,-95.605287,,True,active,Returned by Kroger official Locations API on 2026-09-01,Kroger official Locations API,2026-09-01T20:17:21.472587+00:00,35
03400374,Kroger - Easton Commons,KROGER,8550 Highway 6 N,Houston,TX,77095,2814634573,29.9025308,-95.6317137,,True,active,Returned by Kroger official Locations API on 2026-09-01,Kroger official Locations API,2026-09-01T20:17:21.472587+00:00,30
03400385,Kroger - El Camino Real,KROGER,16400 El Camino Real,Houston,TX,77062,2812862540,29.558579,-95.124616,,True,active,Returned by Kroger official Locations API on 2026-09-01,Kroger official Locations API,2026-09-01T20:17:21.472587+00:00,32
03400300,Kroger - El Dorado,KROGER,1950 El Dorado Blvd,Houston,TX,77062,2814802678,29.5779161,-95.1204152,,True,active,Returned by Kroger official Locations API on 2026-09-01,Kroger official Locations API,2026-09-01T20:17:21.472587+00:00,38
03400396,Kroger - Eldridge Lakes Town Center,KROGER,6350 N Eldridge Pkwy,Houston,TX,77041,7138966101,29.8653988,-95.6067981,,True,active,Returned by Kroger official Locations API on 2026-09-01,Kroger official Locations API,2026-09-01T20:17:21.472587+00:00,36
03400363,Kroger - Elmside,KROGER,9919 Westheimer Rd,Houston,TX,77042,7135325566,29.7363883,-95.5452668,,True,active,Returned by Kroger official Locations API on 2026-09-01,Kroger official Locations API,2026-09-01T20:17:21.472587+00:00,36
03400311,Kroger - Jersey Village,KROGER,9330 Jones Rd,Houston,TX,77065,2818947094,29.9082773,-95.5835528,,True,active,Returned by Kroger official Locations API on 2026-09-01,Kroger official Locations API,2026-09-01T20:17:21.472587+00:00,35
03400740,Kroger - Kirby,KROGER,7747 Kirby Dr,Houston,TX,77030,7136617175,29.6958915,-95.4154996,,True,active,Returned by Kroger official Locations API on 2026-09-01,Kroger official Locations API,2026-09-01T20:17:21.472587+00:00,39
03400313,Kroger - Meyerland,KROGER,10306 S Post Oak Rd,Houston,TX,77035,7137217691,29.6693074,-95.4639306,,True,active,Returned by Kroger official Locations API on 2026-09-01,Kroger official Locations API,2026-09-01T20:17:21.472587+00:00,40
03400356,Kroger - Oak Forest,KROGER,1352 W 43Rd St,Houston,TX,77018,7136810901,29.828825,-95.4320364,,True,active,Returned by Kroger official Locations API on 2026-09-01,Kroger official Locations API,2026-09-01T20:17:21.472587+00:00,37
03400223,Kroger - Polk,KROGER,4000 Polk St,Houston,TX,77023,7132245105,29.7397664,-95.3404338,,True,active,Returned by Kroger official Locations API on 2026-09-01,Kroger official Locations API,2026-09-01T20:17:21.472587+00:00,17
03400355,Kroger - River Oaks,KROGER,1938 W Gray St,Houston,TX,77019,7135211909,29.7540862,-95.4054526,,True,active,Returned by Kroger official Locations API on 2026-09-01,Kroger official Locations API,2026-09-01T20:17:21.472587+00:00,36
03400746,Kroger - Sabo,KROGER,11701 S Sam Houston Pkwy E,Houston,TX,77089,2814847754,29.6032731,-95.2148462,,True,active,Returned by Kroger official Locations API on 2026-09-01,Kroger official Locations API,2026-09-01T20:17:21.472587+00:00,36
03400312,Kroger - Shepherd,KROGER,1035 N Shepherd Dr,Houston,TX,77008,7138804496,29.7896671,-95.4111566,,True,active,Returned by Kroger official Locations API on 2026-09-01,Kroger official Locations API,2026-09-01T20:17:21.472587+00:00,42
03400017,Kroger - Studemont,KROGER,1440 Studemont St,Houston,TX,77007,8327082286,29.773344,-95.389864,,True,active,Returned by Kroger official Locations API on 2026-09-01,Kroger official Locations API,2026-09-01T20:17:21.472587+00:00,41
03400156,Kroger - Telephone Road,KROGER,6322 Telephone Rd,Houston,TX,77087,7136445434,29.674677,-95.2910216,,True,active,Returned by Kroger official Locations API on 2026-09-01,Kroger official Locations API,2026-09-01T20:17:21.472587+00:00,25
03400309,Kroger - Voss,KROGER,1801 S Voss Rd,Houston,TX,77057,7137807497,29.7482786,-95.5001017,,True,active,Returned by Kroger official Locations API on 2026-09-01,Kroger official Locations API,2026-09-01T20:17:21.472587+00:00,37
03400346,Kroger - Wirt,KROGER,1505 Wirt Rd,Houston,TX,77055,7137229800,29.7967052,-95.4864659,,True,active,Returned by Kroger official Locations API on 2026-09-01,Kroger official Locations API,2026-09-01T20:17:21.472587+00:00,36
03400331,Kroger - Woodforest,KROGER,12620 Woodforest Blvd,Houston,TX,77015,7134518121,29.7894759,-95.2009541,,True,active,Returned by Kroger official Locations API on 2026-09-01,Kroger official Locations API,2026-09-01T20:17:21.472587+00:00,33
03400128,Kroger Marketplace - Summerwood,KROGER,14221 E Sam Houston Pkwy N,Houston,TX,77044,2816702057,29.9242174,-95.2036449,,True,active,Returned by Kroger official Locations API on 2026-09-01,Kroger official Locations API,2026-09-01T20:17:21.472587+00:00,51
03400318,Kroger - Atascocita,KROGER,19300 W Lake Houston Pkwy,Humble,TX,77346,2818124422,30.001079,-95.1609357,,True,active,Returned by Kroger official Locations API on 2026-09-01,Kroger official Locations API,2026-09-01T20:17:21.472587+00:00,35
03400190,Kroger - Townsen,KROGER,9475 FM 1960 Bypass Rd W,Humble,TX,77338,2819735089,30.007065,-95.281223,,True,active,Returned by Kroger official Locations API on 2026-09-01,Kroger official Locations API,2026-09-01T20:17:21.472587+00:00,31
03400367,Kroger - Will Clayton,KROGER,3820 Atascocita Rd,Humble,TX,77396,2818122147,29.978981,-95.2150261,,True,active,Returned by Kroger official Locations API on 2026-09-01,Kroger official Locations API,2026-09-01T20:17:21.472587+00:00,33
03400145,Kroger - Huntsville,KROGER,223 Interstate 45 S,Huntsville,TX,77340,9369997000,30.709438,-95.568188,,True,active,Returned by Kroger official Locations API on 2026-09-01,Kroger official Locations API,2026-09-01T20:17:21.472587+00:00,44
03500844,Kroger - Hurst Store,KROGER,708 E Pipeline Rd,Hurst,TX,76053,8172859515,32.82255,-97.1590664,,True,active,Returned by Kroger official Locations API on 2026-09-01,Kroger official Locations API,2026-09-01T20:17:21.472587+00:00,19
03500577,Kroger - Las Colinas,KROGER,7505 N Macarthur Blvd,Irving,TX,75063,9728318357,32.908531,-96.960932,,True,active,Returned by Kroger official Locations API on 2026-09-01,Kroger official Locations API,2026-09-01T20:17:21.472587+00:00,43
03500402,Kroger - Northgate Hills,KROGER,3612 N Belt Line Rd,Irving,TX,75062,9722527413,32.855108,-96.9908465,,True,active,Returned by Kroger official Locations API on 2026-09-01,Kroger official Locations API,2026-09-01T20:17:21.472587+00:00,29
03500495,Kroger - South Irving,KROGER,515 S Macarthur Blvd,Irving,TX,75060,9722598023,32.8095186,-96.9609646,,True,active,Returned by Kroger official Locations API on 2026-09-01,Kroger official Locations API,2026-09-01T20:17:21.472587+00:00,24
03500429,Kroger - Story,KROGER,2201 W Grauwyler Rd,Irving,TX,75061,9727905745,32.8294759,-96.9747318,,True,active,Returned by Kroger official Locations API on 2026-09-01,Kroger official Locations API,2026-09-01T20:17:21.472587+00:00,24
03400733,Kroger - Bay Hill,KROGER,1550 W Grand Pkwy S,Katy,TX,77494,2816930603,29.7580735,-95.7784412,,True,active,Returned by Kroger official Locations API on 2026-09-01,Kroger official Locations API,2026-09-01T20:17:21.472587+00:00,35
03400336,Kroger - Cinco East,KROGER,22150 Westheimer Pkwy,Katy,TX,77450,2818288880,29.735585,-95.7538029,,True,active,Returned by Kroger official Locations API on 2026-09-01,Kroger official Locations API,2026-09-01T20:17:21.472587+00:00,39
03400378,Kroger - Eagle Ranch,KROGER,6055 Fry Rd,Katy,TX,77449,2818585774,29.8600669,-95.7216807,,True,active,Returned by Kroger official Locations API on 2026-09-01,Kroger official Locations API,2026-09-01T20:17:21.472587+00:00,36
03400121,Kroger - Gaston,KROGER,9806 Gaston Rd,Katy,TX,77494,3463073054,29.736724,-95.809772,,True,active,Returned by Kroger official Locations API on 2026-09-01,Kroger official Locations API,2026-09-01T20:17:21.472587+00:00,35
03400146,Kroger Marketplace - Firethorne,KROGER,1712 Spring Green Blvd,Katy,TX,77494,2817694360,29.762913,-95.843927,,True,active,Returned by Kroger official Locations API on 2026-09-01,Kroger official Locations API,2026-09-01T20:17:21.472587+00:00,61
03400122,Kroger Marketplace - Morton,KROGER,2700 W Grand Pkwy N,Katy,TX,77449,3463073084,29.812571,-95.770157,,True,active,Returned by Kroger official Locations API on 2026-09-01,Kroger official Locations API,2026-09-01T20:17:21.472587+00:00,51
03500516,Kroger - Keller Parkway,KROGER,976 Keller Pkwy,Keller,TX,76248,8174315194,32.9323694,-97.2302751,,True,active,Returned by Kroger official Locations API on 2026-09-01,Kroger official Locations API,2026-09-01T20:17:21.472587+00:00,33
03500537,Kroger - Rufe Snow,KROGER,2061 Rufe Snow Dr,Keller,TX,76248,8176058591,32.8970386,-97.2368451,,True,active,Returned by Kroger official Locations API on 2026-09-01,Kroger official Locations API,2026-09-01T20:17:21.472587+00:00,30
03400310,Kroger - Old Kingwood,KROGER,3410 Northpark Dr,Kingwood,TX,77345,2813617343,30.0666723,-95.1871526,,True,active,Returned by Kroger official Locations API on 2026-09-01,Kroger official Locations API,2026-09-01T20:17:21.472587+00:00,37
03400359,Kroger Marketplace - North Park,KROGER,25651 Highway 59 N,Kingwood,TX,77339,2813181194,30.0721487,-95.243004,,True,active,Returned by Kroger official Locations API on 2026-09-01,Kroger official Locations API,2026-09-01T20:17:21.472587+00:00,41
03400319,Kroger - LaPorte,KROGER,1300 W Fairmont Pkwy,La Porte,TX,77571,2818421020,29.6537825,-95.032225,,True,active,Returned by Kroger official Locations API on 2026-09-01,Kroger official Locations API,2026-09-01T20:17:21.472587+00:00,33
03400734,Kroger - Egret Bay,KROGER,250 S Egret Bay Blvd,League City,TX,77573,2813321422,29.5193785,-95.0753165,,True,active,Returned by Kroger official Locations API on 2026-09-01,Kroger official Locations API,2026-09-01T20:17:21.472587+00:00,28
03400398,Kroger - South Shore Harbour,KROGER,2750 E League City Pkwy,League City,TX,77573,2815212560,29.5077946,-95.0412982,,True,active,Returned by Kroger official Locations API on 2026-09-01,Kroger official Locations API,2026-09-01T20:17:21.472587+00:00,39
03400144,Kroger Marketplace - Hobbs,KROGER,1920 W League City Pkwy,League City,TX,77573,2816726104,29.488508,-95.113496,,True,active,Returned by Kroger official Locations API on 2026-09-01,Kroger official Locations API,2026-09-01T20:17:21.472587+00:00,52
03500599,Kroger Marketplace - Castle Hills,KROGER,4620 State Highway 121,Lewisville,TX,75056,4695352479,33.0622947,-96.8893145,,True,active,Returned by Kroger official Locations API on 2026-09-01,Kroger official Locations API,2026-09-01T20:17:21.472587+00:00,42
03500580,Kroger Marketplace - Little Elm,KROGER,2671 Little Elm Pkwy,Little Elm,TX,75068,4698885518,33.1704639,-96.8914457,,True,active,Returned by Kroger official Locations API on 2026-09-01,Kroger official Locations API,2026-09-01T20:17:21.472587+00:00,46
03500597,Kroger Marketplace - Little Elm Marketplace,KROGER,26587 E University Dr,Little Elm,TX,76227,9403439186,33.2239041,-96.96641,,True,active,Returned by Kroger official Locations API on 2026-09-01,Kroger official Locations API,2026-09-01T20:17:21.472587+00:00,46
03500959,Kroger - Longview,KROGER,701 W Marshall Ave,Longview,TX,75601,9037581726,32.5000382,-94.7495638,,True,active,Returned by Kroger official Locations API on 2026-09-01,Kroger official Locations API,2026-09-01T20:17:21.472587+00:00,30
03400389,Kroger - Fish Creek,KROGER,6616 Fm 1488 Rd,Magnolia,TX,77354,9363219885,30.2233071,-95.5670727,,True,active,Returned by Kroger official Locations API on 2026-09-01,Kroger official Locations API,2026-09-01T20:17:21.472587+00:00,36
03500584,Kroger - Matlock,KROGER,3001 Matlock Rd,Mansfield,TX,76063,8174730059,32.6071632,-97.1181663,,True,active,Returned by Kroger official Locations API on 2026-09-01,Kroger official Locations API,2026-09-01T20:17:21.472587+00:00,37
03500594,Kroger Marketplace - Broad St,KROGER,3300 E Broad St,Mansfield,TX,76063,8174355417,32.5736961,-97.0834403,,True,active,Returned by Kroger official Locations API on 2026-09-01,Kroger official Locations API,2026-09-01T20:17:21.472587+00:00,46
03500953,Kroger - Marshall,KROGER,300 E End Blvd N,Marshall,TX,75670,9039387711,32.547557,-94.3485635,,True,active,Returned by Kroger official Locations API on 2026-09-01,Kroger official Locations API,2026-09-01T20:17:21.472587+00:00,27
03500565,Kroger Marketplace - N Lake Forest Drive,KROGER,1801 N Lake Forest Dr,McKinney,TX,75071,4696783881,33.216261,-96.6811504,,True,active,Returned by Kroger official Locations API on 2026-09-01,Kroger official Locations API,2026-09-01T20:17:21.472587+00:00,57
03500984,Kroger - Kroger Melissa,KROGER,2721 Sam Rayburn Hwy,Melissa,TX,75454,4694240291,33.2842254,-96.561109,,True,active,Returned by Kroger official Locations API on 2026-09-01,Kroger official Locations API,2026-09-01T20:17:21.472587+00:00,39
03500893,Kroger - Creek Crossing,KROGER,1919 Faithon P Lucas Sr Blvd,Mesquite,TX,75181,4697260224,32.7446098,-96.5536552,,True,active,Returned by Kroger official Locations API on 2026-09-01,Kroger official Locations API,2026-09-01T20:17:21.472587+00:00,22
03500209,Kroger - Kroger Plaza,KROGER,525 N Galloway Ave,Mesquite,TX,75149,9722885477,32.771778,-96.600515,,True,active,Returned by Kroger official Locations API on 2026-09-01,Kroger official Locations API,2026-09-01T20:17:21.472587+00:00,27
03500450,Kroger - Towne Crossing,KROGER,3600 Gus Thomasson Rd Ste 150,Mesquite,TX,75150,9722703589,32.8138433,-96.6333069,,True,active,Returned by Kroger official Locations API on 2026-09-01,Kroger official Locations API,2026-09-01T20:17:21.472587+00:00,24
03500596,Kroger Marketplace - Midlothian Towne Ctr,KROGER,2200 FM 663,Midlothian,TX,76065,4693362040,32.458735,-96.992907,,True,active,Returned by Kroger official Locations API on 2026-09-01,Kroger official Locations API,2026-09-01T20:17:21.472587+00:00,57
03400334,Kroger - Colony Lakes,KROGER,6200 Highway 6,Missouri City,TX,77459,2812081737,29.5635804,-95.5654878,,True,active,Returned by Kroger official Locations API on 2026-09-01,Kroger official Locations API,2026-09-01T20:17:21.472587+00:00,40
03400009,Kroger - Ft Bend Tollway,KROGER,10250 Highway 6,Missouri City,TX,77459,2814316112,29.5296822,-95.5110223,,True,active,Returned by Kroger official Locations API on 2026-09-01,Kroger official Locations API,2026-09-01T20:17:21.472587+00:00,37
03400142,Kroger Marketplace - Montgomery,KROGER,20168 Eva St,Montgomery,TX,77356,9364497166,30.389937,-95.677995,,True,active,Returned by Kroger official Locations API on 2026-09-01,Kroger official Locations API,2026-09-01T20:17:21.472587+00:00,55
03500990,Kroger - North Street,KROGER,1215 North St,Nacogdoches,TX,75961,9365698226,31.6138391,-94.6540922,,True,active,Returned by Kroger official Locations API on 2026-09-01,Kroger official Locations API,2026-09-01T20:17:21.472587+00:00,28
03500566,Kroger - University Park,KROGER,3205 N University Dr,Nacogdoches,TX,75965,9365699303,31.6330037,-94.6413322,,True,active,Returned by Kroger official Locations API on 2026-09-01,Kroger official Locations API,2026-09-01T20:17:21.472587+00:00,19
03400138,Kroger Marketplace - Valley Ranch,KROGER,22030 Market Place Dr,New Caney,TX,77357,2817475088,30.133213,-95.236755,,True,active,Returned by Kroger official Locations API on 2026-09-01,Kroger official Locations API,2026-09-01T20:17:21.472587+00:00,48
03500807,Kroger - Greater Richland Plaza,KROGER,7201 Boulevard 26,North Richland Hills,TX,76180,8172814007,32.8248823,-97.2277724,,True,active,Returned by Kroger official Locations API on 2026-09-01,Kroger official Locations API,2026-09-01T20:17:21.472587+00:00,19
03500582,Kroger - The Crossing,KROGER,9135 Boulevard 26 STE 250,North Richland Hills,TX,76180,8176053392,32.8547227,-97.1903794,,True,active,Returned by Kroger official Locations API on 2026-09-01,Kroger official Locations API,2026-09-01T20:17:21.472587+00:00,30
03500535,Kroger Marketplace - North Tarrant Marketplace,KROGER,9150 N Tarrant Pkwy,North Richland Hills,TX,76182,8179183348,32.901939,-97.188962,,True,active,Returned by Kroger official Locations API on 2026-09-01,Kroger official Locations API,2026-09-01T20:17:21.472587+00:00,40
03400950,Kroger - Orange,KROGER,1600 N 16Th St,Orange,TX,77630,4098838521,30.1057221,-93.7464361,,True,active,Returned by Kroger official Locations API on 2026-09-01,Kroger official Locations API,2026-09-01T20:17:21.472587+00:00,29
03500431,Kroger - Palestine,KROGER,325 E Spring St,Palestine,TX,75801,9037295108,31.7631822,-95.6277496,,True,active,Returned by Kroger official Locations API on 2026-09-01,Kroger official Locations API,2026-09-01T20:17:21.472587+00:00,21
03500957,Kroger - Paris,KROGER,1310 Clarksville St,Paris,TX,75460,9037855591,33.6576212,-95.5421823,,True,active,Returned by Kroger official Locations API on 2026-09-01,Kroger official Locations API,2026-09-01T20:17:21.472587+00:00,21
03400337,Kroger - Kroger Junction,KROGER,2619 Red Bluff Rd,Pasadena,TX,77506,7134750925,29.6966036,-95.1737224,,True,active,Returned by Kroger official Locations API on 2026-09-01,Kroger official Locations API,2026-09-01T20:17:21.472587+00:00,23
03400322,Kroger - Red Bluff,KROGER,6767 Spencer Hwy,Pasadena,TX,77505,2819982561,29.6654233,-95.1352796,,True,active,Returned by Kroger official Locations API on 2026-09-01,Kroger official Locations API,2026-09-01T20:17:21.472587+00:00,25
03400354,Kroger - Spencer Square,KROGER,3550 Spencer Hwy,Pasadena,TX,77504,7139444555,29.6634041,-95.1895964,,True,active,Returned by Kroger official Locations API on 2026-09-01,Kroger official Locations API,2026-09-01T20:17:21.472587+00:00,30
03400343,Kroger - Cullen,KROGER,8323 Broadway St,Pearland,TX,77581,2819976400,29.56056,-95.3489198,,True,active,Returned by Kroger official Locations API on 2026-09-01,Kroger official Locations API,2026-09-01T20:17:21.472587+00:00,37
03400264,Kroger - Old Pearland,KROGER,3245 Broadway St,Pearland,TX,77581,2814856014,29.5606099,-95.2715022,,True,active,Returned by Kroger official Locations API on 2026-09-01,Kroger official Locations API,2026-09-01T20:17:21.472587+00:00,32
03400308,Kroger - Shadow Creek,KROGER,11003 Shadow Creek Pkwy,Pearland,TX,77584,2816691230,29.5830687,-95.389849,,True,active,Returned by Kroger official Locations API on 2026-09-01,Kroger official Locations API,2026-09-01T20:17:21.472587+00:00,43
03500698,Kroger - 121 and Coit Kroger,KROGER,9617 Coit Rd,Plano,TX,75024,4692520943,33.1104879,-96.7687969,,True,active,Returned by Kroger official Locations API on 2026-09-01,Kroger official Locations API,2026-09-01T20:17:21.472587+00:00,33
03500581,Kroger - Custer Park,KROGER,2925 Custer Rd,Plano,TX,75075,9726123280,33.0388317,-96.7351998,,True,active,Returned by Kroger official Locations API on 2026-09-01,Kroger official Locations API,2026-09-01T20:17:21.472587+00:00,34
03500522,Kroger - Legacy Village,KROGER,7100 Independence Pkwy,Plano,TX,75025,9724912594,33.0734103,-96.7486095,,True,active,Returned by Kroger official Locations API on 2026-09-01,Kroger official Locations API,2026-09-01T20:17:21.472587+00:00,35
03500563,Kroger - Los Rios,KROGER,4017 14Th St,Plano,TX,75074,9724234805,33.0154308,-96.6556188,,True,active,Returned by Kroger official Locations API on 2026-09-01,Kroger official Locations API,2026-09-01T20:17:21.472587+00:00,37
03500540,Kroger - Windhaven Plaza,KROGER,3305 Dallas Pkwy,Plano,TX,75093,9726084698,33.0476448,-96.83197,,True,active,Returned by Kroger official Locations API on 2026-09-01,Kroger official Locations API,2026-09-01T20:17:21.472587+00:00,38
03500573,Kroger Marketplace - Shops at Prosper Trail,KROGER,1250 N Preston Rd,Prosper,TX,75078,9723465209,33.249771,-96.782391,,True,active,Returned by Kroger official Locations API on 2026-09-01,Kroger official Locations API,2026-09-01T20:17:21.472587+00:00,43
03500589,Kroger Marketplace - Windsong Ranch Marketplace,KROGER,4650 W University Dr,Prosper,TX,75078,9723465243,33.220715,-96.877603,,True,active,Returned by Kroger official Locations API on 2026-09-01,Kroger official Locations API,2026-09-01T20:17:21.472587+00:00,34
03500526,Kroger - Buckingham,KROGER,536 Centennial Blvd,Richardson,TX,75081,9724372233,32.9364567,-96.7206467,,True,active,Returned by Kroger official Locations API on 2026-09-01,Kroger official Locations API,2026-09-01T20:17:21.472587+00:00,35
03500517,Kroger - Coit,KROGER,160 N Coit Rd,Richardson,TX,75080,9726640990,32.9532468,-96.7673296,,True,active,Returned by Kroger official Locations API on 2026-09-01,Kroger official Locations API,2026-09-01T20:17:21.472587+00:00,32
03400392,Kroger - Clodine,KROGER,6425 FM 1464 Rd,Richmond,TX,77407,2812775353,29.7086816,-95.6859098,,True,active,Returned by Kroger official Locations API on 2026-09-01,Kroger official Locations API,2026-09-01T20:17:21.472587+00:00,28
03400038,Kroger - Southpark Cinco,KROGER,25050 FM 1093 Rd,Richmond,TX,77406,8325867375,29.700373,-95.8117549,,True,active,Returned by Kroger official Locations API on 2026-09-01,Kroger official Locations API,2026-09-01T20:17:21.472587+00:00,34
03400397,Kroger Marketplace - Waterside,KROGER,8011 W Grand Pkwy S,Richmond,TX,77407,2813412760,29.6639089,-95.7382645,,True,active,Returned by Kroger official Locations API on 2026-09-01,Kroger official Locations API,2026-09-01T20:17:21.472587+00:00,44
03500574,Kroger - North Rockwall,KROGER,1950 N Goliad St,Rockwall,TX,75087,4696516026,32.949731,-96.460318,,True,active,Returned by Kroger official Locations API on 2026-09-01,Kroger official Locations API,2026-09-01T20:17:21.472587+00:00,26
03500575,Kroger - Rockwall,KROGER,2935 Ridge Rd,Rockwall,TX,75032,9728821255,32.8886536,-96.4710446,,True,active,Returned by Kroger official Locations API on 2026-09-01,Kroger official Locations API,2026-09-01T20:17:21.472587+00:00,40
03400010,Kroger Marketplace - Rosenberg,KROGER,24401 Brazos Town Xing,Rosenberg,TX,77471,2812321230,29.5415251,-95.7507484,,True,active,Returned by Kroger official Locations API on 2026-09-01,Kroger official Locations API,2026-09-01T20:17:21.472587+00:00,46
03500461,Kroger - Sachse,KROGER,5190 Highway 78,Sachse,TX,75048,9726752111,32.9688762,-96.6036595,,True,active,Returned by Kroger official Locations API on 2026-09-01,Kroger official Locations API,2026-09-01T20:17:21.472587+00:00,37
03400342,Kroger - Seabrook,KROGER,1905 El Mar Ln,Seabrook,TX,77586,2814744001,29.568918,-95.0255079,,True,active,Returned by Kroger official Locations API on 2026-09-01,Kroger official Locations API,2026-09-01T20:17:21.472587+00:00,25
03500824,Kroger - Sherman,KROGER,1820 N Loy Lake Rd,Sherman,TX,75090,9038936788,33.6562501,-96.6071793,,True,active,Returned by Kroger official Locations API on 2026-09-01,Kroger official Locations API,2026-09-01T20:17:21.472587+00:00,28
03500512,Kroger - Southlake Village Center,KROGER,2110 E Southlake Blvd,Southlake,TX,76092,8174218105,32.942842,-97.121898,,True,active,Returned by Kroger official Locations API on 2026-09-01,Kroger official Locations API,2026-09-01T20:17:21.472587+00:00,33
03400307,Kroger - Champion,KROGER,15802 Champion Forest Dr,Spring,TX,77379,2813709530,30.0029764,-95.5316182,,True,active,Returned by Kroger official Locations API on 2026-09-01,Kroger official Locations API,2026-09-01T20:17:21.472587+00:00,43
03400373,Kroger - Imperial Oaks,KROGER,2301 Rayford Rd,Spring,TX,77386,8328130300,30.1243945,-95.4073559,,True,active,Returned by Kroger official Locations API on 2026-09-01,Kroger official Locations API,2026-09-01T20:17:21.472587+00:00,41
03400376,Kroger - Kuykendahl Louetta,KROGER,18518 Kuykendahl Rd,Spring,TX,77379,2813503630,30.0404074,-95.4862146,,True,active,Returned by Kroger official Locations API on 2026-09-01,Kroger official Locations API,2026-09-01T20:17:21.472587+00:00,36
03400130,Kroger - Springwoods Village,KROGER,2150 Spring Stuebner Rd,Spring,TX,77389,2816020312,30.085446,-95.448363,,True,active,Returned by Kroger official Locations API on 2026-09-01,Kroger official Locations API,2026-09-01T20:17:21.472587+00:00,44
03400738,Kroger - Stables,KROGER,8745 Spring Cypress Rd,Spring,TX,77379,8327174100,30.0327425,-95.552755,,True,active,Returned by Kroger official Locations API on 2026-09-01,Kroger official Locations API,2026-09-01T20:17:21.472587+00:00,35
03400358,Kroger - Treaschwig,KROGER,5671 Treaschwig Rd,Spring,TX,77373,2814438806,30.0457619,-95.34811,,True,active,Returned by Kroger official Locations API on 2026-09-01,Kroger official Locations API,2026-09-01T20:17:21.472587+00:00,25
03400137,Kroger Marketplace - Birnham Woods,KROGER,3731 Riley Fuzzel Rd,Spring,TX,77386,2816020282,30.1173018,-95.380744,,True,active,Returned by Kroger official Locations API on 2026-09-01,Kroger official Locations API,2026-09-01T20:17:21.472587+00:00,57
03400131,Kroger - Riverstone,KROGER,18861 University Blvd,Sugar Land,TX,77479,8323429648,29.5517454,-95.5841622,,True,active,Returned by Kroger official Locations API on 2026-09-01,Kroger official Locations API,2026-09-01T20:17:21.472587+00:00,32
03400320,Kroger - Sweetwater,KROGER,4825 Sweetwater Blvd,Sugar Land,TX,77479,2814946500,29.5853732,-95.6332847,,True,active,Returned by Kroger official Locations API on 2026-09-01,Kroger official Locations API,2026-09-01T20:17:21.472587+00:00,40
03400375,Kroger - West Airport,KROGER,11565 S Highway 6,Sugar Land,TX,77498,2813401500,29.6479694,-95.6494359,,True,active,Returned by Kroger official Locations API on 2026-09-01,Kroger official Locations API,2026-09-01T20:17:21.472587+00:00,32
03400108,Kroger - Texas City,KROGER,3541 Palmer Hwy,Texas City,TX,77590,4099483471,29.3934765,-94.949374,,True,active,Returned by Kroger official Locations API on 2026-09-01,Kroger official Locations API,2026-09-01T20:17:21.472587+00:00,26
03400732,Kroger - Alden Bridge,KROGER,8000 Research Forest Dr,The Woodlands,TX,77382,2814191116,30.2107473,-95.5280016,,True,active,Returned by Kroger official Locations API on 2026-09-01,Kroger official Locations API,2026-09-01T20:17:21.472587+00:00,42
03400316,Kroger - Cochrans Crossing,KROGER,4747 Research Forest Dr,The Woodlands,TX,77381,2813671591,30.1852772,-95.490503,,True,active,Returned by Kroger official Locations API on 2026-09-01,Kroger official Locations API,2026-09-01T20:17:21.472587+00:00,38
03400390,Kroger - Tomball,KROGER,14060 FM 2920 Rd,Tomball,TX,77377,2815162184,30.092031,-95.63428,,True,active,Returned by Kroger official Locations API on 2026-09-01,Kroger official Locations API,2026-09-01T20:17:21.472587+00:00,39
03400117,Kroger Marketplace - West Rayford,KROGER,24350 Kuykendahl Rd,Tomball,TX,77375,2812050532,30.1147978,-95.552451,,True,active,Returned by Kroger official Locations API on 2026-09-01,Kroger official Locations API,2026-09-01T20:17:21.472587+00:00,42
03400014,Kroger Marketplace - Willis,KROGER,12605 Interstate 45 N,Willis,TX,77318,9368905083,30.422273,-95.494585,,True,active,Returned by Kroger official Locations API on 2026-09-01,Kroger official Locations API,2026-09-01T20:17:21.472587+00:00,48
03500578,Kroger Marketplace - Wylie,KROGER,2608 W FM 544,Wylie,TX,75098,9722447680,33.008667,-96.575187,,True,active,Returned by Kroger official Locations API on 2026-09-01,Kroger official Locations API,2026-09-01T20:17:21.472587+00:00,46
02900406,Kroger - Appomattox,KROGER,7789 Richmond Hwy,Appomattox,VA,24522,4343520817,37.3659656,-78.8444999,,True,active,Returned by Kroger official Locations API on 2026-09-01,Kroger official Locations API,2026-09-01T20:17:21.472587+00:00,28
02900402,Kroger - Gables,KROGER,1322 S Main St,Blacksburg,VA,24060,5409537004,37.2167784,-80.4027343,,True,active,Returned by Kroger official Locations API on 2026-09-01,Kroger official Locations API,2026-09-01T20:17:21.472587+00:00,46
02900210,Kroger - University City,KROGER,903 University City Blvd,Blacksburg,VA,24060,5409513045,37.2354892,-80.4352626,,True,active,Returned by Kroger official Locations API on 2026-09-01,Kroger official Locations API,2026-09-01T20:17:21.472587+00:00,41
02900335,Kroger - Bristol,KROGER,130 Stateline Ctr,Bristol,VA,24201,2766420031,36.5962501,-82.2153137,,True,active,Returned by Kroger official Locations API on 2026-09-01,Kroger official Locations API,2026-09-01T20:17:21.472587+00:00,34
02900359,Kroger - Barracks Road,KROGER,1159 Emmet St N,Charlottesville,VA,22903,4342935176,38.0535892,-78.5006568,,True,active,Returned by Kroger official Locations API on 2026-09-01,Kroger official Locations API,2026-09-01T20:17:21.472587+00:00,39
02900334,Kroger - Rio Hill,KROGER,1980 Rio Hill Ctr,Charlottesville,VA,22901,4349781311,38.0892084,-78.4740311,,True,active,Returned by Kroger official Locations API on 2026-09-01,Kroger official Locations API,2026-09-01T20:17:21.472587+00:00,43
02900572,Kroger - Chesapeake Kroger,KROGER,309 Battlefield Blvd S,Chesapeake,VA,23322,7574823377,36.714967,-76.237417,,True,active,Returned by Kroger official Locations API on 2026-09-01,Kroger official Locations API,2026-09-01T20:17:21.472587+00:00,35
02900578,Kroger - Mt Pleasant Kroger,KROGER,1464 Mount Pleasant Rd,Chesapeake,VA,23322,7572174030,36.716656,-76.187727,,True,active,Returned by Kroger official Locations API on 2026-09-01,Kroger official Locations API,2026-09-01T20:17:21.472587+00:00,34
02900557,Kroger Marketplace - Greenbrier Square Shopping Center,KROGER,1653 Sentinel Dr,Chesapeake,VA,23320,7573897326,36.778298,-76.253951,,True,active,Returned by Kroger official Locations API on 2026-09-01,Kroger official Locations API,2026-09-01T20:17:21.472587+00:00,32
02900520,Kroger - Breckenridge,KROGER,12726 Route 1,Chester,VA,23831,8044147000,37.3519264,-77.4148647,,True,active,Returned by Kroger official Locations API on 2026-09-01,Kroger official Locations API,2026-09-01T20:17:21.472587+00:00,36
02900524,Kroger Marketplace - Iron Bridge Marketplace,KROGER,10800 Iron Bridge Rd,Chester,VA,23831,8043185579,37.367386,-77.501722,,True,active,Returned by Kroger official Locations API on 2026-09-01,Kroger official Locations API,2026-09-01T20:17:21.472587+00:00,49
02900345,Kroger - Christiansburg,KROGER,555 N Franklin St,Christiansburg,VA,24073,5403818710,37.1361244,-80.4117031,,True,active,Returned by Kroger official Locations API on 2026-09-01,Kroger official Locations API,2026-09-01T20:17:21.472587+00:00,37
02900118,Kroger - Clifton Forge,KROGER,1618 Main St,Clifton Forge,VA,24422,5406912020,37.816521,-79.8090816,,True,active,Returned by Kroger official Locations API on 2026-09-01,Kroger official Locations API,2026-09-01T20:17:21.472587+00:00,24
02900364,Kroger - Daleville,KROGER,72 Kingston Dr,Daleville,VA,24083,5402546010,37.3968707,-79.9111764,,True,active,Returned by Kroger official Locations API on 2026-09-01,Kroger official Locations API,2026-09-01T20:17:21.472587+00:00,32
02900215,Kroger - Fairlawn,KROGER,7480 Lee Hwy,Fairlawn,VA,24141,5406390311,37.1416095,-80.5804881,,True,active,Returned by Kroger official Locations API on 2026-09-01,Kroger official Locations API,2026-09-01T20:17:21.472587+00:00,33
02900377,Kroger - Forest,KROGER,15069 Forest Rd,Forest,VA,24551,4345340020,37.3641567,-79.2949382,,True,active,Returned by Kroger official Locations API on 2026-09-01,Kroger official Locations API,2026-09-01T20:17:21.472587+00:00,46
02900573,Kroger - Grafton Kroger,KROGER,6500 George Washington Mem Hwy Ste C,Grafton,VA,23692,7579471240,37.1730607,-76.4725823,,True,active,Returned by Kroger official Locations API on 2026-09-01,Kroger official Locations API,2026-09-01T20:17:21.472587+00:00,29
02900543,Kroger - Hampton,KROGER,1050 W Mercury Blvd,Hampton,VA,23666,7572510443,37.044892,-76.383417,,True,active,Returned by Kroger official Locations API on 2026-09-01,Kroger official Locations API,2026-09-01T20:17:21.472587+00:00,43
02900399,Kroger - Smith Mountain Lake,KROGER,80 Westlake Rd,Hardy,VA,24101,5407213102,37.1179775,-79.7190137,,True,active,Returned by Kroger official Locations API on 2026-09-01,Kroger official Locations API,2026-09-01T20:17:21.472587+00:00,42
02900310,Kroger - Harrisonburg,KROGER,1790 E Market St,Harrisonburg,VA,22801,5404321830,38.4316385,-78.8406856,,True,active,Returned by Kroger official Locations API on 2026-09-01,Kroger official Locations API,2026-09-01T20:17:21.472587+00:00,29
02900577,Kroger - Hayes Kroger,KROGER,7254 Hayes Shopping Ctr,Hayes,VA,23072,8046426101,37.29393,-76.511687,,True,active,Returned by Kroger official Locations API on 2026-09-01,Kroger official Locations API,2026-09-01T20:17:21.472587+00:00,31
02900500,Kroger - West Broad,KROGER,9480 W Broad St,Henrico,VA,23294,8042700933,37.6411047,-77.55518,,True,active,Returned by Kroger official Locations API on 2026-09-01,Kroger official Locations API,2026-09-01T20:17:21.472587+00:00,43
02900519,Kroger Marketplace - Staples Mill Marketplace,KROGER,9000 Staples Mill Rd,Henrico,VA,23228,8049779514,37.6400449,-77.5154884,,True,active,Returned by Kroger official Locations API on 2026-09-01,Kroger official Locations API,2026-09-01T20:17:21.472587+00:00,50
02900404,Kroger - Lexington,KROGER,422 E Nelson St,Lexington,VA,24450,5404643309,37.7808696,-79.4361553,,True,active,Returned by Kroger official Locations API on 2026-09-01,Kroger official Locations API,2026-09-01T20:17:21.472587+00:00,28
02900408,Kroger - Boonsboro,KROGER,4119 Boonsboro Rd,Lynchburg,VA,24503,4343842415,37.4423929,-79.2039943,,True,active,Returned by Kroger official Locations API on 2026-09-01,Kroger official Locations API,2026-09-01T20:17:21.472587+00:00,35
02900327,Kroger - Brookville,KROGER,7805 Timberlake Rd,Lynchburg,VA,24502,4342375738,37.3541197,-79.2268709,,True,active,Returned by Kroger official Locations API on 2026-09-01,Kroger official Locations API,2026-09-01T20:17:21.472587+00:00,43
02900326,Kroger - Wards Road,KROGER,2012 Wards Rd,Lynchburg,VA,24502,4342396018,37.3749965,-79.1835381,,True,active,Returned by Kroger official Locations API on 2026-09-01,Kroger official Locations API,2026-09-01T20:17:21.472587+00:00,36
02900350,Kroger - Martinsville,KROGER,240 Commonwealth Blvd W,Martinsville,VA,24112,2766664001,36.697591,-79.8760504,,True,active,Returned by Kroger official Locations API on 2026-09-01,Kroger official Locations API,2026-09-01T20:17:21.472587+00:00,24
02900529,Kroger Marketplace - Kroger Marketplace,KROGER,6468 Mechanicsville Tpke,Mechanicsville,VA,23111,8042772990,37.61546,-77.32939,,True,active,Returned by Kroger official Locations API on 2026-09-01,Kroger official Locations API,2026-09-01T20:17:21.472587+00:00,40
02900515,Kroger Marketplace - Rutland Marketplace,KROGER,9351 Atlee Rd,Mechanicsville,VA,23116,8045698240,37.651862,-77.4023142,,True,active,Returned by Kroger official Locations API on 2026-09-01,Kroger official Locations API,2026-09-01T20:17:21.472587+00:00,52
02900505,Kroger - Bellgrade,KROGER,3001 Polo Pkwy,Midlothian,VA,23113,8043791395,37.525986,-77.608528,,True,active,Returned by Kroger official Locations API on 2026-09-01,Kroger official Locations API,2026-09-01T20:17:21.472587+00:00,45
02900523,Kroger - Midlothian,KROGER,14101 Midlothian Tpke,Midlothian,VA,23113,8045941640,37.5044545,-77.6636743,,True,active,Returned by Kroger official Locations API on 2026-09-01,Kroger official Locations API,2026-09-01T20:17:21.472587+00:00,45
02900512,Kroger - Swift Creek,KROGER,13201 Rittenhouse Dr,Midlothian,VA,23112,8047635400,37.4154331,-77.638893,,True,active,Returned by Kroger official Locations API on 2026-09-01,Kroger official Locations API,2026-09-01T20:17:21.472587+00:00,37
02900501,Kroger - Hicks,KROGER,2821 Hicks Rd,North Chesterfield,VA,23235,8046752288,37.4619237,-77.5484941,,True,active,Returned by Kroger official Locations API on 2026-09-01,Kroger official Locations API,2026-09-01T20:17:21.472587+00:00,35
02900514,Kroger Marketplace - Stonebridge,KROGER,7000 Tim Price Way,North Chesterfield,VA,23225,8047728540,37.498952,-77.52557,,True,active,Returned by Kroger official Locations API on 2026-09-01,Kroger official Locations API,2026-09-01T20:17:21.472587+00:00,53
02900542,Kroger - Portsmouth Kroger,KROGER,1301 Frederick Blvd,Portsmouth,VA,23707,7572154205,36.8278206,-76.3364933,,True,active,Returned by Kroger official Locations API on 2026-09-01,Kroger official Locations API,2026-09-01T20:17:21.472587+00:00,53
02900504,Kroger - Carytown,KROGER,3507 W Cary St,Richmond,VA,23221,8042541975,37.5544269,-77.4879735,,True,active,Returned by Kroger official Locations API on 2026-09-01,Kroger official Locations API,2026-09-01T20:17:21.472587+00:00,43
02900525,Kroger - Eastridge,KROGER,1510 Eastridge Rd,Richmond,VA,23229,8042882730,37.6036466,-77.5618116,,True,active,Returned by Kroger official Locations API on 2026-09-01,Kroger official Locations API,2026-09-01T20:17:21.472587+00:00,36
02900503,Kroger - Gayton Crossing,KROGER,1356 Gaskins Rd,Richmond,VA,23238,8047401718,37.6066106,-77.5921409,,True,active,Returned by Kroger official Locations API on 2026-09-01,Kroger official Locations API,2026-09-01T20:17:21.472587+00:00,34
02900502,Kroger - Laburnum,KROGER,4816 S Laburnum Ave,Richmond,VA,23231,8042220240,37.5197952,-77.351953,,True,active,Returned by Kroger official Locations API on 2026-09-01,Kroger official Locations API,2026-09-01T20:17:21.472587+00:00,36
02900511,Kroger - Lombardy,KROGER,901 N Lombardy St,Richmond,VA,23220,8042133620,37.5559553,-77.4538601,,True,active,Returned by Kroger official Locations API on 2026-09-01,Kroger official Locations API,2026-09-01T20:17:21.472587+00:00,36
02900517,Kroger - Short Pump,KROGER,11895 W Broad St,Richmond,VA,23233,8043602643,37.6528767,-77.6257764,,True,active,Returned by Kroger official Locations API on 2026-09-01,Kroger official Locations API,2026-09-01T20:17:21.472587+00:00,48
02900509,Kroger - Willow Lawn,KROGER,1601 Willow Lawn Dr Ste 1,Richmond,VA,23230,8042882885,37.5800889,-77.4992451,,True,active,Returned by Kroger official Locations API on 2026-09-01,Kroger official Locations API,2026-09-01T20:17:21.472587+00:00,43
02900391,Kroger - Bonsack,KROGER,3970 Valley Gateway Blvd,Roanoke,VA,24012,5409776480,37.3129851,-79.8799901,,True,active,Returned by Kroger official Locations API on 2026-09-01,Kroger official Locations API,2026-09-01T20:17:21.472587+00:00,43
02900401,Kroger - Brambleton,KROGER,4404 Brambleton Ave,Roanoke,VA,24018,5407760050,37.2240862,-80.011781,,True,active,Returned by Kroger official Locations API on 2026-09-01,Kroger official Locations API,2026-09-01T20:17:21.472587+00:00,45
02900375,Kroger - Cave Spring Corners,KROGER,3971 Brambleton Ave,Roanoke,VA,24018,5407740861,37.2331066,-80.0090473,,True,active,Returned by Kroger official Locations API on 2026-09-01,Kroger official Locations API,2026-09-01T20:17:21.472587+00:00,41
02900209,Kroger - Hollins,KROGER,7223 Williamson Rd,Roanoke,VA,24019,5405630110,37.3454411,-79.9545141,,True,active,Returned by Kroger official Locations API on 2026-09-01,Kroger official Locations API,2026-09-01T20:17:21.472587+00:00,31
02900202,Kroger - Tanglewood,KROGER,4488 Electric Rd,Roanoke,VA,24018,5409894434,37.2332055,-79.9765167,,True,active,Returned by Kroger official Locations API on 2026-09-01,Kroger official Locations API,2026-09-01T20:17:21.472587+00:00,39
02900400,Kroger - Towers,KROGER,614 Brandon Ave Sw,Roanoke,VA,24015,5403421017,37.256175,-79.956016,,True,active,Returned by Kroger official Locations API on 2026-09-01,Kroger official Locations API,2026-09-01T20:17:21.472587+00:00,38
02900325,Kroger - Towne Square,KROGER,5050 Rutgers St Nw,Roanoke,VA,24012,5403625990,37.3171968,-79.9654969,,True,active,Returned by Kroger official Locations API on 2026-09-01,Kroger official Locations API,2026-09-01T20:17:21.472587+00:00,29
02900347,Kroger - Rocky Mount,KROGER,400 Old Franklin Tpke Ste 110,Rocky Mount,VA,24151,5404831002,37.0115094,-79.8658615,,True,active,Returned by Kroger official Locations API on 2026-09-01,Kroger official Locations API,2026-09-01T20:17:21.472587+00:00,32
02900320,Kroger - - Ridgewood Farms,KROGER,1925 Electric Rd,Salem,VA,24153,5403752600,37.2643375,-80.0350184,,True,active,Returned by Kroger official Locations API on 2026-09-01,Kroger official Locations API,2026-09-01T20:17:21.472587+00:00,29
02900330,Kroger - Lakeside,KROGER,161 Electric Rd,Salem,VA,24153,5409860009,37.2967495,-80.0291275,,True,active,Returned by Kroger official Locations API on 2026-09-01,Kroger official Locations API,2026-09-01T20:17:21.472587+00:00,30
02900226,Kroger - Spartan Square,KROGER,1477 W Main St,Salem,VA,24153,5403872481,37.2906453,-80.0831415,,True,active,Returned by Kroger official Locations API on 2026-09-01,Kroger official Locations API,2026-09-01T20:17:21.472587+00:00,39
02900575,Kroger - Smithfield Kroger,KROGER,1282 Smithfield Plz,Smithfield,VA,23430,7573572137,36.955618,-76.603377,,True,active,Returned by Kroger official Locations API on 2026-09-01,Kroger official Locations API,2026-09-01T20:17:21.472587+00:00,34
02900343,Kroger - Staunton,KROGER,850 Statler Blvd,Staunton,VA,24401,5408859866,38.1392166,-79.068779,,True,active,Returned by Kroger official Locations API on 2026-09-01,Kroger official Locations API,2026-09-01T20:17:21.472587+00:00,33
02900580,Kroger - North Main Suffolk,KROGER,1401 N Main St,Suffolk,VA,23434,7575394800,36.74948,-76.585462,,True,active,Returned by Kroger official Locations API on 2026-09-01,Kroger official Locations API,2026-09-01T20:17:21.472587+00:00,36
02900554,Kroger Marketplace - University Suffolk,KROGER,1017 University Blvd,Suffolk,VA,23435,7573354536,36.872355,-76.42044,,True,active,Returned by Kroger official Locations API on 2026-09-01,Kroger official Locations API,2026-09-01T20:17:21.472587+00:00,51
02900322,Kroger - Vinton,KROGER,915 Hardy Rd,Vinton,VA,24179,5403457017,37.2718692,-79.8871144,,True,active,Returned by Kroger official Locations API on 2026-09-01,Kroger official Locations API,2026-09-01T20:17:21.472587+00:00,40
02900539,Kroger - Kroger King Richard,KROGER,3330 Virginia Beach Blvd,Virginia Beach,VA,23452,7574860040,36.8440745,-76.0882684,,True,active,Returned by Kroger official Locations API on 2026-09-01,Kroger official Locations API,2026-09-01T20:17:21.472587+00:00,37
02900537,Kroger - Providence,KROGER,975 Providence Sq Shopping Ctr,Virginia Beach,VA,23464,7574958093,36.8122513,-76.167841,,True,active,Returned by Kroger official Locations API on 2026-09-01,Kroger official Locations API,2026-09-01T20:17:21.472587+00:00,35
02900533,Kroger - Republic Road,KROGER,1800 Republic Rd,Virginia Beach,VA,23454,7574224271,36.8523856,-76.0280787,,True,active,Returned by Kroger official Locations API on 2026-09-01,Kroger official Locations API,2026-09-01T20:17:21.472587+00:00,36
02900532,Kroger - Shore Drive,KROGER,4625 Shore Dr,Virginia Beach,VA,23455,7574600343,36.9030363,-76.1304624,,True,active,Returned by Kroger official Locations API on 2026-09-01,Kroger official Locations API,2026-09-01T20:17:21.472587+00:00,42
02900540,Kroger Marketplace - Holland Road,KROGER,3901 Holland Rd,Virginia Beach,VA,23452,7579950400,36.8132715,-76.1111927,,True,active,Returned by Kroger official Locations API on 2026-09-01,Kroger official Locations API,2026-09-01T20:17:21.472587+00:00,52
02900228,Kroger - Downtown Waynesboro,KROGER,245 Arch Ave,Waynesboro,VA,22980,5404475000,38.0656139,-78.8885241,,True,active,Returned by Kroger official Locations API on 2026-09-01,Kroger official Locations API,2026-09-01T20:17:21.472587+00:00,29
02900555,Kroger - Kiln Creek Kroger,KROGER,5007 Victory Blvd,Yorktown,VA,23693,7572347981,37.113543,-76.466555,,True,active,Returned by Kroger official Locations API on 2026-09-01,Kroger official Locations API,2026-09-01T20:17:21.472587+00:00,40
02900788,Kroger - Barboursville,KROGER,5465 US Route 60,Barboursville,WV,25504,3047333370,38.4156976,-82.3025786,,True,active,Returned by Kroger official Locations API on 2026-09-01,Kroger official Locations API,2026-09-01T20:17:21.472587+00:00,45
02900770,Kroger - Beaver,KROGER,151 N Beaver Ln,Beaver,WV,25813,3042555525,37.7507853,-81.1365177,,True,active,Returned by Kroger official Locations API on 2026-09-01,Kroger official Locations API,2026-09-01T20:17:21.472587+00:00,21
02900790,Kroger - Beckley Crossing,KROGER,133 Beckley Crossing SHPG CTR,Beckley,WV,25801,3042525573,37.8012928,-81.1816577,,True,active,Returned by Kroger official Locations API on 2026-09-01,Kroger official Locations API,2026-09-01T20:17:21.472587+00:00,29
02900805,Kroger - Harper Road,KROGER,1734 Harper Rd,Beckley,WV,25801,3042540520,37.7891065,-81.2025531,,True,active,Returned by Kroger official Locations API on 2026-09-01,Kroger official Locations API,2026-09-01T20:17:21.472587+00:00,26
02900722,Kroger - Buckhannon,KROGER,80 Skyline Plaza Dr,Buckhannon,WV,26201,3044720918,38.9735058,-80.2308613,,True,active,Returned by Kroger official Locations API on 2026-09-01,Kroger official Locations API,2026-09-01T20:17:21.472587+00:00,20
02900763,Kroger - Cross Lanes,KROGER,5450 Big Tyler Rd,Charleston,WV,25313,3047765063,38.4275163,-81.7865233,,True,active,Returned by Kroger official Locations API on 2026-09-01,Kroger official Locations API,2026-09-01T20:17:21.472587+00:00,29
02900778,Kroger - Delaware Ave,KROGER,500 Delaware Ave,Charleston,WV,25302,3043426995,38.3627458,-81.6448892,,True,active,Returned by Kroger official Locations API on 2026-09-01,Kroger official Locations API,2026-09-01T20:17:21.472587+00:00,25
02900772,Kroger - Kanawha City,KROGER,5717 Maccorkle Ave Se,Charleston,WV,25304,3049255447,38.3112419,-81.5652377,,True,active,Returned by Kroger official Locations API on 2026-09-01,Kroger official Locations API,2026-09-01T20:17:21.472587+00:00,32
02900785,Kroger - South Hills,KROGER,1100 Fledderjohn Rd,Charleston,WV,25314,3043428807,38.3398665,-81.6774653,,True,active,Returned by Kroger official Locations API on 2026-09-01,Kroger official Locations API,2026-09-01T20:17:21.472587+00:00,42
02900774,Kroger - Clarksburg,KROGER,102 Emily Dr,Clarksburg,WV,26301,3045663912,39.279107,-80.279628,,True,active,Returned by Kroger official Locations API on 2026-09-01,Kroger official Locations API,2026-09-01T20:17:21.472587+00:00,29
02900817,Kroger - Danville,KROGER,3265 Smoot Ave,Danville,WV,25053,3043691935,38.074603,-81.821733,,True,active,Returned by Kroger official Locations API on 2026-09-01,Kroger official Locations API,2026-09-01T20:17:21.472587+00:00,22
02900730,Kroger - Elkins,KROGER,450 11Th St,Elkins,WV,26241,3046366888,38.9187102,-79.8438147,,True,active,Returned by Kroger official Locations API on 2026-09-01,Kroger official Locations API,2026-09-01T20:17:21.472587+00:00,25
02900807,Kroger - Elkview,KROGER,223 Crossings Mall Rd,Elkview,WV,25071,3049652750,38.45936,-81.49904,,True,active,Returned by Kroger official Locations API on 2026-09-01,Kroger official Locations API,2026-09-01T20:17:21.472587+00:00,22
02900743,Kroger - Hinton,KROGER,307 Stokes Dr,Hinton,WV,25951,3044848010,37.6600022,-80.8910937,,True,active,Returned by Kroger official Locations API on 2026-09-01,Kroger official Locations API,2026-09-01T20:17:21.472587+00:00,22
02900792,Kroger - 5Th Avenue,KROGER,2627 5Th Ave,Huntington,WV,25702,3045290670,38.4252641,-82.4067332,,True,active,Returned by Kroger official Locations API on 2026-09-01,Kroger official Locations API,2026-09-01T20:17:21.472587+00:00,32
02900782,Kroger - 7Th Ave,KROGER,19 7Th Ave W,Huntington,WV,25701,3045221201,38.4138346,-82.4567304,,True,active,Returned by Kroger official Locations API on 2026-09-01,Kroger official Locations API,2026-09-01T20:17:21.472587+00:00,27
02900668,Kroger - Logan,KROGER,25 Holden Rd,Logan,WV,25601,3042392261,37.845058,-82.014419,,True,active,Returned by Kroger official Locations API on 2026-09-01,Kroger official Locations API,2026-09-01T20:17:21.472587+00:00,23
02900754,Kroger - Marmet,KROGER,10635 Maccorkle Ave,Marmet,WV,25315,3049496124,38.2400889,-81.5599386,,True,active,Returned by Kroger official Locations API on 2026-09-01,Kroger official Locations API,2026-09-01T20:17:21.472587+00:00,27
02900714,Kroger - Patteson,KROGER,350 Patteson Dr,Morgantown,WV,26505,3045995324,39.6504833,-79.9682114,,True,active,Returned by Kroger official Locations API on 2026-09-01,Kroger official Locations API,2026-09-01T20:17:21.472587+00:00,32
02900755,Kroger - Sabraton,KROGER,1851 Earl L Core Rd,Morgantown,WV,26505,3042967146,39.6222006,-79.9249216,,True,active,Returned by Kroger official Locations API on 2026-09-01,Kroger official Locations API,2026-09-01T20:17:21.472587+00:00,35
02900813,Kroger - Suncrest,KROGER,500 Suncrest Town Centre Dr,Morgantown,WV,26505,3042856780,39.6508736,-79.9413753,,True,active,Returned by Kroger official Locations API on 2026-09-01,Kroger official Locations API,2026-09-01T20:17:21.472587+00:00,48
01600977,Kroger - Moundsville,KROGER,1212 Lafayette Ave,Moundsville,WV,26041,3048458116,39.9109599,-80.7459382,,True,active,Returned by Kroger official Locations API on 2026-09-01,Kroger official Locations API,2026-09-01T20:17:21.472587+00:00,29
02900780,Kroger - Oak Hill,KROGER,411 Mall Rd,Oak Hill,WV,25901,3044692921,38.0124177,-81.1276549,,True,active,Returned by Kroger official Locations API on 2026-09-01,Kroger official Locations API,2026-09-01T20:17:21.472587+00:00,29
02900752,Kroger - 7th Street,KROGER,2007 7Th St,Parkersburg,WV,26101,3044246369,39.2698071,-81.5213775,,True,active,Returned by Kroger official Locations API on 2026-09-01,Kroger official Locations API,2026-09-01T20:17:21.472587+00:00,28
02900753,Kroger - Division,KROGER,930 Division St,Parkersburg,WV,26101,3044288533,39.2494206,-81.5574612,,True,active,Returned by Kroger official Locations API on 2026-09-01,Kroger official Locations API,2026-09-01T20:17:21.472587+00:00,26
02900316,Kroger - Princeton,KROGER,1229 Stafford Dr,Princeton,WV,24740,3044876136,37.3606644,-81.0950314,,True,active,Returned by Kroger official Locations API on 2026-09-01,Kroger official Locations API,2026-09-01T20:17:21.472587+00:00,38
02900734,Kroger - Rainelle,KROGER,406 John Raine Dr,Rainelle,WV,25962,3044388951,37.966503,-80.7748258,,True,active,Returned by Kroger official Locations API on 2026-09-01,Kroger official Locations API,2026-09-01T20:17:21.472587+00:00,23
02900708,Kroger - Ripley,KROGER,106 McGraw St,Ripley,WV,25271,3043728221,38.8197513,-81.7218611,,True,active,Returned by Kroger official Locations API on 2026-09-01,Kroger official Locations API,2026-09-01T20:17:21.472587+00:00,31
02900765,Kroger - Fairlea,KROGER,178 Red Oaks Shopping Ctr,Ronceverte,WV,24970,3046457411,37.7682688,-80.467048,,True,active,Returned by Kroger official Locations API on 2026-09-01,Kroger official Locations API,2026-09-01T20:17:21.472587+00:00,31
02900725,Kroger - St Albans,KROGER,1439 Maccorkle Ave,Saint Albans,WV,25177,3047224248,38.3871888,-81.8262146,,True,active,Returned by Kroger official Locations API on 2026-09-01,Kroger official Locations API,2026-09-01T20:17:21.472587+00:00,31
02900794,Kroger - Scott Depot,KROGER,101 Great Teays Blvd,Scott Depot,WV,25560,3047577915,38.451511,-81.933844,,True,active,Returned by Kroger official Locations API on 2026-09-01,Kroger official Locations API,2026-09-01T20:17:21.472587+00:00,35
02900795,Kroger - Park Place,KROGER,3060 Ray Park Blvd,South Charleston,WV,25303,6813199750,38.3635339,-81.710366,,True,active,Returned by Kroger official Locations API on 2026-09-01,Kroger official Locations API,2026-09-01T20:17:21.472587+00:00,43
01600803,Kroger - Weirton,KROGER,100 Saint Thomas Dr,Weirton,WV,26062,3047235165,40.3967719,-80.5540849,,True,active,Returned by Kroger official Locations API on 2026-09-01,Kroger official Locations API,2026-09-01T20:17:21.472587+00:00,35
01600268,Kroger - Wellsburg,KROGER,91 27Th St,Wellsburg,WV,26070,3042436220,40.2906033,-80.6089879,,True,active,Returned by Kroger official Locations API on 2026-09-01,Kroger official Locations API,2026-09-01T20:17:21.472587+00:00,18
01600562,Kroger - Mt DeChantal,KROGER,200 Mount De Chantal Rd,Wheeling,WV,26003,3042335480,40.0738199,-80.6996599,,True,active,Returned by Kroger official Locations API on 2026-09-01,Kroger official Locations API,2026-09-01T20:17:21.472587+00:00,37
01600202,Kroger - Warwood,KROGER,1241 Warwood Ave,Wheeling,WV,26003,3042773260,40.114094,-80.699739,,True,active,Returned by Kroger official Locations API on 2026-09-01,Kroger official Locations API,2026-09-01T20:17:21.472587+00:00,17
53100501,Marianos - Marianos Arlington Heights,MARIANOS,802 E Northwest Hwy,ARLINGTON HEIGHTS,IL,60004,8472535439,42.0803774,-87.9729352,,False,active,Returned by Kroger official Locations API on 2026-09-01,Kroger official Locations API,2026-09-01T20:17:21.472587+00:00,29
53100519,Marianos - Marianos Aurora,MARIANOS,3025 E New York St,AURORA,IL,60504,6302360683,41.7580539,-88.2411898,,False,active,Returned by Kroger official Locations API on 2026-09-01,Kroger official Locations API,2026-09-01T20:17:21.472587+00:00,32
53100542,Marianos - Marianos Bannockburn,MARIANOS,2999 Waukegan Rd,Bannockburn,IL,60015,8472670294,42.2030952,-87.8625422,,False,active,Returned by Kroger official Locations API on 2026-09-01,Kroger official Locations API,2026-09-01T20:17:21.472587+00:00,23
53100507,Marianos - Marianos Jefferson Park,MARIANOS,5353 N Elston Ave,CHICAGO,IL,60630,7734816731,41.9794638,-87.7574573,,False,active,Returned by Kroger official Locations API on 2026-09-01,Kroger official Locations API,2026-09-01T20:17:21.472587+00:00,14
53100503,Marianos - Marianos Lakeshore East,MARIANOS,333 E Benton Pl,CHICAGO,IL,60601,3122281349,41.8853187,-87.6182262,,False,active,Returned by Kroger official Locations API on 2026-09-01,Kroger official Locations API,2026-09-01T20:17:21.472587+00:00,28
53100534,Marianos - Marianos New City,MARIANOS,1500 N Clybourn Ave Unit C104,CHICAGO,IL,60610,3124759661,41.9081984,-87.6464058,,False,active,Returned by Kroger official Locations API on 2026-09-01,Kroger official Locations API,2026-09-01T20:17:21.472587+00:00,23
53100515,Marianos - Marianos Ravenswood,MARIANOS,1800 W Lawrence Ave,CHICAGO,IL,60640,7733343549,41.9693533,-87.6750717,,False,active,Returned by Kroger official Locations API on 2026-09-01,Kroger official Locations API,2026-09-01T20:17:21.472587+00:00,29
53100527,Marianos - Marianos Ukrainian Village,MARIANOS,2021 W Chicago Ave,CHICAGO,IL,60622,7737999000,41.8955273,-87.6783442,,False,active,Returned by Kroger official Locations API on 2026-09-01,Kroger official Locations API,2026-09-01T20:17:21.472587+00:00,29
53100538,Marianos - Marianos 3030 Broadway,MARIANOS,3030 N Broadway St Ste 100,Chicago,IL,60657,7739350294,41.9373186,-87.6448025,,False,active,Returned by Kroger official Locations API on 2026-09-01,Kroger official Locations API,2026-09-01T20:17:21.472587+00:00,32
53100520,Marianos - Marianos Bridgeport,MARIANOS,3145 S Ashland Ave,Chicago,IL,60608,7732472633,41.8359808,-87.6636801,,False,active,Returned by Kroger official Locations API on 2026-09-01,Kroger official Locations API,2026-09-01T20:17:21.472587+00:00,35
53100539,Marianos - Marianos Bronzeville,MARIANOS,3857 S Dr Martin Luther King Jr Dr,Chicago,IL,60653,7732682839,41.8242095,-87.6151567,,False,active,Returned by Kroger official Locations API on 2026-09-01,Kroger official Locations API,2026-09-01T20:17:21.472587+00:00,28
53100516,Marianos - Marianos Bucktown,MARIANOS,2112 N Ashland Ave,Chicago,IL,60614,7733426585,41.9208,-87.6690973,,False,active,Returned by Kroger official Locations API on 2026-09-01,Kroger official Locations API,2026-09-01T20:17:21.472587+00:00,26
53100522,Marianos - Marianos Edgewater,MARIANOS,5201 N Sheridan Rd,Chicago,IL,60640,7735060558,41.9773457,-87.6545029,,False,active,Returned by Kroger official Locations API on 2026-09-01,Kroger official Locations API,2026-09-01T20:17:21.472587+00:00,29
53100504,Marianos - Marianos Roscoe Village,MARIANOS,3350 N Western Ave,Chicago,IL,60618,7733272093,41.9423947,-87.6900045,,False,active,Returned by Kroger official Locations API on 2026-09-01,Kroger official Locations API,2026-09-01T20:17:21.472587+00:00,28
53100512,Marianos - Marianos South Loop,MARIANOS,1615 S Clark St,Chicago,IL,60616,3122254386,41.859336,-87.6295012,,False,active,Returned by Kroger official Locations API on 2026-09-01,Kroger official Locations API,2026-09-01T20:17:21.472587+00:00,24
53100508,Marianos - Marianos West Loop,MARIANOS,40 S Halsted St,Chicago,IL,60661,3122437657,41.8808237,-87.64784,,False,active,Returned by Kroger official Locations API on 2026-09-01,Kroger official Locations API,2026-09-01T20:17:21.472587+00:00,32
53100544,Marianos - Marianos Crystal Lake,MARIANOS,105 Northwest Hwy,Crystal Lake,IL,60014,8152614705,42.225307,-88.324142,,False,active,Returned by Kroger official Locations API on 2026-09-01,Kroger official Locations API,2026-09-01T20:17:21.472587+00:00,33
53100541,Marianos - Marianos Des Plaines,MARIANOS,10 E Golf Rd,Des Plaines,IL,60016,8476357465,42.049748,-87.9201467,,False,active,Returned by Kroger official Locations API on 2026-09-01,Kroger official Locations API,2026-09-01T20:17:21.472587+00:00,25
53100511,Marianos - Marianos Elmhurst,MARIANOS,678 N York St,ELMHURST,IL,60126,6307820017,41.9204842,-87.9405668,,False,active,Returned by Kroger official Locations API on 2026-09-01,Kroger official Locations API,2026-09-01T20:17:21.472587+00:00,23
53100530,Marianos - Marianos Evergreen Park,MARIANOS,2559 W 95th St,Evergreen Park,IL,60805,7084222001,41.7193407,-87.6875596,,False,active,Returned by Kroger official Locations API on 2026-09-01,Kroger official Locations API,2026-09-01T20:17:21.472587+00:00,23
53100509,Marianos - Marianos Frankfort,MARIANOS,21001 S La Grange Rd,FRANKFORT,IL,60423,8154643376,41.5088291,-87.8477632,,False,active,Returned by Kroger official Locations API on 2026-09-01,Kroger official Locations API,2026-09-01T20:17:21.472587+00:00,33
53100518,Marianos - Marianos Glenview East,MARIANOS,25 Waukegan Rd,Glenview,IL,60025,8477244685,42.0560574,-87.797441,,False,active,Returned by Kroger official Locations API on 2026-09-01,Kroger official Locations API,2026-09-01T20:17:21.472587+00:00,31
53100510,Marianos - Marianos Harwood Heights,MARIANOS,7401 W Lawrence Ave,Harwood Heights,IL,60706,7088678543,41.9654703,-87.8127708,,False,active,Returned by Kroger official Locations API on 2026-09-01,Kroger official Locations API,2026-09-01T20:17:21.472587+00:00,32
53100506,Marianos - Marianos Hoffman Estates,MARIANOS,2575 W Golf Rd,Hoffman Estates,IL,60169,8474902043,42.0451129,-88.1430396,,False,active,Returned by Kroger official Locations API on 2026-09-01,Kroger official Locations API,2026-09-01T20:17:21.472587+00:00,33
53100514,Marianos - Marianos Lake Zurich,MARIANOS,1350 East Route 22,LAKE ZURICH,IL,60047,8474384003,42.1986628,-88.0607526,,False,active,Returned by Kroger official Locations API on 2026-09-01,Kroger official Locations API,2026-09-01T20:17:21.472587+00:00,32
53100543,Marianos - Marianos Lombard,MARIANOS,345 W Roosevelt Rd,Lombard,IL,60148,6306293965,41.8583839,-88.0255475,,False,active,Returned by Kroger official Locations API on 2026-09-01,Kroger official Locations API,2026-09-01T20:17:21.472587+00:00,27
53100533,Marianos - Marianos Northbrook,MARIANOS,784 Skokie Blvd,NORTHBROOK,IL,60062,8475591145,42.1393825,-87.7941842,,False,active,Returned by Kroger official Locations API on 2026-09-01,Kroger official Locations API,2026-09-01T20:17:21.472587+00:00,31
53100537,Marianos - Marianos Naperville,MARIANOS,1300 S Naper Blvd,Naperville,IL,60540,6306379906,41.7497082,-88.1128588,,False,active,Returned by Kroger official Locations API on 2026-09-01,Kroger official Locations API,2026-09-01T20:17:21.472587+00:00,35
53100517,Marianos - Marianos Oak Lawn,MARIANOS,11000 S Cicero Ave,OAK LAWN,IL,60453,7083460698,41.693184,-87.741667,,False,active,Returned by Kroger official Locations API on 2026-09-01,Kroger official Locations API,2026-09-01T20:17:21.472587+00:00,34
53100535,Marianos - Marianos Orland Park,MARIANOS,9504 142nd St,ORLAND PARK,IL,60462,7082260006,41.6339486,-87.8522066,,False,active,Returned by Kroger official Locations API on 2026-09-01,Kroger official Locations API,2026-09-01T20:17:21.472587+00:00,33
53100505,Marianos - Marianos Palatine,MARIANOS,545 N Hicks Rd,PALATINE,IL,60067,8479632807,42.1199414,-88.0317866,,False,active,Returned by Kroger official Locations API on 2026-09-01,Kroger official Locations API,2026-09-01T20:17:21.472587+00:00,33
53100525,Marianos - Marianos Park Ridge,MARIANOS,1900 S Cumberland Ave,PARK RIDGE,IL,60068,8476962360,41.9873196,-87.8379514,,False,active,Returned by Kroger official Locations API on 2026-09-01,Kroger official Locations API,2026-09-01T20:17:21.472587+00:00,38
53100531,Marianos - Marianos Skokie,MARIANOS,3358 W Touhy Ave,SKOKIE,IL,60076,8477638801,42.0125475,-87.7141001,,False,active,Returned by Kroger official Locations API on 2026-09-01,Kroger official Locations API,2026-09-01T20:17:21.472587+00:00,23
53100526,Marianos - Marianos Shorewood,MARIANOS,950 Brookforest Ave,Shorewood,IL,60404,8155772741,41.537035,-88.1970031,,False,active,Returned by Kroger official Locations API on 2026-09-01,Kroger official Locations API,2026-09-01T20:17:21.472587+00:00,33
53100502,Marianos - Marianos Vernon Hills,MARIANOS,1720 N Milwaukee Ave,Vernon Hills,IL,60061,8478160994,42.2568706,-87.9508553,,False,active,Returned by Kroger official Locations API on 2026-09-01,Kroger official Locations API,2026-09-01T20:17:21.472587+00:00,25
53100529,Marianos - Marianos Western Springs,MARIANOS,4700 Gilbert Ave,WESTERN SPRINGS,IL,60558,7082466210,41.8040735,-87.8914149,,False,active,Returned by Kroger official Locations API on 2026-09-01,Kroger official Locations API,2026-09-01T20:17:21.472587+00:00,33
53100513,Marianos - Marianos Wheaton,MARIANOS,625 S Main St,WHEATON,IL,60187,6306906451,41.8593446,-88.1033461,,False,active,Returned by Kroger official Locations API on 2026-09-01,Kroger official Locations API,2026-09-01T20:17:21.472587+00:00,38
53100528,Marianos - Marianos Westchester,MARIANOS,3020 Wolf Rd,Westchester,IL,60154,7085624033,41.8354993,-87.8994719,,False,active,Returned by Kroger official Locations API on 2026-09-01,Kroger official Locations API,2026-09-01T20:17:21.472587+00:00,22
53100536,Marianos - Marianos Westmont,MARIANOS,150 W 63rd St,Westmont,IL,60559,6309642254,41.7755083,-87.9785009,,False,active,Returned by Kroger official Locations API on 2026-09-01,Kroger official Locations API,2026-09-01T20:17:21.472587+00:00,38
53400301,Metro Market - Metro Bluemound,METRO MARKET,17630 W Bluemound Rd,BROOKFIELD,WI,53045,2627842410,43.0377991,-88.1321987,,False,active,Returned by Kroger official Locations API on 2026-09-01,Kroger official Locations API,2026-09-01T20:17:21.472587+00:00,31
53400853,Metro Market - Metro Market Brookfield - 127th Ca,METRO MARKET,12735 W Capitol Dr,BROOKFIELD,WI,53005,2627837502,43.0867317,-88.0706564,,False,active,Returned by Kroger official Locations API on 2026-09-01,Kroger official Locations API,2026-09-01T20:17:21.472587+00:00,10
53400876,Metro Market - MM Glendale - Port Wash,METRO MARKET,6969 N Port Washington Rd,GLENDALE,WI,53217,4143510298,43.1426003,-87.9136803,,False,active,Returned by Kroger official Locations API on 2026-09-01,Kroger official Locations API,2026-09-01T20:17:21.472587+00:00,30
53400107,Metro Market - MM Green Bay Lombardi,METRO MARKET,1291 Lombardi Access Rd,GREEN BAY,WI,54304,9204989734,44.5066853,-88.0759428,,False,active,Returned by Kroger official Locations API on 2026-09-01,Kroger official Locations API,2026-09-01T20:17:21.472587+00:00,27
53400887,Metro Market - Metro Coldspring,METRO MARKET,4279 S 76th St,GREENFIELD,WI,53220,4145410061,42.9680749,-88.0090602,,False,active,Returned by Kroger official Locations API on 2026-09-01,Kroger official Locations API,2026-09-01T20:17:21.472587+00:00,34
53400892,Metro Market - Metro Men Falls,METRO MARKET,N95W18351 County Line Rd,MENOMONEE FALLS,WI,53051,2622554331,43.189875,-88.137157,,False,active,Returned by Kroger official Locations API on 2026-09-01,Kroger official Locations API,2026-09-01T20:17:21.472587+00:00,32
53400371,Metro Market - Metro Market Milw - Van Buren,METRO MARKET,1123 N Van Buren St,MILWAUKEE,WI,53202,4142731928,43.0448695,-87.904201,,False,active,Returned by Kroger official Locations API on 2026-09-01,Kroger official Locations API,2026-09-01T20:17:21.472587+00:00,24
53400384,Metro Market - MM Mukwonago,METRO MARKET,1010 N Rochester St,MUKWONAGO,WI,53149,2623633026,42.8751594,-88.3366789,,False,active,Returned by Kroger official Locations API on 2026-09-01,Kroger official Locations API,2026-09-01T20:17:21.472587+00:00,34
53400434,Metro Market - MM Cottage Grove Road,METRO MARKET,6010 Cottage Grove Rd,Madison,WI,53718,6082230939,43.085359,-89.275939,,False,active,Returned by Kroger official Locations API on 2026-09-01,Kroger official Locations API,2026-09-01T20:17:21.472587+00:00,27
53400179,Metro Market - MM Madison - Junction,METRO MARKET,261 Junction Rd,Madison,WI,53717,6088292020,43.0649297,-89.5253329,,False,active,Returned by Kroger official Locations API on 2026-09-01,Kroger official Locations API,2026-09-01T20:17:21.472587+00:00,25
53400890,Metro Market - Metro Mequon,METRO MARKET,11558 N Port Washington Rd,Mequon,WI,53092,2622416721,43.228557,-87.921833,,False,active,Returned by Kroger official Locations API on 2026-09-01,Kroger official Locations API,2026-09-01T20:17:21.472587+00:00,37
53400128,Metro Market - MM Middleton,METRO MARKET,6800 Century Ave,Middleton,WI,53562,6088313009,43.1077744,-89.4979684,,False,active,Returned by Kroger official Locations API on 2026-09-01,Kroger official Locations API,2026-09-01T20:17:21.472587+00:00,22
53400181,Metro Market - Metro Monona,METRO MARKET,6540 Monona Dr,Monona,WI,53716,6082229575,43.045768,-89.322489,,False,active,Returned by Kroger official Locations API on 2026-09-01,Kroger official Locations API,2026-09-01T20:17:21.472587+00:00,12
53400413,Metro Market - Metro Market - Oconomowoc,METRO MARKET,N48W36903 E Wisconsin Ave,OCONOMOWOC,WI,53066,2625693155,43.105877,-88.477411,,False,active,Returned by Kroger official Locations API on 2026-09-01,Kroger official Locations API,2026-09-01T20:17:21.472587+00:00,32
53400388,Metro Market - Metro Pabst Farms,METRO MARKET,1300 Pabst Farms Cir,Oconomowoc,WI,53066,2622007425,43.0756186,-88.4690458,,False,active,Returned by Kroger official Locations API on 2026-09-01,Kroger official Locations API,2026-09-01T20:17:21.472587+00:00,27
53400315,Metro Market - Metro Silvernail,METRO MARKET,2160 Silvernail Rd,PEWAUKEE,WI,53072,2625440072,43.0443883,-88.2607644,,False,active,Returned by Kroger official Locations API on 2026-09-01,Kroger official Locations API,2026-09-01T20:17:21.472587+00:00,22
53400101,Metro Market - Metro Market PLOVER,METRO MARKET,1850 Plover Rd,Plover,WI,54467,7153420011,44.4562144,-89.5275752,,False,active,Returned by Kroger official Locations API on 2026-09-01,Kroger official Locations API,2026-09-01T20:17:21.472587+00:00,32
53400180,Metro Market - Metro Shorewood Hills,METRO MARKET,3650 University Ave,SHOREWOOD HILLS,WI,53705,6082316935,43.0765316,-89.4493651,,False,active,Returned by Kroger official Locations API on 2026-09-01,Kroger official Locations API,2026-09-01T20:17:21.472587+00:00,28
53400132,Metro Market - Metro Market Stevens Pt - Pinecrest,METRO MARKET,1500 Pinecrest Ave,STEVENS POINT,WI,54481,7153451937,44.5208971,-89.5507832,,False,active,Returned by Kroger official Locations API on 2026-09-01,Kroger official Locations API,2026-09-01T20:17:21.472587+00:00,20
53400380,Metro Market - MM Sussex,METRO MARKET,N65W24838 Main St,SUSSEX,WI,53089,2622469151,43.1374135,-88.2406254,,False,active,Returned by Kroger official Locations API on 2026-09-01,Kroger official Locations API,2026-09-01T20:17:21.472587+00:00,31
53400893,Metro Market - Metro Shorewood,METRO MARKET,4075 N Oakland Ave,Shorewood,WI,53211,4149679218,43.0911268,-87.8878696,,False,active,Returned by Kroger official Locations API on 2026-09-01,Kroger official Locations API,2026-09-01T20:17:21.472587+00:00,42
53400102,Metro Market - Metro Sun Prairie - Ironwood,METRO MARKET,2538 Ironwood Dr,Sun Prairie,WI,53590,6088372785,43.186131,-89.2620384,,False,active,Returned by Kroger official Locations API on 2026-09-01,Kroger official Locations API,2026-09-01T20:17:21.472587+00:00,30
53400885,Metro Market - Metro State Street,METRO MARKET,6950 W State St,WAUWATOSA,WI,53213,4144757181,43.0475815,-87.9981574,,False,active,Returned by Kroger official Locations API on 2026-09-01,Kroger official Locations API,2026-09-01T20:17:21.472587+00:00,27
02100816,Payless Super Market - Applewood Payless,PAYLESS,1900 Applewood Center Dr,Anderson,IN,46013,7656493446,40.05763,-85.6565806,,False,active,Returned by Kroger official Locations API on 2026-09-01,Kroger official Locations API,2026-09-01T20:17:21.472587+00:00,23
02100814,Payless Super Market - Cross Street Payless,PAYLESS,1845 N Scatterfield Rd,Anderson,IN,46012,7656492276,40.133221,-85.661176,,False,active,Returned by Kroger official Locations API on 2026-09-01,Kroger official Locations API,2026-09-01T20:17:21.472587+00:00,36
02100848,Payless Super Market - Meridian Street Payless,PAYLESS,3050 Meridian St,Anderson,IN,46016,7656447702,40.0855707,-85.6784333,,False,active,Returned by Kroger official Locations API on 2026-09-01,Kroger official Locations API,2026-09-01T20:17:21.472587+00:00,26
02100822,Payless Super Market - Beck Lane Payless,PAYLESS,65 Beck Ln,Lafayette,IN,47909,7654740677,40.3861525,-86.9025379,,False,active,Returned by Kroger official Locations API on 2026-09-01,Kroger official Locations API,2026-09-01T20:17:21.472587+00:00,30
02100827,Payless Super Market - Maple Point Payless,PAYLESS,2513 Maple Point Dr,Lafayette,IN,47905,7654477533,40.389134,-86.845213,,False,active,Returned by Kroger official Locations API on 2026-09-01,Kroger official Locations API,2026-09-01T20:17:21.472587+00:00,29
02100843,Payless Super Market - Payless on Greenbush,PAYLESS,2200 Greenbush St,Lafayette,IN,47904,7654474693,40.4336444,-86.8699777,,False,active,Returned by Kroger official Locations API on 2026-09-01,Kroger official Locations API,2026-09-01T20:17:21.472587+00:00,29
02100338,Payless Super Market - Kroger Tillotson,PAYLESS,715 S Tillotson Ave,Muncie,IN,47304,7652131200,40.18764,-85.421457,,False,active,Returned by Kroger official Locations API on 2026-09-01,Kroger official Locations API,2026-09-01T20:17:21.472587+00:00,12
02100336,Payless Super Market - Payless McGalliard,PAYLESS,1500 W McGalliard Rd,Muncie,IN,47304,7657511500,40.220425,-85.404581,,False,active,Returned by Kroger official Locations API on 2026-09-01,Kroger official Locations API,2026-09-01T20:17:21.472587+00:00,38
02100824,Payless Super Market - W Lafayette Payless,PAYLESS,1032 Sagamore Pkwy W,West Lafayette,IN,47906,7654631556,40.4553245,-86.9174333,,False,active,Returned by Kroger official Locations API on 2026-09-01,Kroger official Locations API,2026-09-01T20:17:21.472587+00:00,49
53400123,Pick n Save - Pick n Save Appleton - Ballard,PICK N SAVE,2700 N Ballard Rd,APPLETON,WI,54911,9209930148,44.2861969,-88.372519,,False,active,Returned by Kroger official Locations API on 2026-09-01,Kroger official Locations API,2026-09-01T20:17:21.472587+00:00,25
53400118,Pick n Save - Pick n Save Appleton - Wisc Ave,PICK N SAVE,2400 W Wisconsin Ave,APPLETON,WI,54914,9208310333,44.2746386,-88.4447433,,False,active,Returned by Kroger official Locations API on 2026-09-01,Kroger official Locations API,2026-09-01T20:17:21.472587+00:00,25
53400115,Pick n Save - Antigo,PICK N SAVE,406 Prosser Pl,Antigo,WI,54409,7156237621,45.1636884,-89.1467303,,False,active,Returned by Kroger official Locations API on 2026-09-01,Kroger official Locations API,2026-09-01T20:17:21.472587+00:00,29
53400187,Pick n Save - PNS Appleton - Calumet,PICK N SAVE,511 W Calumet St,Appleton,WI,54915,9207340636,44.241283,-88.414542,,False,active,Returned by Kroger official Locations API on 2026-09-01,Kroger official Locations API,2026-09-01T20:17:21.472587+00:00,17
53400403,Pick n Save - PNS Appleton - Stoneybroo,PICK N SAVE,N135 Stoney Brook Rd,Appleton,WI,54915,9209970232,44.24533,-88.352746,,False,active,Returned by Kroger official Locations API on 2026-09-01,Kroger official Locations API,2026-09-01T20:17:21.472587+00:00,25
53400397,Pick n Save - PNS Brookfield - Greenfie,PICK N SAVE,15170 W Greenfield Ave,BROOKFIELD,WI,53005,2627822745,43.0179218,-88.1016015,,False,active,Returned by Kroger official Locations API on 2026-09-01,Kroger official Locations API,2026-09-01T20:17:21.472587+00:00,32
53400111,Pick n Save - PNS Green Bay Bellevue,PICK N SAVE,2064 Lime Kiln Rd,Bellevue,WI,54311,9204698293,44.4646419,-87.9870699,,False,active,Returned by Kroger official Locations API on 2026-09-01,Kroger official Locations API,2026-09-01T20:17:21.472587+00:00,27
53400368,Pick n Save - PNS Brookfield - Calhoun,PICK N SAVE,17295 W Capitol Dr,Brookfield,WI,53045,2627832080,43.0887676,-88.1267585,,False,active,Returned by Kroger official Locations API on 2026-09-01,Kroger official Locations API,2026-09-01T20:17:21.472587+00:00,28
53400867,Pick n Save - PNS Brown Deer - Green Ba,PICK N SAVE,9200 N Green Bay Rd,Brown Deer,WI,53209,4143546653,43.1847502,-87.9626825,,False,active,Returned by Kroger official Locations API on 2026-09-01,Kroger official Locations API,2026-09-01T20:17:21.472587+00:00,17
53400414,Pick n Save - PNS - Burlington,PICK N SAVE,1008 Milwaukee Ave,Burlington,WI,53105,2627633695,42.689279,-88.265033,,False,active,Returned by Kroger official Locations API on 2026-09-01,Kroger official Locations API,2026-09-01T20:17:21.472587+00:00,29
53400392,Pick n Save - PNS Columbus,PICK N SAVE,210 Dix St,Columbus,WI,53925,9206232205,43.34497,-89.031996,,False,active,Returned by Kroger official Locations API on 2026-09-01,Kroger official Locations API,2026-09-01T20:17:21.472587+00:00,16
53400393,Pick n Save - PNS DeForest,PICK N SAVE,621 S Main St,Deforest,WI,53532,6088468922,43.2402127,-89.3425138,,False,active,Returned by Kroger official Locations API on 2026-09-01,Kroger official Locations API,2026-09-01T20:17:21.472587+00:00,25
53400351,Pick n Save - PNS Eagle River,PICK N SAVE,711 US Highway 45 N,EAGLE RIVER,WI,54521,7154794416,45.925409,-89.254133,,False,active,Returned by Kroger official Locations API on 2026-09-01,Kroger official Locations API,2026-09-01T20:17:21.472587+00:00,20
53400389,Pick n Save - PNS FDL - Johnson St,PICK N SAVE,760 W Johnson St,FOND DU LAC,WI,54935,9209296510,43.7822284,-88.4754384,,False,active,Returned by Kroger official Locations API on 2026-09-01,Kroger official Locations API,2026-09-01T20:17:21.472587+00:00,23
53400182,Pick n Save - PNS Fitchburg,PICK N SAVE,3010 Cahill Main,Fitchburg,WI,53711,6082712024,43.018185,-89.421417,,False,active,Returned by Kroger official Locations API on 2026-09-01,Kroger official Locations API,2026-09-01T20:17:21.472587+00:00,11
53400472,Pick n Save - PNS FDL - Pioneer,PICK N SAVE,55 W Pioneer Rd,Fond du Lac,WI,54935,9209219898,43.7555891,-88.450962,,False,active,Returned by Kroger official Locations API on 2026-09-01,Kroger official Locations API,2026-09-01T20:17:21.472587+00:00,24
53400396,Pick n Save - PNS Fort Atkinson,PICK N SAVE,1505 Madison Ave,Fort Atkinson,WI,53538,9205682603,42.939402,-88.860556,,False,active,Returned by Kroger official Locations API on 2026-09-01,Kroger official Locations API,2026-09-01T20:17:21.472587+00:00,24
53400431,Pick n Save - PNS Franklin,PICK N SAVE,7780 S Lovers Lane Rd,Franklin,WI,53132,4144255400,42.9035976,-88.0363435,,False,active,Returned by Kroger official Locations API on 2026-09-01,Kroger official Locations API,2026-09-01T20:17:21.472587+00:00,20
53400360,Pick n Save - PNS Franklin - Rawson,PICK N SAVE,7201 S 76th St,Franklin,WI,53132,4144278100,42.913918,-88.012773,,False,active,Returned by Kroger official Locations API on 2026-09-01,Kroger official Locations API,2026-09-01T20:17:21.472587+00:00,29
53400357,Pick n Save - PNS Germantown,PICK N SAVE,N112W16200 Mequon Rd,GERMANTOWN,WI,53022,2622530841,43.222075,-88.110226,,False,active,Returned by Kroger official Locations API on 2026-09-01,Kroger official Locations API,2026-09-01T20:17:21.472587+00:00,9
53400886,Pick n Save - PNS - Grafton,PICK N SAVE,301 Falls Rd,Grafton,WI,53024,2622435900,43.3080241,-87.9616959,,False,active,Returned by Kroger official Locations API on 2026-09-01,Kroger official Locations API,2026-09-01T20:17:21.472587+00:00,18
53400186,Pick n Save - PNS - Green Bay-Main,PICK N SAVE,1819 Main St,Green Bay,WI,54302,9204680447,44.495662,-87.976595,,False,active,Returned by Kroger official Locations API on 2026-09-01,Kroger official Locations API,2026-09-01T20:17:21.472587+00:00,25
53400366,Pick n Save - PNS Hales Corners,PICK N SAVE,5800 S 108th St,HALES CORNERS,WI,53130,4144278812,42.9389648,-88.0461502,,False,active,Returned by Kroger official Locations API on 2026-09-01,Kroger official Locations API,2026-09-01T20:17:21.472587+00:00,19
53400871,Pick n Save - PNS Kenosha - 18th St,PICK N SAVE,2811 18th St,Kenosha,WI,53140,2625970110,42.6232173,-87.8444179,,False,active,Returned by Kroger official Locations API on 2026-09-01,Kroger official Locations API,2026-09-01T20:17:21.472587+00:00,25
53400874,Pick n Save - PNS Kenosha - Hwy 50,PICK N SAVE,5710 75th St,Kenosha,WI,53142,2626974982,42.5685798,-87.8771383,,False,active,Returned by Kroger official Locations API on 2026-09-01,Kroger official Locations API,2026-09-01T20:17:21.472587+00:00,30
53400183,Pick n Save - PNS Madison - Park,PICK N SAVE,1312 Park St.,MADISON,WI,53715,6082573748,43.05233,-89.3958435,,False,active,Returned by Kroger official Locations API on 2026-09-01,Kroger official Locations API,2026-09-01T20:17:21.472587+00:00,15
53400178,Pick n Save - PNS Madison - Shopko Dr,PICK N SAVE,2502 Shopko Dr,MADISON,WI,53704,6082431000,43.1133148,-89.3495763,,False,active,Returned by Kroger official Locations API on 2026-09-01,Kroger official Locations API,2026-09-01T20:17:21.472587+00:00,27
53400379,Pick n Save - PNS Marshfield,PICK N SAVE,641 S Central Ave,MARSHFIELD,WI,54449,7153848716,44.6610638,-90.1751301,,False,active,Returned by Kroger official Locations API on 2026-09-01,Kroger official Locations API,2026-09-01T20:17:21.472587+00:00,24
53400394,Pick n Save - PNS McFarland,PICK N SAVE,5709 US Highway 51,MCFARLAND,WI,53558,6088383604,43.0158813,-89.2999607,,False,active,Returned by Kroger official Locations API on 2026-09-01,Kroger official Locations API,2026-09-01T20:17:21.472587+00:00,19
53400889,Pick n Save Marketplace - PNS Men Falls - East,PICK N SAVE,N77W14435 Appleton Ave,MENOMONEE FALLS,WI,53051,2622557598,43.158382,-88.090415,,False,active,Returned by Kroger official Locations API on 2026-09-01,Kroger official Locations API,2026-09-01T20:17:21.472587+00:00,10
53400372,Pick n Save - PNS 81st Bluemound,PICK N SAVE,8151 W Bluemound Rd,MILWAUKEE,WI,53213,4147719039,43.0355055,-88.0144455,,False,active,Returned by Kroger official Locations API on 2026-09-01,Kroger official Locations API,2026-09-01T20:17:21.472587+00:00,14
53400882,Pick n Save - PNS Milw - 11th Garfield,PICK N SAVE,1100 E Garfield Ave,MILWAUKEE,WI,53212,4143748621,43.0594056,-87.8969539,,False,active,Returned by Kroger official Locations API on 2026-09-01,Kroger official Locations API,2026-09-01T20:17:21.472587+00:00,32
53400868,Pick n Save - PNS Milw - East Point,PICK N SAVE,605 E Lyon St,MILWAUKEE,WI,53202,4142726677,43.0489986,-87.9040399,,False,active,Returned by Kroger official Locations API on 2026-09-01,Kroger official Locations API,2026-09-01T20:17:21.472587+00:00,23
53400878,Pick n Save - PNS Milw - Holt,PICK N SAVE,250 W Holt Ave,MILWAUKEE,WI,53207,4142942144,42.9840325,-87.9129571,,False,active,Returned by Kroger official Locations API on 2026-09-01,Kroger official Locations API,2026-09-01T20:17:21.472587+00:00,30
53400353,Pick n Save - PNS Monroe,PICK N SAVE,246 8th St,MONROE,WI,53566,6085646950,42.6017849,-89.656268,,False,active,Returned by Kroger official Locations API on 2026-09-01,Kroger official Locations API,2026-09-01T20:17:21.472587+00:00,22
53400891,Pick n Save - PNS Mt Pleasant South,PICK N SAVE,2820 S Green Bay Rd,MOUNT PLEASANT,WI,53406,2625549630,42.6987983,-87.8565992,,False,active,Returned by Kroger official Locations API on 2026-09-01,Kroger official Locations API,2026-09-01T20:17:21.472587+00:00,30
53400381,Pick n Save - PNS Muskego,PICK N SAVE,S74 W17005 Janesville Rd,MUSKEGO,WI,53150,2626791931,42.908292,-88.1262362,,False,active,Returned by Kroger official Locations API on 2026-09-01,Kroger official Locations API,2026-09-01T20:17:21.472587+00:00,27
53400131,Pick n Save - PNS Maple Grove,PICK N SAVE,3197 Maple Grove Dr,Madison,WI,53719,6084107050,43.0147397,-89.498311,,False,active,Returned by Kroger official Locations API on 2026-09-01,Kroger official Locations API,2026-09-01T20:17:21.472587+00:00,28
53400185,Pick n Save - Pick n Save - Manitowoc,PICK N SAVE,3300 Calumet Ave,Manitowoc,WI,54220,9206826827,44.0863041,-87.6894647,,False,active,Returned by Kroger official Locations API on 2026-09-01,Kroger official Locations API,2026-09-01T20:17:21.472587+00:00,24
53400365,Pick n Save - PNS Milw - Midtown,PICK N SAVE,5700 W Capitol Dr,Milwaukee,WI,53216,4148733085,43.0916795,-87.9841238,,False,active,Returned by Kroger official Locations API on 2026-09-01,Kroger official Locations API,2026-09-01T20:17:21.472587+00:00,19
53400418,Pick n Save - PNS W Good Hope,PICK N SAVE,7401 W Good Hope Rd,Milwaukee,WI,53223,4143580011,43.1466823,-88.0024401,,False,active,Returned by Kroger official Locations API on 2026-09-01,Kroger official Locations API,2026-09-01T20:17:21.472587+00:00,24
53400856,Pick n Save - PNS Mount Pleasant,PICK N SAVE,1202 N Green Bay Rd,Mount Pleasant,WI,53406,2628848749,42.7355158,-87.8407363,,False,active,Returned by Kroger official Locations API on 2026-09-01,Kroger official Locations API,2026-09-01T20:17:21.472587+00:00,27
53400398,Pick n Save - PNS Delafield,PICK N SAVE,3161 Village Square Dr,NASHOTAH,WI,53029,2623691416,43.103186,-88.365206,,False,active,Returned by Kroger official Locations API on 2026-09-01,Kroger official Locations API,2026-09-01T20:17:21.472587+00:00,24
53400124,Pick n Save - PNS Neenah - Commercial,PICK N SAVE,1530 S Commercial St,Neenah,WI,54956,9207518842,44.155403,-88.461385,,False,active,Returned by Kroger official Locations API on 2026-09-01,Kroger official Locations API,2026-09-01T20:17:21.472587+00:00,20
53400412,Pick n Save - PNS Neenah-Green Bay Rd,PICK N SAVE,828 Fox Point Plz,Neenah,WI,54956,9207229427,44.176142,-88.482137,,False,active,Returned by Kroger official Locations API on 2026-09-01,Kroger official Locations API,2026-09-01T20:17:21.472587+00:00,27
53400382,Pick n Save - PNS New Berlin 154th Nat,PICK N SAVE,15445 W National Ave,New Berlin,WI,53151,2627891000,42.9749798,-88.1061331,,False,active,Returned by Kroger official Locations API on 2026-09-01,Kroger official Locations API,2026-09-01T20:17:21.472587+00:00,29
53400375,Pick n Save - PNS Oshkosh - Jackson,PICK N SAVE,1900 Jackson St,OSHKOSH,WI,54901,9204247820,44.0414489,-88.5416942,,False,active,Returned by Kroger official Locations API on 2026-09-01,Kroger official Locations API,2026-09-01T20:17:21.472587+00:00,25
53400478,Pick n Save - PNS Oshkosh - Koeller 20t,PICK N SAVE,1940 S Koeller St,OSHKOSH,WI,54901,9203033300,43.9986325,-88.5761178,,False,active,Returned by Kroger official Locations API on 2026-09-01,Kroger official Locations API,2026-09-01T20:17:21.472587+00:00,28
53400862,Pick n Save - PNS Oak Creek - Puetz How,PICK N SAVE,8770 S Howell Ave,Oak Creek,WI,53154,4145719910,42.8851925,-87.9097975,,False,active,Returned by Kroger official Locations API on 2026-09-01,Kroger official Locations API,2026-09-01T20:17:21.472587+00:00,24
53400348,Pick n Save - PNS Oak Creek - Tri City,PICK N SAVE,6462 S 27th St,Oak Creek,WI,53154,4147611240,42.9277681,-87.9475856,,False,active,Returned by Kroger official Locations API on 2026-09-01,Kroger official Locations API,2026-09-01T20:17:21.472587+00:00,26
53400127,Pick n Save - PNS Phillips,PICK N SAVE,256 S Lake Ave,PHILLIPS,WI,54555,7152607001,45.6874453,-90.3952399,,False,active,Returned by Kroger official Locations API on 2026-09-01,Kroger official Locations API,2026-09-01T20:17:21.472587+00:00,15
53400343,Pick n Save - PNS Plymouth WI,PICK N SAVE,2643 Eastern Ave,PLYMOUTH,WI,53073,9208926648,43.7464701,-87.9486731,,False,active,Returned by Kroger official Locations API on 2026-09-01,Kroger official Locations API,2026-09-01T20:17:21.472587+00:00,21
53400374,Pick n Save - PNS Pewaukee - Capitol,PICK N SAVE,1405 Capitol Dr,Pewaukee,WI,53072,2626951156,43.0850799,-88.229418,,False,active,Returned by Kroger official Locations API on 2026-09-01,Kroger official Locations API,2026-09-01T20:17:21.472587+00:00,17
53400378,Pick n Save - PNS Caledonia,PICK N SAVE,5111 Douglas Ave,Racine,WI,53402,2627520951,42.7859,-87.807312,,False,active,Returned by Kroger official Locations API on 2026-09-01,Kroger official Locations API,2026-09-01T20:17:21.472587+00:00,29
53400404,Pick n Save - PNS Mosinee,PICK N SAVE,10101 Market St,Rothschild,WI,54474,7152410191,44.8642828,-89.6345,,False,active,Returned by Kroger official Locations API on 2026-09-01,Kroger official Locations API,2026-09-01T20:17:21.472587+00:00,15
53400432,Pick n Save - PNS Sheboygan - 25th St,PICK N SAVE,1317 N 25th St,SHEBOYGAN,WI,53081,9204592802,43.759201,-87.7383652,,False,active,Returned by Kroger official Locations API on 2026-09-01,Kroger official Locations API,2026-09-01T20:17:21.472587+00:00,22
53400390,Pick n Save - PNS Stoughton,PICK N SAVE,1750 US Highway 51,STOUGHTON,WI,53589,6088730171,42.9196632,-89.2420377,,False,active,Returned by Kroger official Locations API on 2026-09-01,Kroger official Locations API,2026-09-01T20:17:21.472587+00:00,9
53400130,Pick n Save - PNS - Sun Prairie - E Main,PICK N SAVE,640 E Main St,SUN PRAIRIE,WI,53590,6088377555,43.1814165,-89.2043715,,False,active,Returned by Kroger official Locations API on 2026-09-01,Kroger official Locations API,2026-09-01T20:17:21.472587+00:00,28
53400857,Pick n Save - PNS St Francis,PICK N SAVE,4698 S Whitnall Ave,Saint Francis,WI,53235,4147698801,42.960926,-87.876698,,False,active,Returned by Kroger official Locations API on 2026-09-01,Kroger official Locations API,2026-09-01T20:17:21.472587+00:00,31
53400406,Pick n Save - PNS Schofield,PICK N SAVE,2806 Schofield Ave,Schofield,WI,54476,7153599123,44.908191,-89.5889253,,False,active,Returned by Kroger official Locations API on 2026-09-01,Kroger official Locations API,2026-09-01T20:17:21.472587+00:00,19
53400329,Pick n Save - PNS Sturgeon Bay,PICK N SAVE,1847 Egg Harbor Rd,Sturgeon Bay,WI,54235,9207438830,44.8504115,-87.3494893,,False,active,Returned by Kroger official Locations API on 2026-09-01,Kroger official Locations API,2026-09-01T20:17:21.472587+00:00,20
53400408,Pick n Save - PNS Two Rivers,PICK N SAVE,1010 22nd St,Two Rivers,WI,54241,9207932266,44.15428,-87.5606389,,False,active,Returned by Kroger official Locations API on 2026-09-01,Kroger official Locations API,2026-09-01T20:17:21.472587+00:00,19
53400410,Pick n Save - PNS Waterford,PICK N SAVE,515 N Milwaukee St,WATERFORD,WI,53185,2628046060,42.769981,-88.203002,,False,active,Returned by Kroger official Locations API on 2026-09-01,Kroger official Locations API,2026-09-01T20:17:21.472587+00:00,20
53400415,Pick n Save - PNS-Sunset West,PICK N SAVE,1220 W Sunset Dr,WAUKESHA,WI,53189,2624466980,42.9915922,-88.25768,,False,active,Returned by Kroger official Locations API on 2026-09-01,Kroger official Locations API,2026-09-01T20:17:21.472587+00:00,8
53400405,Pick n Save - PNS Wausau,PICK N SAVE,205 Central Bridge St,WAUSAU,WI,54401,7158491323,44.9670265,-89.6346445,,False,active,Returned by Kroger official Locations API on 2026-09-01,Kroger official Locations API,2026-09-01T20:17:21.472587+00:00,23
53400847,Pick n Save - PNS West Allis - 67th Nat,PICK N SAVE,6760 W National Ave,WEST ALLIS,WI,53214,4144766061,43.0149269,-87.9974899,,False,active,Returned by Kroger official Locations API on 2026-09-01,Kroger official Locations API,2026-09-01T20:17:21.472587+00:00,32
53400407,Pick n Save - PNS West Milwaukee,PICK N SAVE,2201 Miller Park Way,WEST MILWAUKEE,WI,53219,4143839755,43.005201,-87.9701639,,False,active,Returned by Kroger official Locations API on 2026-09-01,Kroger official Locations API,2026-09-01T20:17:21.472587+00:00,26
53400386,Pick n Save - PNS Wales,PICK N SAVE,405 N Wales Rd,Wales,WI,53183,2629689460,43.0103738,-88.3854876,,False,active,Returned by Kroger official Locations API on 2026-09-01,Kroger official Locations API,2026-09-01T20:17:21.472587+00:00,23
53400888,Pick n Save - PNS Watertown,PICK N SAVE,624 S Church St,Watertown,WI,53094,9202618281,43.188267,-88.7315055,,False,active,Returned by Kroger official Locations API on 2026-09-01,Kroger official Locations API,2026-09-01T20:17:21.472587+00:00,26
53400308,Pick n Save - PNS Waukesha - Sunset E,PICK N SAVE,220 E Sunset Dr,Waukesha,WI,53189,2625477801,42.9894772,-88.2224775,,False,active,Returned by Kroger official Locations API on 2026-09-01,Kroger official Locations API,2026-09-01T20:17:21.472587+00:00,26
53400352,Pick n Save - PNS Waupaca,PICK N SAVE,955 W Fulton St,Waupaca,WI,54981,7152587624,44.3558375,-89.1068362,,False,active,Returned by Kroger official Locations API on 2026-09-01,Kroger official Locations API,2026-09-01T20:17:21.472587+00:00,20
53400175,Pick n Save - Pick n Save Wautoma,PICK N SAVE,N2573 Plaza Rd,Wautoma,WI,54982,9207872027,44.072299,-89.2713175,,False,active,Returned by Kroger official Locations API on 2026-09-01,Kroger official Locations API,2026-09-01T20:17:21.472587+00:00,16
53400416,Pick n Save - PNS - Hwy 100 Walnut,PICK N SAVE,1717 N Mayfair Rd,Wauwatosa,WI,53226,4147781839,43.0537133,-88.049081,,False,active,Returned by Kroger official Locations API on 2026-09-01,Kroger official Locations API,2026-09-01T20:17:21.472587+00:00,21
53400846,Pick n Save - PNS West Allis - 108th Cl,PICK N SAVE,2625 S 108th St,West Allis,WI,53227,4145411333,42.997141,-88.0496016,,False,active,Returned by Kroger official Locations API on 2026-09-01,Kroger official Locations API,2026-09-01T20:17:21.472587+00:00,31
53400430,Pick n Save - PNS West Bend - South,PICK N SAVE,1629 S Main St,West Bend,WI,53095,2623385626,43.400358,-88.180132,,False,active,Returned by Kroger official Locations API on 2026-09-01,Kroger official Locations API,2026-09-01T20:17:21.472587+00:00,29
53400417,Pick n Save - PNS West Bend - Washingto,PICK N SAVE,2518 W Washington St,West Bend,WI,53095,2623385632,43.428919,-88.217117,,False,active,Returned by Kroger official Locations API on 2026-09-01,Kroger official Locations API,2026-09-01T20:17:21.472587+00:00,23
53400121,Pick n Save - Wisconsin Rapids,PICK N SAVE,900 E Riverview Expy,Wisconsin Rapids,WI,54494,7156317180,44.378309,-89.8155229,,False,active,Returned by Kroger official Locations API on 2026-09-01,Kroger official Locations API,2026-09-01T20:17:21.472587+00:00,18
70500201,Quality Food Center - Bethany,QFC,4756 NW Bethany Blvd,Portland,OR,97229,5035330552,45.5535386,-122.8351837,,False,active,Returned by Kroger official Locations API on 2026-09-01,Kroger official Locations API,2026-09-01T20:17:21.472587+00:00,26
70500206,Quality Food Center - Moreland,QFC,6411 SE Milwaukie Ave,Portland,OR,97202,5032315595,45.4761876,-122.6494161,,False,active,Returned by Kroger official Locations API on 2026-09-01,Kroger official Locations API,2026-09-01T20:17:21.472587+00:00,24
70500205,Quality Food Center - Mount Tabor,QFC,5544 E Burnside St,Portland,OR,97215,5039638220,45.5225797,-122.6063421,,False,active,Returned by Kroger official Locations API on 2026-09-01,Kroger official Locations API,2026-09-01T20:17:21.472587+00:00,28
70500202,Quality Food Center - West Hills,QFC,7525 SW Barnes Rd,Portland,OR,97225,5032030027,45.5157532,-122.75491,,False,active,Returned by Kroger official Locations API on 2026-09-01,Kroger official Locations API,2026-09-01T20:17:21.472587+00:00,27
70500101,Quality Food Center - Belfair,QFC,201 NE State Route 300,Belfair,WA,98528,3602752050,47.453081,-122.828639,,False,active,Returned by Kroger official Locations API on 2026-09-01,Kroger official Locations API,2026-09-01T20:17:21.472587+00:00,33
70500808,Quality Food Center - Bellevue,QFC,10116 NE 8th St STE 1,Bellevue,WA,98004,4254550870,47.618564,-122.205617,,False,active,Returned by Kroger official Locations API on 2026-09-01,Kroger official Locations API,2026-09-01T20:17:21.472587+00:00,34
70500874,Quality Food Center - Bellevue East,QFC,1510 145th Pl SE,Bellevue,WA,98007,4256532162,47.5968803,-122.1484722,,False,active,Returned by Kroger official Locations API on 2026-09-01,Kroger official Locations API,2026-09-01T20:17:21.472587+00:00,30
70500826,Quality Food Center - Crossroads,QFC,15600 NE 8th St Ste K1,Bellevue,WA,98008,4258650282,47.620207,-122.130879,,False,active,Returned by Kroger official Locations API on 2026-09-01,Kroger official Locations API,2026-09-01T20:17:21.472587+00:00,25
70500822,Quality Food Center - Factoria,QFC,3550 Factoria Blvd SE,Bellevue,WA,98006,4256437110,47.5786777,-122.1671929,,False,active,Returned by Kroger official Locations API on 2026-09-01,Kroger official Locations API,2026-09-01T20:17:21.472587+00:00,27
70500859,Quality Food Center - Northtown Bellevue,QFC,2636 Bellevue Way NE,Bellevue,WA,98004,4258224154,47.6347518,-122.2007629,,False,active,Returned by Kroger official Locations API on 2026-09-01,Kroger official Locations API,2026-09-01T20:17:21.472587+00:00,18
70500819,Quality Food Center - Bothell,QFC,18921 Bothell Way NE,Bothell,WA,98011,4254857548,47.7652079,-122.2116418,,False,active,Returned by Kroger official Locations API on 2026-09-01,Kroger official Locations API,2026-09-01T20:17:21.472587+00:00,30
70500850,Quality Food Center - Canyon Park,QFC,22833 Bothell Everett Hwy,Bothell,WA,98021,4254851991,47.789832,-122.21610989999999,,False,active,Returned by Kroger official Locations API on 2026-09-01,Kroger official Locations API,2026-09-01T20:17:21.472587+00:00,32
70500851,Quality Food Center - Edmonds,QFC,22828 100th Ave W,Edmonds,WA,98020,4257750542,47.7913701,-122.367671,,False,active,Returned by Kroger official Locations API on 2026-09-01,Kroger official Locations API,2026-09-01T20:17:21.472587+00:00,33
70500863,Quality Food Center - Enumclaw,QFC,1009 Monroe Ave,Enumclaw,WA,98022,3608255155,47.200494,-121.99063100000001,,False,active,Returned by Kroger official Locations API on 2026-09-01,Kroger official Locations API,2026-09-01T20:17:21.472587+00:00,30
70500852,Quality Food Center - Claremont,QFC,4919 Evergreen Way,Everett,WA,98203,4252599262,47.9525261,-122.2120286,,False,active,Returned by Kroger official Locations API on 2026-09-01,Kroger official Locations API,2026-09-01T20:17:21.472587+00:00,32
70500853,Quality Food Center - Everett-Broadway,QFC,2615 Broadway,Everett,WA,98201,4252596061,47.9828865,-122.2005469,,False,active,Returned by Kroger official Locations API on 2026-09-01,Kroger official Locations API,2026-09-01T20:17:21.472587+00:00,30
70500821,Quality Food Center - Issaquah,QFC,1540 NW Gilman Blvd,Issaquah,WA,98027,4253924475,47.546589,-122.060371,,False,active,Returned by Kroger official Locations API on 2026-09-01,Kroger official Locations API,2026-09-01T20:17:21.472587+00:00,28
70500803,Quality Food Center - Meridian,QFC,13310 SE 240th St,Kent,WA,98042,2536303560,47.3874533,-122.163015,,False,active,Returned by Kroger official Locations API on 2026-09-01,Kroger official Locations API,2026-09-01T20:17:21.472587+00:00,24
70500838,Quality Food Center - Inglewood,QFC,14130 Juanita Dr NE,Kirkland,WA,98034,4258214885,47.728966,-122.243138,,False,active,Returned by Kroger official Locations API on 2026-09-01,Kroger official Locations API,2026-09-01T20:17:21.472587+00:00,27
70500894,Quality Food Center - Kirkland Urban,QFC,425 Urban Plz Ste 100,Kirkland,WA,98033,4258272205,47.67774,-122.19894,,False,active,Returned by Kroger official Locations API on 2026-09-01,Kroger official Locations API,2026-09-01T20:17:21.472587+00:00,35
70500828,Quality Food Center - QFC Totem Lake,QFC,11224 NE 124th St,Kirkland,WA,98034,4258218502,47.7124033,-122.1911728,,False,active,Returned by Kroger official Locations API on 2026-09-01,Kroger official Locations API,2026-09-01T20:17:21.472587+00:00,30
70500126,Quality Food Center - Lacey,QFC,4775 Whitman Ln SE,Lacey,WA,98513,3604383392,46.9947927,-122.8239382,,False,active,Returned by Kroger official Locations API on 2026-09-01,Kroger official Locations API,2026-09-01T20:17:21.472587+00:00,28
70500835,Quality Food Center - West Lynnwood,QFC,7500 196th St SW Ste B,Lynnwood,WA,98036,4257745109,47.820303,-122.3346375,,False,active,Returned by Kroger official Locations API on 2026-09-01,Kroger official Locations API,2026-09-01T20:17:21.472587+00:00,31
70500837,Quality Food Center - Wilderness Village,QFC,22131 SE 237th St,Maple Valley,WA,98038,4254329961,47.388026,-122.045004,,False,active,Returned by Kroger official Locations API on 2026-09-01,Kroger official Locations API,2026-09-01T20:17:21.472587+00:00,27
70500839,Quality Food Center - North Mercer Island,QFC,7823 SE 28th St,Mercer Island,WA,98040,2062300745,47.5849307,-122.2326383,,False,active,Returned by Kroger official Locations API on 2026-09-01,Kroger official Locations API,2026-09-01T20:17:21.472587+00:00,30
70500806,Quality Food Center - South Mercer Island,QFC,8421 SE 68th St,Mercer Island,WA,98040,2062320102,47.5410886,-122.2259352,,False,active,Returned by Kroger official Locations API on 2026-09-01,Kroger official Locations API,2026-09-01T20:17:21.472587+00:00,27
70500857,Quality Food Center - Mountlake Terrace,QFC,22803 44th Ave W,Mountlake Terrace,WA,98043,4257713962,47.790644,-122.2904381,,False,active,Returned by Kroger official Locations API on 2026-09-01,Kroger official Locations API,2026-09-01T20:17:21.472587+00:00,27
70500832,Quality Food Center - Harbour Pointe,QFC,11700 Mukilteo Speedway,Mukilteo,WA,98275,4252906166,47.891189,-122.2878855,,False,active,Returned by Kroger official Locations API on 2026-09-01,Kroger official Locations API,2026-09-01T20:17:21.472587+00:00,25
70500827,Quality Food Center - Coal Creek,QFC,6940 Coal Creek Pkwy SE,Newcastle,WA,98059,4257479599,47.5388022,-122.1647198,,False,active,Returned by Kroger official Locations API on 2026-09-01,Kroger official Locations API,2026-09-01T20:17:21.472587+00:00,21
70500805,Quality Food Center - Manhattan,QFC,17847 1st Ave S,Normandy Park,WA,98148,2062439340,47.4418197,-122.3357475,,False,active,Returned by Kroger official Locations API on 2026-09-01,Kroger official Locations API,2026-09-01T20:17:21.472587+00:00,29
70500829,Quality Food Center - North Bend,QFC,460 E North Bend Way,North Bend,WA,98045,4258881682,47.4933907,-121.7804871,,False,active,Returned by Kroger official Locations API on 2026-09-01,Kroger official Locations API,2026-09-01T20:17:21.472587+00:00,34
70500870,Quality Food Center - Port Hadlock,QFC,1890 Irondale Rd,Port Hadlock,WA,98339,3603851070,48.0326263,-122.7585114,,False,active,Returned by Kroger official Locations API on 2026-09-01,Kroger official Locations API,2026-09-01T20:17:21.472587+00:00,27
70500106,Quality Food Center - Port Townsend,QFC,515 Sheridan St,Port Townsend,WA,98368,3603855251,48.1037927,-122.7919379,,False,active,Returned by Kroger official Locations API on 2026-09-01,Kroger official Locations API,2026-09-01T20:17:21.472587+00:00,27
70500860,Quality Food Center - Bella Bottega,QFC,8867 161st Ave NE,Redmond,WA,98052,4258698006,47.6808243,-122.1263752,,False,active,Returned by Kroger official Locations API on 2026-09-01,Kroger official Locations API,2026-09-01T20:17:21.472587+00:00,34
70500820,Quality Food Center - Redmond,QFC,15800 Redmond Way,Redmond,WA,98052,4258852311,47.6758651,-122.1286755,,False,active,Returned by Kroger official Locations API on 2026-09-01,Kroger official Locations API,2026-09-01T20:17:21.472587+00:00,29
70500878,Quality Food Center - Redmond Ridge,QFC,23475 NE Novelty Hill Rd,Redmond,WA,98053,4256360420,47.6986213,-122.025925,,False,active,Returned by Kroger official Locations API on 2026-09-01,Kroger official Locations API,2026-09-01T20:17:21.472587+00:00,26
70500871,Quality Food Center - Renton,QFC,4800 NE 4th St,Renton,WA,98059,4252267086,47.489919,-122.1549546,,False,active,Returned by Kroger official Locations API on 2026-09-01,Kroger official Locations API,2026-09-01T20:17:21.472587+00:00,32
70500840,Quality Food Center - Klahanie,QFC,4570 Klahanie Dr SE,Sammamish,WA,98029,4253922776,47.5656963,-122.0033746,,False,active,Returned by Kroger official Locations API on 2026-09-01,Kroger official Locations API,2026-09-01T20:17:21.472587+00:00,29
70500824,Quality Food Center - Pine Lake,QFC,2902 228th Ave SE,Sammamish,WA,98075,4253914680,47.5833448,-122.0329196,,False,active,Returned by Kroger official Locations API on 2026-09-01,Kroger official Locations API,2026-09-01T20:17:21.472587+00:00,32
70500891,Quality Food Center - Ballard,QFC,5700 24th Ave NW,Seattle,WA,98107,2062972150,47.670655,-122.387191,,False,active,Returned by Kroger official Locations API on 2026-09-01,Kroger official Locations API,2026-09-01T20:17:21.472587+00:00,31
70500887,Quality Food Center - Broadway Market,QFC,417 Broadway E # 2,Seattle,WA,98102,2063286920,47.6225757,-122.32143669999999,,False,active,Returned by Kroger official Locations API on 2026-09-01,Kroger official Locations API,2026-09-01T20:17:21.472587+00:00,34
70500847,Quality Food Center - Harvard Market,QFC,1401 Broadway,Seattle,WA,98122,2068603818,47.6137629,-122.3211541,,False,active,Returned by Kroger official Locations API on 2026-09-01,Kroger official Locations API,2026-09-01T20:17:21.472587+00:00,31
70500872,Quality Food Center - Holman Road,QFC,9999 Holman Rd NW,Seattle,WA,98117,2067838888,47.701923,-122.363693,,False,active,Returned by Kroger official Locations API on 2026-09-01,Kroger official Locations API,2026-09-01T20:17:21.472587+00:00,32
70500811,Quality Food Center - Interbay,QFC,1600 W Dravus St,Seattle,WA,98119,2062833600,47.6495001,-122.3778646,,False,active,Returned by Kroger official Locations API on 2026-09-01,Kroger official Locations API,2026-09-01T20:17:21.472587+00:00,24
70500858,Quality Food Center - North Seattle,QFC,1531 NE 145th St,Seattle,WA,98155,2063635717,47.7333475,-122.3105715,,False,active,Returned by Kroger official Locations API on 2026-09-01,Kroger official Locations API,2026-09-01T20:17:21.472587+00:00,40
70500866,Quality Food Center - Northgate,QFC,11100 Roosevelt Way NE,Seattle,WA,98125,2063614849,47.7093761,-122.3172319,,False,active,Returned by Kroger official Locations API on 2026-09-01,Kroger official Locations API,2026-09-01T20:17:21.472587+00:00,32
70500849,Quality Food Center - Rainier,QFC,2707 Rainier Ave S,Seattle,WA,98144,2067252418,47.579119,-122.299829,,False,active,Returned by Kroger official Locations API on 2026-09-01,Kroger official Locations API,2026-09-01T20:17:21.472587+00:00,26
70500807,Quality Food Center - University Village,QFC,2746 NE 45th St,Seattle,WA,98105,2065235160,47.6622899,-122.2964227,,False,active,Returned by Kroger official Locations API on 2026-09-01,Kroger official Locations API,2026-09-01T20:17:21.472587+00:00,42
70500881,Quality Food Center - Uptown,QFC,500 Mercer St,Seattle,WA,98109,2063524020,47.6250038,-122.346878,,False,active,Returned by Kroger official Locations API on 2026-09-01,Kroger official Locations API,2026-09-01T20:17:21.472587+00:00,30
70500869,Quality Food Center - Wallingford,QFC,4500 Wallingford Ave N,Seattle,WA,98103,2066329253,47.6618635,-122.3359107,,False,active,Returned by Kroger official Locations API on 2026-09-01,Kroger official Locations API,2026-09-01T20:17:21.472587+00:00,28
70500883,Quality Food Center - West Seattle,QFC,4550 42nd Ave SW,Seattle,WA,98116,2069236390,47.561348,-122.385198,,False,active,Returned by Kroger official Locations API on 2026-09-01,Kroger official Locations API,2026-09-01T20:17:21.472587+00:00,29
70500825,Quality Food Center - Westwood Village,QFC,2500 SW Barton St,Seattle,WA,98126,2069350585,47.5220681,-122.3661628,,False,active,Returned by Kroger official Locations API on 2026-09-01,Kroger official Locations API,2026-09-01T20:17:21.472587+00:00,27
70500841,Quality Food Center - Sequim,QFC,990 E Washington St,Sequim,WA,98382,3606831151,48.0784899,-123.0873291,,False,active,Returned by Kroger official Locations API on 2026-09-01,Kroger official Locations API,2026-09-01T20:17:21.472587+00:00,26
70500816,Quality Food Center - Richmond Beach,QFC,600 NW Richmond Beach Rd,Shoreline,WA,98177,2065465129,47.7659314,-122.3641832,,False,active,Returned by Kroger official Locations API on 2026-09-01,Kroger official Locations API,2026-09-01T20:17:21.472587+00:00,25
70500879,Quality Food Center - Stanwood,QFC,27008 92nd Ave NW,Stanwood,WA,98292,3606292500,48.240827,-122.357769,,False,active,Returned by Kroger official Locations API on 2026-09-01,Kroger official Locations API,2026-09-01T20:17:21.472587+00:00,42
70500831,Quality Food Center - Northshore,QFC,4101 49th Ave NE,Tacoma,WA,98422,2539255040,47.2938756,-122.380214,,False,active,Returned by Kroger official Locations API on 2026-09-01,Kroger official Locations API,2026-09-01T20:17:21.472587+00:00,30
70500105,Quality Food Center - Parkland,QFC,11104 Pacific Ave S,Tacoma,WA,98444,2535354477,47.1563941,-122.4361644,,False,active,Returned by Kroger official Locations API on 2026-09-01,Kroger official Locations API,2026-09-01T20:17:21.472587+00:00,14
70500212,Quality Food Center - Riverstone Marketplace,QFC,3505 SE 192nd Ave,Vancouver,WA,98683,3602533016,45.5948412,-122.4762985,,False,active,Returned by Kroger official Locations API on 2026-09-01,Kroger official Locations API,2026-09-01T20:17:21.472587+00:00,36
70300026,Ralphs Fresh Fare - Twin Oaks Shopping Center,RALPHS,5727 Kanan Rd,Agoura,CA,91301,8188895429,34.155174,-118.758408,,False,active,Returned by Kroger official Locations API on 2026-09-01,Kroger official Locations API,2026-09-01T20:17:21.472587+00:00,25
70300755,Ralphs Fresh Fare - Aliso Pacific Plaza,RALPHS,26901 Aliso Creek Rd,Aliso Viejo,CA,92656,9493623727,33.5714645,-117.72559100000001,,False,active,Returned by Kroger official Locations API on 2026-09-01,Kroger official Locations API,2026-09-01T20:17:21.472587+00:00,30
70300296,Ralphs - Brookhurst SC,RALPHS,915 S Brookhurst St,Anaheim,CA,92804,7146353670,33.819589,-117.9601468,,False,active,Returned by Kroger official Locations API on 2026-09-01,Kroger official Locations API,2026-09-01T20:17:21.472587+00:00,20
70300135,Ralphs Fresh Fare - Sycamore Canyon Plaza,RALPHS,711 S Weir Canyon Rd,Anaheim,CA,92808,7142838711,33.8615329,-117.7400253,,False,active,Returned by Kroger official Locations API on 2026-09-01,Kroger official Locations API,2026-09-01T20:17:21.472587+00:00,26
70300041,Ralphs Fresh Fare - Arcadia,RALPHS,211 E Foothill Blvd,Arcadia,CA,91006,6263571942,34.151696,-118.024528,,False,active,Returned by Kroger official Locations API on 2026-09-01,Kroger official Locations API,2026-09-01T20:17:21.472587+00:00,24
70300681,Ralphs Fresh Fare - Bermuda Dunes,RALPHS,42150 Washington St,Bermuda Dunes,CA,92201,7602000272,33.7419813,-116.3020172,,False,active,Returned by Kroger official Locations API on 2026-09-01,Kroger official Locations API,2026-09-01T20:17:21.472587+00:00,36
70300192,Ralphs - Brea Town Center,RALPHS,305 W Imperial Hwy,Brea,CA,92821,7145294505,33.9189558,-117.9026945,,False,active,Returned by Kroger official Locations API on 2026-09-01,Kroger official Locations API,2026-09-01T20:17:21.472587+00:00,26
70300712,Ralphs - Burbank,RALPHS,1100 N San Fernando Blvd,Burbank,CA,91504,8188456424,34.1890113,-118.3182101,,False,active,Returned by Kroger official Locations API on 2026-09-01,Kroger official Locations API,2026-09-01T20:17:21.472587+00:00,26
70300193,Ralphs - The Gateway at Burbank,RALPHS,25 E Alameda Ave,Burbank,CA,91502,8185561558,34.1730855,-118.3021046,,False,active,Returned by Kroger official Locations API on 2026-09-01,Kroger official Locations API,2026-09-01T20:17:21.472587+00:00,29
70300648,Ralphs - Victory Buena Vista,RALPHS,2600 W Victory Blvd,Burbank,CA,91505,8188455914,34.1840743,-118.3395859,,False,active,Returned by Kroger official Locations API on 2026-09-01,Kroger official Locations API,2026-09-01T20:17:21.472587+00:00,28
70300205,Ralphs - The Commons at Calabasas,RALPHS,4754 Commons Way,Calabasas,CA,91302,8182230284,34.1542232,-118.643154,,False,active,Returned by Kroger official Locations API on 2026-09-01,Kroger official Locations API,2026-09-01T20:17:21.472587+00:00,30
70300741,Ralphs Fresh Fare - La Posas S C,RALPHS,674 Las Posas Rd,Camarillo,CA,93010,8053881781,34.2231172,-119.0677101,,False,active,Returned by Kroger official Locations API on 2026-09-01,Kroger official Locations API,2026-09-01T20:17:21.472587+00:00,28
70300721,Ralphs - Shoup Sherman Way,RALPHS,22333 Sherman Way,Canoga Park,CA,91303,8188831230,34.202013,-118.61356599999999,,False,active,Returned by Kroger official Locations API on 2026-09-01,Kroger official Locations API,2026-09-01T20:17:21.472587+00:00,23
70300726,Ralphs - Canyon Country Village,RALPHS,19340 Soledad Canyon Rd,Canyon Country,CA,91351,6612526226,34.4146539,-118.4731613,,False,active,Returned by Kroger official Locations API on 2026-09-01,Kroger official Locations API,2026-09-01T20:17:21.472587+00:00,21
70300164,Ralphs - La Costa,RALPHS,7660 El Camino Real,Carlsbad,CA,92009,7602300630,33.087361,-117.267042,,False,active,Returned by Kroger official Locations API on 2026-09-01,Kroger official Locations API,2026-09-01T20:17:21.472587+00:00,19
70300175,Ralphs Fresh Fare - Poinsettia Village,RALPHS,7140 Avenida Encinas,Carlsbad,CA,92011,7604311060,33.1011793,-117.3104843,,False,active,Returned by Kroger official Locations API on 2026-09-01,Kroger official Locations API,2026-09-01T20:17:21.472587+00:00,34
70300256,Ralphs - Avalon Carson,RALPHS,650 E Carson St,Carson,CA,90745,3105184191,33.8303703,-118.2644171,,False,active,Returned by Kroger official Locations API on 2026-09-01,Kroger official Locations API,2026-09-01T20:17:21.472587+00:00,18
70300084,Ralphs - Hasley Canyon Village,RALPHS,29675 The Old Rd,Castaic,CA,91384,6617026911,34.4568039,-118.6189977,,False,active,Returned by Kroger official Locations API on 2026-09-01,Kroger official Locations API,2026-09-01T20:17:21.472587+00:00,29
70300083,Ralphs - Cerritos Plaza,RALPHS,13321 South St,Cerritos,CA,90703,5628605635,33.8601017,-118.0475794,,False,active,Returned by Kroger official Locations API on 2026-09-01,Kroger official Locations API,2026-09-01T20:17:21.472587+00:00,24
70300710,Ralphs - Chatsworth Plaza,RALPHS,21431 Devonshire St,Chatsworth,CA,91311,8183410950,34.2581128,-118.5983239,,False,active,Returned by Kroger official Locations API on 2026-09-01,Kroger official Locations API,2026-09-01T20:17:21.472587+00:00,23
70300075,Ralphs - Bonita Point Plaza,RALPHS,780 Otay Lakes Rd,Chula Vista,CA,91910,6194214822,32.6448148,-117.0016962,,False,active,Returned by Kroger official Locations API on 2026-09-01,Kroger official Locations API,2026-09-01T20:17:21.472587+00:00,19
70300235,Ralphs - The Plaza at Sunbow,RALPHS,659 E Palomar St,Chula Vista,CA,91911,6193970019,32.6159223,-117.0250968,,False,active,Returned by Kroger official Locations API on 2026-09-01,Kroger official Locations API,2026-09-01T20:17:21.472587+00:00,34
70300136,Ralphs - Sierra Del Oro Towne Center,RALPHS,2661 Green River Rd,Corona,CA,92882,9513712711,33.8715769,-117.6218154,,False,active,Returned by Kroger official Locations API on 2026-09-01,Kroger official Locations API,2026-09-01T20:17:21.472587+00:00,25
70300033,Ralphs Fresh Fare - Costa Mesa,RALPHS,380 E 17Th St,Costa Mesa,CA,92627,9496458283,33.6318785,-117.91236599999999,,False,active,Returned by Kroger official Locations API on 2026-09-01,Kroger official Locations API,2026-09-01T20:17:21.472587+00:00,27
70300086,Ralphs - Westside Walk,RALPHS,3827 Culver Ctr,Culver City,CA,90232,3105584027,34.0173015,-118.40769829999999,,False,active,Returned by Kroger official Locations API on 2026-09-01,Kroger official Locations API,2026-09-01T20:17:21.472587+00:00,23
70300284,Ralphs Fresh Fare - Raintree Plaza,RALPHS,10772 Jefferson Blvd,Culver City,CA,90230,3108394107,34.0023824,-118.39356670000001,,False,active,Returned by Kroger official Locations API on 2026-09-01,Kroger official Locations API,2026-09-01T20:17:21.472587+00:00,28
70300233,Ralphs - Cypress Center West,RALPHS,4033 Ball Rd,Cypress,CA,90630,7148277947,33.8184334,-118.0619714,,False,active,Returned by Kroger official Locations API on 2026-09-01,Kroger official Locations API,2026-09-01T20:17:21.472587+00:00,24
70300188,Ralphs - Lantern Bay Village,RALPHS,24871 Del Prado,Dana Point,CA,92629,9496614145,33.4665883,-117.6960102,,False,active,Returned by Kroger official Locations API on 2026-09-01,Kroger official Locations API,2026-09-01T20:17:21.472587+00:00,21
70300739,Ralphs Fresh Fare - Ocean Ranch Village,RALPHS,32555 Golden Lantern St,Dana Point,CA,92629,9496616334,33.4902319,-117.6996096,,False,active,Returned by Kroger official Locations API on 2026-09-01,Kroger official Locations API,2026-09-01T20:17:21.472587+00:00,28
70300173,Ralphs - Downey,RALPHS,9200 Lakewood Blvd,Downey,CA,90240,5628692042,33.9555015,-118.1122512,,False,active,Returned by Kroger official Locations API on 2026-09-01,Kroger official Locations API,2026-09-01T20:17:21.472587+00:00,21
70300295,Ralphs - Firestone Patton,RALPHS,8626 Firestone Blvd,Downey,CA,90241,5628692733,33.9359977,-118.1271246,,False,active,Returned by Kroger official Locations API on 2026-09-01,Kroger official Locations API,2026-09-01T20:17:21.472587+00:00,27
70300045,Ralphs - Eastvale,RALPHS,12660 Limonite Ave,Eastvale,CA,92880,9517341087,33.9740406,-117.5603367,,False,active,Returned by Kroger official Locations API on 2026-09-01,Kroger official Locations API,2026-09-01T20:17:21.472587+00:00,24
70300057,Ralphs - Rancho San Diego TownCountry SC,RALPHS,2652 Jamacha Rd,El Cajon,CA,92019,6196700101,32.7449259,-116.9333852,,False,active,Returned by Kroger official Locations API on 2026-09-01,Kroger official Locations API,2026-09-01T20:17:21.472587+00:00,25
70300645,Ralphs Fresh Fare - E El Segundo,RALPHS,500 N Pacific Coast HWY,El Segundo,CA,90245,3106150537,33.9220163,-118.3956009,,False,active,Returned by Kroger official Locations API on 2026-09-01,Kroger official Locations API,2026-09-01T20:17:21.472587+00:00,26
70300168,Ralphs - Encinitas Village Square,RALPHS,125 N El Camino Real,Encinitas,CA,92024,7609425472,33.0481965,-117.2569774,,False,active,Returned by Kroger official Locations API on 2026-09-01,Kroger official Locations API,2026-09-01T20:17:21.472587+00:00,24
70300006,Ralphs Fresh Fare - Encino,RALPHS,17840 Ventura Blvd,Encino,CA,91316,8183456882,34.1625642,-118.5214292,,False,active,Returned by Kroger official Locations API on 2026-09-01,Kroger official Locations API,2026-09-01T20:17:21.472587+00:00,26
70300090,Ralphs - Ferrara Plaza,RALPHS,2417 E Valley Pkwy,Escondido,CA,92027,7607400334,33.140322,-117.04272209999999,,False,active,Returned by Kroger official Locations API on 2026-09-01,Kroger official Locations API,2026-09-01T20:17:21.472587+00:00,20
70300113,Ralphs - Sierra Lakes Village,RALPHS,16225 Sierra Lakes Pkwy,Fontana,CA,92336,9093571380,34.1377047,-117.4504935,,False,active,Returned by Kroger official Locations API on 2026-09-01,Kroger official Locations API,2026-09-01T20:17:21.472587+00:00,34
70300099,Ralphs - Foothill Marketplace,RALPHS,26751 Portola Pkwy,Foothill Ranch,CA,92610,9494579349,33.6802763,-117.6630802,,False,active,Returned by Kroger official Locations API on 2026-09-01,Kroger official Locations API,2026-09-01T20:17:21.472587+00:00,21
70300059,Ralphs - Fountain Valley Promenande,RALPHS,18405 Brookhurst St,Fountain Valley,CA,92708,7149647566,33.6953742,-117.95585009999999,,False,active,Returned by Kroger official Locations API on 2026-09-01,Kroger official Locations API,2026-09-01T20:17:21.472587+00:00,20
70300067,Ralphs - Crossroads Center,RALPHS,3330 Yorba Linda Blvd,Fullerton,CA,92831,7145242041,33.8870095,-117.86725440000001,,False,active,Returned by Kroger official Locations API on 2026-09-01,Kroger official Locations API,2026-09-01T20:17:21.472587+00:00,22
70300072,Ralphs - La Mancha Center,RALPHS,1121 N Harbor Blvd,Fullerton,CA,92832,7149922591,33.8812277,-117.9253403,,False,active,Returned by Kroger official Locations API on 2026-09-01,Kroger official Locations API,2026-09-01T20:17:21.472587+00:00,20
70300071,Ralphs - Garden Grove,RALPHS,12051 Euclid St,Garden Grove,CA,92840,7146366526,33.7876721,-117.94251729999999,,False,active,Returned by Kroger official Locations API on 2026-09-01,Kroger official Locations API,2026-09-01T20:17:21.472587+00:00,24
70300111,Ralphs - Gardena,RALPHS,2201 W Redondo Beach Blvd,Gardena,CA,90247,3105389008,33.8869866,-118.3183954,,False,active,Returned by Kroger official Locations API on 2026-09-01,Kroger official Locations API,2026-09-01T20:17:21.472587+00:00,24
70300060,Ralphs - Colorado,RALPHS,1416 E Colorado St,Glendale,CA,91205,8185480945,34.1418709,-118.2333192,,False,active,Returned by Kroger official Locations API on 2026-09-01,Kroger official Locations API,2026-09-01T20:17:21.472587+00:00,20
70300134,Ralphs - Glendale Wilson,RALPHS,211 N Glendale Ave,Glendale,CA,91206,8185490035,34.1484522,-118.2484233,,False,active,Returned by Kroger official Locations API on 2026-09-01,Kroger official Locations API,2026-09-01T20:17:21.472587+00:00,25
70300097,Ralphs Fresh Fare - Central,RALPHS,1200 N Central Ave,Glendale,CA,91202,8182461752,34.1644212,-118.256322,,False,active,Returned by Kroger official Locations API on 2026-09-01,Kroger official Locations API,2026-09-01T20:17:21.472587+00:00,26
70300010,Ralphs - Goleta,RALPHS,5170 Hollister Ave,Goleta,CA,93111,8056920022,34.4358993,-119.8040077,,False,active,Returned by Kroger official Locations API on 2026-09-01,Kroger official Locations API,2026-09-01T20:17:21.472587+00:00,21
70300704,Ralphs - North Hills SC,RALPHS,16940 Devonshire St,Granada Hills,CA,91344,8183633173,34.2565327,-118.5012907,,False,active,Returned by Kroger official Locations API on 2026-09-01,Kroger official Locations API,2026-09-01T20:17:21.472587+00:00,25
70300646,Ralphs - The GH,RALPHS,18010 Chatsworth St,Granada Hills,CA,91344,8188316556,34.2632386,-118.5241578,,False,active,Returned by Kroger official Locations API on 2026-09-01,Kroger official Locations API,2026-09-01T20:17:21.472587+00:00,29
70300269,Ralphs - Hawthorne,RALPHS,11873 Hawthorne Blvd,Hawthorne,CA,90250,3106799164,33.9259719,-118.35404199999999,,False,active,Returned by Kroger official Locations API on 2026-09-01,Kroger official Locations API,2026-09-01T20:17:21.472587+00:00,19
70300131,Ralphs Fresh Fare - Meadowlark Plaza,RALPHS,5241 Warner Ave,Huntington Beach,CA,92649,7143770024,33.716769,-118.0379557,,False,active,Returned by Kroger official Locations API on 2026-09-01,Kroger official Locations API,2026-09-01T20:17:21.472587+00:00,31
70300650,Ralphs Fresh Fare - Peninsula Marketplace,RALPHS,19081 Goldenwest St,Huntington Beach,CA,92648,7149608756,33.6853086,-118.0078639,,False,active,Returned by Kroger official Locations API on 2026-09-01,Kroger official Locations API,2026-09-01T20:17:21.472587+00:00,24
70300160,Ralphs Fresh Fare - Citrus Plaza,RALPHS,49908 Jefferson St,Indio,CA,92201,7607714373,33.6866887,-116.2670926,,False,active,Returned by Kroger official Locations API on 2026-09-01,Kroger official Locations API,2026-09-01T20:17:21.472587+00:00,35
70300277,Ralphs - Centinela La Brea,RALPHS,950 N La Brea Ave,Inglewood,CA,90302,3106736365,33.9754088,-118.3569749,,False,active,Returned by Kroger official Locations API on 2026-09-01,Kroger official Locations API,2026-09-01T20:17:21.472587+00:00,16
70300154,Ralphs - Alton Square,RALPHS,5345 Alton Pkwy,Irvine,CA,92604,9495520597,33.6719801,-117.7897901,,False,active,Returned by Kroger official Locations API on 2026-09-01,Kroger official Locations API,2026-09-01T20:17:21.472587+00:00,22
70300161,Ralphs - Irvine,RALPHS,14440 Culver Dr,Irvine,CA,92604,9495523065,33.704632,-117.7853528,,False,active,Returned by Kroger official Locations API on 2026-09-01,Kroger official Locations API,2026-09-01T20:17:21.472587+00:00,21
70300080,Ralphs Fresh Fare - Harvard Place,RALPHS,17605 Harvard Ave,Irvine,CA,92614,9498513161,33.6771234,-117.83314250000001,,False,active,Returned by Kroger official Locations API on 2026-09-01,Kroger official Locations API,2026-09-01T20:17:21.472587+00:00,29
70300299,Ralphs Fresh Fare - Woodbury town center,RALPHS,6300 Irvine Blvd,Irvine,CA,92620,9495591139,33.696567,-117.7427199,,False,active,Returned by Kroger official Locations API on 2026-09-01,Kroger official Locations API,2026-09-01T20:17:21.472587+00:00,36
70300055,Ralphs Fresh Fare - La Canada,RALPHS,521 Foothill Blvd,La Canada,CA,91011,8187900584,34.2007262,-118.1896317,,False,active,Returned by Kroger official Locations API on 2026-09-01,Kroger official Locations API,2026-09-01T20:17:21.472587+00:00,24
70300001,Ralphs Fresh Fare - Crescenta Plaza,RALPHS,2675 Foothill Blvd,La Crescenta,CA,91214,8182495448,34.2233739,-118.2365961,,False,active,Returned by Kroger official Locations API on 2026-09-01,Kroger official Locations API,2026-09-01T20:17:21.472587+00:00,27
70300108,Ralphs Fresh Fare - La Jolla Village Square,RALPHS,8657 Villa La Jolla Dr,La Jolla,CA,92037,8585971550,32.866454,-117.23175,,False,active,Returned by Kroger official Locations API on 2026-09-01,Kroger official Locations API,2026-09-01T20:17:21.472587+00:00,40
70300004,Ralphs Fresh Fare - Laguna Beach,RALPHS,700 S Coast Hwy,Laguna Beach,CA,92651,9494976410,33.5376386,-117.7788096,,False,active,Returned by Kroger official Locations API on 2026-09-01,Kroger official Locations API,2026-09-01T20:17:21.472587+00:00,15
70300223,Ralphs - Aliso Hills SC,RALPHS,25539 Paseo De Valencia,Laguna Hills,CA,92653,9499510966,33.5909985,-117.698073,,False,active,Returned by Kroger official Locations API on 2026-09-01,Kroger official Locations API,2026-09-01T20:17:21.472587+00:00,24
70300738,Ralphs Fresh Fare - Laguna Niguel - Site 1,RALPHS,28231 Crown Valley Pkwy,Laguna Niguel,CA,92677,9498310767,33.5538624,-117.6873699,,False,active,Returned by Kroger official Locations API on 2026-09-01,Kroger official Locations API,2026-09-01T20:17:21.472587+00:00,23
70300288,Ralphs - El Toro Rockfield,RALPHS,23716 El Toro Rd,Lake Forest,CA,92630,9493800179,33.6166774,-117.7018913,,False,active,Returned by Kroger official Locations API on 2026-09-01,Kroger official Locations API,2026-09-01T20:17:21.472587+00:00,28
70300079,Ralphs - Lake Forest,RALPHS,21751 Lake Forest Dr,Lake Forest,CA,92630,9498551242,33.6475091,-117.6876305,,False,active,Returned by Kroger official Locations API on 2026-09-01,Kroger official Locations API,2026-09-01T20:17:21.472587+00:00,22
70300165,Ralphs - Lakewood,RALPHS,5951 Del Amo Blvd,Lakewood,CA,90713,5628677282,33.8479249,-118.115614,,False,active,Returned by Kroger official Locations API on 2026-09-01,Kroger official Locations API,2026-09-01T20:17:21.472587+00:00,20
70300251,Ralphs - 4th Orizaba,RALPHS,2930 E 4Th St,Long Beach,CA,90814,5624343899,33.7713929,-118.1574879,,False,active,Returned by Kroger official Locations API on 2026-09-01,Kroger official Locations API,2026-09-01T20:17:21.472587+00:00,22
70300196,Ralphs - Cherry Carson,RALPHS,2250 E Carson St,Long Beach,CA,90807,5624242012,33.830718,-118.1649908,,False,active,Returned by Kroger official Locations API on 2026-09-01,Kroger official Locations API,2026-09-01T20:17:21.472587+00:00,23
70300186,Ralphs - Traffic Circle,RALPHS,1930 N Lakewood Blvd,Long Beach,CA,90815,5624944371,33.7921389,-118.1414178,,False,active,Returned by Kroger official Locations API on 2026-09-01,Kroger official Locations API,2026-09-01T20:17:21.472587+00:00,23
70300178,Ralphs Fresh Fare - Marina Shopping Center,RALPHS,6290 E Pacific Coast Hwy,Long Beach,CA,90803,5627950167,33.7609516,-118.1160563,,False,active,Returned by Kroger official Locations API on 2026-09-01,Kroger official Locations API,2026-09-01T20:17:21.472587+00:00,33
70300266,Ralphs - 120th Vermont,RALPHS,11922 S Vermont Ave,Los Angeles,CA,90044,3237574147,33.925,-118.2909782,,False,active,Returned by Kroger official Locations API on 2026-09-01,Kroger official Locations API,2026-09-01T20:17:21.472587+00:00,13
70300206,Ralphs - HollyWest,RALPHS,5429 Hollywood Blvd,Los Angeles,CA,90027,3239579657,34.1021738,-118.3081885,,False,active,Returned by Kroger official Locations API on 2026-09-01,Kroger official Locations API,2026-09-01T20:17:21.472587+00:00,22
70300039,Ralphs - La Brea,RALPHS,260 S La Brea Ave,Los Angeles,CA,90036,3239373264,34.0700267,-118.3435875,,False,active,Returned by Kroger official Locations API on 2026-09-01,Kroger official Locations API,2026-09-01T20:17:21.472587+00:00,25
70300185,Ralphs - Ladera Shopping Center,RALPHS,5245 W Centinela Ave,Los Angeles,CA,90045,3106412813,33.9790659,-118.3715573,,False,active,Returned by Kroger official Locations API on 2026-09-01,Kroger official Locations API,2026-09-01T20:17:21.472587+00:00,26
70300278,Ralphs - Lincoln Loyola,RALPHS,8701 Lincoln Blvd,Los Angeles,CA,90045,3106491526,33.958159,-118.4185057,,False,active,Returned by Kroger official Locations API on 2026-09-01,Kroger official Locations API,2026-09-01T20:17:21.472587+00:00,20
70300291,Ralphs - Pico San Vincente,RALPHS,4760 W Pico Blvd,Los Angeles,CA,90019,3239374107,34.0478315,-118.3394006,,False,active,Returned by Kroger official Locations API on 2026-09-01,Kroger official Locations API,2026-09-01T20:17:21.472587+00:00,20
70300294,Ralphs - Renaissance Plaza,RALPHS,2600 S Vermont Ave,Los Angeles,CA,90007,3237323863,34.0317987,-118.2907752,,False,active,Returned by Kroger official Locations API on 2026-09-01,Kroger official Locations API,2026-09-01T20:17:21.472587+00:00,25
70300283,Ralphs - Rodeo Labrea,RALPHS,5080 Obama Blvd,Los Angeles,CA,90016,3232920633,34.020228,-118.354567,,False,active,Returned by Kroger official Locations API on 2026-09-01,Kroger official Locations API,2026-09-01T20:17:21.472587+00:00,26
70300100,Ralphs - Sunset,RALPHS,7257 W Sunset Blvd,Los Angeles,CA,90046,3235128382,34.098715,-118.348393,,False,active,Returned by Kroger official Locations API on 2026-09-01,Kroger official Locations API,2026-09-01T20:17:21.472587+00:00,28
70300032,Ralphs - Third Street,RALPHS,3410 W 3Rd St,Los Angeles,CA,90020,2134801421,34.0684128,-118.2905706,,False,active,Returned by Kroger official Locations API on 2026-09-01,Kroger official Locations API,2026-09-01T20:17:21.472587+00:00,22
70300209,Ralphs - Westchester,RALPHS,8824 S Sepulveda Blvd,Los Angeles,CA,90045,3106452035,33.9563511,-118.3977638,,False,active,Returned by Kroger official Locations API on 2026-09-01,Kroger official Locations API,2026-09-01T20:17:21.472587+00:00,23
70300709,Ralphs - Westdale S C,RALPHS,11361 National Blvd,Los Angeles,CA,90064,3104794351,34.026039,-118.4333353,,False,active,Returned by Kroger official Locations API on 2026-09-01,Kroger official Locations API,2026-09-01T20:17:21.472587+00:00,28
70300274,Ralphs - Western Manchester,RALPHS,1730 W Manchester Ave,Los Angeles,CA,90047,3237503151,33.9593084,-118.3079156,,False,active,Returned by Kroger official Locations API on 2026-09-01,Kroger official Locations API,2026-09-01T20:17:21.472587+00:00,18
70300016,Ralphs - Wiltern,RALPHS,670 S Western Ave,Los Angeles,CA,90005,2133835058,34.0600442,-118.30849620000001,,False,active,Returned by Kroger official Locations API on 2026-09-01,Kroger official Locations API,2026-09-01T20:17:21.472587+00:00,26
70300022,Ralphs Fresh Fare - 9th Flower,RALPHS,645 W 9Th St,Los Angeles,CA,90015,2134520840,34.045666,-118.260783,,False,active,Returned by Kroger official Locations API on 2026-09-01,Kroger official Locations API,2026-09-01T20:17:21.472587+00:00,27
70300044,Ralphs Fresh Fare - Bundy,RALPHS,12057 Wilshire Blvd,Los Angeles,CA,90025,3104778746,34.0449562,-118.46701039999999,,False,active,Returned by Kroger official Locations API on 2026-09-01,Kroger official Locations API,2026-09-01T20:17:21.472587+00:00,22
70300156,Ralphs Fresh Fare - Century City,RALPHS,10309 W Olympic Blvd,Los Angeles,CA,90064,3105538117,34.0524414,-118.41783889999999,,False,active,Returned by Kroger official Locations API on 2026-09-01,Kroger official Locations API,2026-09-01T20:17:21.472587+00:00,20
70300210,Ralphs Fresh Fare - Olympic Barrington,RALPHS,11727 W Olympic Blvd,Los Angeles,CA,90064,3104735238,34.0349667,-118.4492017,,False,active,Returned by Kroger official Locations API on 2026-09-01,Kroger official Locations API,2026-09-01T20:17:21.472587+00:00,31
70300759,Ralphs Fresh Fare - Westwood,RALPHS,10861 Weyburn Ave,Los Angeles,CA,90024,3108245994,34.063363,-118.44394199999999,,False,active,Returned by Kroger official Locations API on 2026-09-01,Kroger official Locations API,2026-09-01T20:17:21.472587+00:00,39
70300289,Ralphs Fresh Fare - Wilshire Hauser,RALPHS,5601 Wilshire Blvd,Los Angeles,CA,90036,3239364954,34.0628415,-118.3508807,,False,active,Returned by Kroger official Locations API on 2026-09-01,Kroger official Locations API,2026-09-01T20:17:21.472587+00:00,30
70300271,Ralphs - Los Osos,RALPHS,1240 Los Osos Valley Rd,Los Osos,CA,93402,8055280112,35.3112869,-120.8271713,,False,active,Returned by Kroger official Locations API on 2026-09-01,Kroger official Locations API,2026-09-01T20:17:21.472587+00:00,24
70300731,Ralphs Fresh Fare - Malibu Bay Colony,RALPHS,23841 Malibu Rd,Malibu,CA,90265,3104562917,34.0339684,-118.6949844,,False,active,Returned by Kroger official Locations API on 2026-09-01,Kroger official Locations API,2026-09-01T20:17:21.472587+00:00,24
70300166,Ralphs Fresh Fare - Manhattan Village Shopping Center,RALPHS,2700 N Sepulveda Blvd,Manhattan Beach,CA,90266,3105462472,33.896168,-118.3943195,,False,active,Returned by Kroger official Locations API on 2026-09-01,Kroger official Locations API,2026-09-01T20:17:21.472587+00:00,28
70300280,Ralphs Fresh Fare - Marina Del Rey,RALPHS,4311 Lincoln Blvd,Marina Del Rey,CA,90292,3105740909,33.9842507,-118.44324950000001,,False,active,Returned by Kroger official Locations API on 2026-09-01,Kroger official Locations API,2026-09-01T20:17:21.472587+00:00,32
70300279,Ralphs Fresh Fare - Marina Waterside Center,RALPHS,4700 Admiralty Way,Marina Del Rey,CA,90292,3108234684,33.9798353,-118.4389103,,False,active,Returned by Kroger official Locations API on 2026-09-01,Kroger official Locations API,2026-09-01T20:17:21.472587+00:00,31
70300140,Ralphs - Menifee Town Center,RALPHS,30125 Antelope Rd,Menifee,CA,92584,9516792117,33.6842435,-117.1689336,,False,active,Returned by Kroger official Locations API on 2026-09-01,Kroger official Locations API,2026-09-01T20:17:21.472587+00:00,22
70300076,Ralphs - La Paz Marguerite SC,RALPHS,25104 Marguerite Pkwy,Mission Viejo,CA,92692,9498303066,33.5973541,-117.656408,,False,active,Returned by Kroger official Locations API on 2026-09-01,Kroger official Locations API,2026-09-01T20:17:21.472587+00:00,22
70300117,Ralphs Fresh Fare - Portola Plaza,RALPHS,27730 Santa Margarita Pkwy,Mission Viejo,CA,92691,9498370380,33.6514734,-117.6468891,,False,active,Returned by Kroger official Locations API on 2026-09-01,Kroger official Locations API,2026-09-01T20:17:21.472587+00:00,22
70300095,Ralphs - Atlantic Square,RALPHS,2230 S Atlantic Blvd,Monterey Park,CA,91754,3237213367,34.0371597,-118.1447925,,False,active,Returned by Kroger official Locations API on 2026-09-01,Kroger official Locations API,2026-09-01T20:17:21.472587+00:00,24
70300715,Ralphs - N Monterey Park,RALPHS,330 N Atlantic Blvd,Monterey Park,CA,91754,6262890261,34.0652588,-118.1334695,,False,active,Returned by Kroger official Locations API on 2026-09-01,Kroger official Locations API,2026-09-01T20:17:21.472587+00:00,23
70300723,Ralphs - Moorpark Town Center,RALPHS,101 W Los Angeles Ave,Moorpark,CA,93021,8055291604,34.2802426,-118.8833702,,False,active,Returned by Kroger official Locations API on 2026-09-01,Kroger official Locations API,2026-09-01T20:17:21.472587+00:00,23
70300118,Ralphs - Plaza del Oro SC,RALPHS,23801 Washington Ave,Murrieta,CA,92562,9516772297,33.5704592,-117.2346044,,False,active,Returned by Kroger official Locations API on 2026-09-01,Kroger official Locations API,2026-09-01T20:17:21.472587+00:00,29
70300729,Ralphs - Ventu Park Shopping Center,RALPHS,583 N Ventu Park Rd,Newbury Park,CA,91320,8054996743,34.1874084,-118.9124221,,False,active,Returned by Kroger official Locations API on 2026-09-01,Kroger official Locations API,2026-09-01T20:17:21.472587+00:00,25
70300744,Ralphs Fresh Fare - Eastbluff Village,RALPHS,2555 Eastbluff Dr,Newport Beach,CA,92660,9496442060,33.6408004,-117.87561790000001,,False,active,Returned by Kroger official Locations API on 2026-09-01,Kroger official Locations API,2026-09-01T20:17:21.472587+00:00,24
70300745,Ralphs Fresh Fare - Westcliff Plaza,RALPHS,1150 Irvine Ave,Newport Beach,CA,92660,9496461411,33.6293969,-117.90676210000001,,False,active,Returned by Kroger official Locations API on 2026-09-01,Kroger official Locations API,2026-09-01T20:17:21.472587+00:00,22
70300056,Ralphs - North Hollywood SC Magnolia Vineland SC,RALPHS,10900 Magnolia Blvd,North Hollywood,CA,91601,8187604148,34.1643619,-118.3677852,,False,active,Returned by Kroger official Locations API on 2026-09-01,Kroger official Locations API,2026-09-01T20:17:21.472587+00:00,25
70300127,Ralphs Fresh Fare - Porter Ranch,RALPHS,19781 Rinaldi St,Northridge,CA,91326,8188325955,34.2762556,-118.5636186,,False,active,Returned by Kroger official Locations API on 2026-09-01,Kroger official Locations API,2026-09-01T20:17:21.472587+00:00,33
70300054,Ralphs - Old Grove Marketplace,RALPHS,101 Old Grove Rd,Oceanside,CA,92057,7607541035,33.2296871,-117.3071472,,False,active,Returned by Kroger official Locations API on 2026-09-01,Kroger official Locations API,2026-09-01T20:17:21.472587+00:00,26
70300752,Ralphs - Archibald Ranch Town Center,RALPHS,3075 S Archibald Ave Bldg C,Ontario,CA,91761,9099471884,34.0176714,-117.5922578,,False,active,Returned by Kroger official Locations API on 2026-09-01,Kroger official Locations API,2026-09-01T20:17:21.472587+00:00,23
70300008,Ralphs - Chapman Main center,RALPHS,1435 W Chapman Ave,Orange,CA,92868,7146342905,33.7889157,-117.8682746,,False,active,Returned by Kroger official Locations API on 2026-09-01,Kroger official Locations API,2026-09-01T20:17:21.472587+00:00,22
70300027,Ralphs Fresh Fare - Desert Springs Marketplace,RALPHS,74884 Country Club Dr,Palm Desert,CA,92260,7607769821,33.760428,-116.357945,,False,active,Returned by Kroger official Locations API on 2026-09-01,Kroger official Locations API,2026-09-01T20:17:21.472587+00:00,28
70300611,Ralphs - Sunrise Ramon,RALPHS,425 S Sunrise Way Ste A,Palm Springs,CA,92262,7603274370,33.8170689,-116.5299424,,False,active,Returned by Kroger official Locations API on 2026-09-01,Kroger official Locations API,2026-09-01T20:17:21.472587+00:00,24
70300181,Ralphs Fresh Fare - Smoketree Village,RALPHS,1733 E Palm Canyon Dr,Palm Springs,CA,92264,7603255664,33.7999835,-116.5261984,,False,active,Returned by Kroger official Locations API on 2026-09-01,Kroger official Locations API,2026-09-01T20:17:21.472587+00:00,30
70300096,Ralphs - Lake,RALPHS,160 N Lake Ave,Pasadena,CA,91101,6267937480,34.1489707,-118.1312999,,False,active,Returned by Kroger official Locations API on 2026-09-01,Kroger official Locations API,2026-09-01T20:17:21.472587+00:00,30
70300730,Ralphs Fresh Fare - Foothill Rosemead Plaza,RALPHS,3601 E Foothill Blvd,Pasadena,CA,91107,6263518806,34.1513206,-118.075587,,False,active,Returned by Kroger official Locations API on 2026-09-01,Kroger official Locations API,2026-09-01T20:17:21.472587+00:00,29
70300743,Ralphs Fresh Fare - West Pasadena,RALPHS,320 W Colorado Blvd,Pasadena,CA,91105,6267934179,34.1451992,-118.1569341,,False,active,Returned by Kroger official Locations API on 2026-09-01,Kroger official Locations API,2026-09-01T20:17:21.472587+00:00,23
70300756,Ralphs - Village Ctr at Rose,RALPHS,710 N Rose Dr,Placentia,CA,92870,7145243984,33.8775551,-117.8418072,,False,active,Returned by Kroger official Locations API on 2026-09-01,Kroger official Locations API,2026-09-01T20:17:21.472587+00:00,24
70300062,Ralphs - Mandalay Village Marketplace,RALPHS,615 W Channel Islands Blvd,Port Hueneme,CA,93041,8059842005,34.1772195,-119.2163031,,False,active,Returned by Kroger official Locations API on 2026-09-01,Kroger official Locations API,2026-09-01T20:17:21.472587+00:00,24
70300013,Ralphs - Central Park Plaza,RALPHS,7369 Milliken Ave,Rancho Cucamonga,CA,91730,9099444827,34.1198955,-117.55695850000001,,False,active,Returned by Kroger official Locations API on 2026-09-01,Kroger official Locations API,2026-09-01T20:17:21.472587+00:00,27
70300700,Ralphs - Day Creek Village,RALPHS,12201 Highland Ave,Rancho Cucamonga,CA,91739,9096469356,34.1350064,-117.5393325,,False,active,Returned by Kroger official Locations API on 2026-09-01,Kroger official Locations API,2026-09-01T20:17:21.472587+00:00,26
70300717,Ralphs - Terra Vista,RALPHS,7243 Haven Ave,Rancho Cucamonga,CA,91701,9099444838,34.122586,-117.5733113,,False,active,Returned by Kroger official Locations API on 2026-09-01,Kroger official Locations API,2026-09-01T20:17:21.472587+00:00,25
70300720,Ralphs Fresh Fare - Palos Verdes,RALPHS,30019 Hawthorne Blvd,Rancho Palos Verdes,CA,90275,3103776941,33.7604737,-118.3946889,,False,active,Returned by Kroger official Locations API on 2026-09-01,Kroger official Locations API,2026-09-01T20:17:21.472587+00:00,26
70300078,Ralphs - Mercado Del Lago Rancho Santa Margarita Shopping Center,RALPHS,31481 Santa Margarita Pkwy,Rancho Santa Margarita,CA,92688,9495890156,33.6507342,-117.5821093,,False,active,Returned by Kroger official Locations API on 2026-09-01,Kroger official Locations API,2026-09-01T20:17:21.472587+00:00,20
70300120,Ralphs - South Bay,RALPHS,1413 Hawthorne Blvd,Redondo Beach,CA,90278,3103709446,33.8669814,-118.3537852,,False,active,Returned by Kroger official Locations API on 2026-09-01,Kroger official Locations API,2026-09-01T20:17:21.472587+00:00,31
70300098,Ralphs - La Sierra,RALPHS,3350 La Sierra Ave,Riverside,CA,92503,9516371948,33.8953204,-117.4715286,,False,active,Returned by Kroger official Locations API on 2026-09-01,Kroger official Locations API,2026-09-01T20:17:21.472587+00:00,39
70300144,Ralphs - Magnolia Town Center,RALPHS,6155 Magnolia Ave,Riverside,CA,92506,9512749543,33.9592257,-117.3943918,,False,active,Returned by Kroger official Locations API on 2026-09-01,Kroger official Locations API,2026-09-01T20:17:21.472587+00:00,23
70300609,Ralphs Fresh Fare - Canyon Crest Town Center,RALPHS,5225 Canyon Crest Dr,Riverside,CA,92507,9517843123,33.9559087,-117.33220370000001,,False,active,Returned by Kroger official Locations API on 2026-09-01,Kroger official Locations API,2026-09-01T20:17:21.472587+00:00,26
70300753,Ralphs - University town Center,RALPHS,4444 University Pkwy,San Bernardino,CA,92407,9098802253,34.1696763,-117.3343382,,False,active,Returned by Kroger official Locations API on 2026-09-01,Kroger official Locations API,2026-09-01T20:17:21.472587+00:00,24
70300015,Ralphs - Ocean View Plaza,RALPHS,638 Camino De Los Mares,San Clemente,CA,92673,9494968616,33.4574307,-117.6515562,,False,active,Returned by Kroger official Locations API on 2026-09-01,Kroger official Locations API,2026-09-01T20:17:21.472587+00:00,20
70300221,Ralphs - S San Clemente,RALPHS,903 S El Camino Real,San Clemente,CA,92672,9493618729,33.4229018,-117.6087022,,False,active,Returned by Kroger official Locations API on 2026-09-01,Kroger official Locations API,2026-09-01T20:17:21.472587+00:00,21
70300287,Ralphs Fresh Fare - Talega Village Center,RALPHS,811 Avenida Talega,San Clemente,CA,92673,9494921648,33.4623095,-117.5983282,,False,active,Returned by Kroger official Locations API on 2026-09-01,Kroger official Locations API,2026-09-01T20:17:21.472587+00:00,30
70300019,Ralphs - Carmel MTN Ranch Town Center,RALPHS,11875 Carmel Mountain Rd,San Diego,CA,92128,8584518376,32.9809705,-117.0755982,,False,active,Returned by Kroger official Locations API on 2026-09-01,Kroger official Locations API,2026-09-01T20:17:21.472587+00:00,23
70300123,Ralphs - Downtown San Diego,RALPHS,101 G St,San Diego,CA,92101,6195951581,32.712107,-117.1633264,,False,active,Returned by Kroger official Locations API on 2026-09-01,Kroger official Locations API,2026-09-01T20:17:21.472587+00:00,33
70300077,Ralphs - Friars-Mission Center,RALPHS,5680 Mission Center Rd,San Diego,CA,92108,6192972593,32.7758918,-117.155417,,False,active,Returned by Kroger official Locations API on 2026-09-01,Kroger official Locations API,2026-09-01T20:17:21.472587+00:00,29
70300220,Ralphs - Montezuma,RALPHS,6670 Montezuma Rd,San Diego,CA,92115,6194638893,32.769537,-117.0542197,,False,active,Returned by Kroger official Locations API on 2026-09-01,Kroger official Locations API,2026-09-01T20:17:21.472587+00:00,23
70300207,Ralphs - PB Marketplace,RALPHS,4315 Mission Blvd,San Diego,CA,92109,8582730778,32.7943027,-117.25409619999999,,False,active,Returned by Kroger official Locations API on 2026-09-01,Kroger official Locations API,2026-09-01T20:17:21.472587+00:00,24
70300212,Ralphs - Point Loma,RALPHS,1666 Rosecrans St,San Diego,CA,92106,6198196040,32.728483,-117.22635,,False,active,Returned by Kroger official Locations API on 2026-09-01,Kroger official Locations API,2026-09-01T20:17:21.472587+00:00,18
70300159,Ralphs - South Bay Terrace SC,RALPHS,3011 Alta View Dr,San Diego,CA,92139,6194700574,32.6769957,-117.0381614,,False,active,Returned by Kroger official Locations API on 2026-09-01,Kroger official Locations API,2026-09-01T20:17:21.472587+00:00,23
70300201,Ralphs - Sports Arena,RALPHS,3345 Sports Arena Blvd,San Diego,CA,92110,6192220688,32.751618,-117.211068,,False,active,Returned by Kroger official Locations API on 2026-09-01,Kroger official Locations API,2026-09-01T20:17:21.472587+00:00,25
70300105,Ralphs Fresh Fare - 4S Commons Town Center,RALPHS,10525 4S Commons Dr,San Diego,CA,92127,8586750196,33.0191648,-117.1127455,,False,active,Returned by Kroger official Locations API on 2026-09-01,Kroger official Locations API,2026-09-01T20:17:21.472587+00:00,30
70300167,Ralphs Fresh Fare - Del Mar Highlands town center,RALPHS,3455 Del Mar Heights Rd,San Diego,CA,92130,8582591077,32.9529048,-117.2317127,,False,active,Returned by Kroger official Locations API on 2026-09-01,Kroger official Locations API,2026-09-01T20:17:21.472587+00:00,29
70300051,Ralphs Fresh Fare - Hillcrest,RALPHS,1020 University Ave,San Diego,CA,92103,6192982931,32.749267,-117.154764,,False,active,Returned by Kroger official Locations API on 2026-09-01,Kroger official Locations API,2026-09-01T20:17:21.472587+00:00,29
70300656,Ralphs - Madonna Plaza,RALPHS,201 Madonna Rd,San Luis Obispo,CA,93405,8055460407,35.2635262,-120.67572440000001,,False,active,Returned by Kroger official Locations API on 2026-09-01,Kroger official Locations API,2026-09-01T20:17:21.472587+00:00,22
70300683,Ralphs - Campus Marketplace,RALPHS,306 S Twin Oaks Valley Rd,San Marcos,CA,92078,7608910607,33.1306429,-117.1669074,,False,active,Returned by Kroger official Locations API on 2026-09-01,Kroger official Locations API,2026-09-01T20:17:21.472587+00:00,37
70300087,Ralphs - Tarragona Plaza,RALPHS,1050 N Western Ave,San Pedro,CA,90732,3108333506,33.7532968,-118.3074672,,False,active,Returned by Kroger official Locations API on 2026-09-01,Kroger official Locations API,2026-09-01T20:17:21.472587+00:00,27
70300680,Ralphs Fresh Fare - Santa Barbara,RALPHS,100 W Carrillo St,Santa Barbara,CA,93101,8055647000,34.4200089,-119.7041654,,False,active,Returned by Kroger official Locations API on 2026-09-01,Kroger official Locations API,2026-09-01T20:17:21.472587+00:00,21
70300292,Ralphs Fresh Fare - Olympic Cloverfield,RALPHS,1644 Cloverfield Blvd,Santa Monica,CA,90404,3105823900,34.0270564,-118.4738012,,False,active,Returned by Kroger official Locations API on 2026-09-01,Kroger official Locations API,2026-09-01T20:17:21.472587+00:00,32
70300604,Ralphs Fresh Fare - Old Ranch Town Center,RALPHS,12470 Seal Beach Blvd,Seal Beach,CA,90740,5625983128,33.781024,-118.0696489,,False,active,Returned by Kroger official Locations API on 2026-09-01,Kroger official Locations API,2026-09-01T20:17:21.472587+00:00,31
70300702,Ralphs - Van Nuys Burbank,RALPHS,14440 Burbank Blvd,Sherman Oaks,CA,91401,8189895640,34.1714047,-118.447126,,False,active,Returned by Kroger official Locations API on 2026-09-01,Kroger official Locations API,2026-09-01T20:17:21.472587+00:00,30
70300222,Ralphs Fresh Fare - Sherman Oaks,RALPHS,14049 Ventura Blvd,Sherman Oaks,CA,91423,7472336100,34.1501009,-118.4389163,,False,active,Returned by Kroger official Locations API on 2026-09-01,Kroger official Locations API,2026-09-01T20:17:21.472587+00:00,30
70300052,Ralphs - Simi Valley,RALPHS,2726 E Los Angeles Ave,Simi Valley,CA,93065,8055271122,34.270697,-118.7425413,,False,active,Returned by Kroger official Locations API on 2026-09-01,Kroger official Locations API,2026-09-01T20:17:21.472587+00:00,20
70300021,Ralphs - South Pasadena,RALPHS,1745 Garfield Ave,South Pasadena,CA,91030,6264030082,34.1049558,-118.1352246,,False,active,Returned by Kroger official Locations API on 2026-09-01,Kroger official Locations API,2026-09-01T20:17:21.472587+00:00,19
70300757,Ralphs - Stevenson Ranch,RALPHS,24975 Pico Canyon Rd,Stevenson Ranch,CA,91381,6612530656,34.3824893,-118.57427369999999,,False,active,Returned by Kroger official Locations API on 2026-09-01,Kroger official Locations API,2026-09-01T20:17:21.472587+00:00,19
70300701,Ralphs Fresh Fare - Coldwater Ventura,RALPHS,12842 Ventura Blvd,Studio City,CA,91604,8187616196,34.1441282,-118.4131209,,False,active,Returned by Kroger official Locations API on 2026-09-01,Kroger official Locations API,2026-09-01T20:17:21.472587+00:00,25
70300133,Ralphs Fresh Fare - Studio Plaza,RALPHS,10901 Ventura Blvd,Studio City,CA,91604,8187607008,34.1400882,-118.3678862,,False,active,Returned by Kroger official Locations API on 2026-09-01,Kroger official Locations API,2026-09-01T20:17:21.472587+00:00,33
70300017,Ralphs - Canyon Plaza,RALPHS,8325 Laurel Canyon Blvd,Sun Valley,CA,91352,8187680377,34.2225057,-118.3977556,,False,active,Returned by Kroger official Locations API on 2026-09-01,Kroger official Locations API,2026-09-01T20:17:21.472587+00:00,17
70300049,Ralphs - Sunland Shopping Center,RALPHS,10455 Sunland Blvd,Sunland,CA,91040,8183524544,34.260529,-118.326788,,False,active,Returned by Kroger official Locations API on 2026-09-01,Kroger official Locations API,2026-09-01T20:17:21.472587+00:00,18
70300686,Ralphs - Vail Ranch,RALPHS,33145 Temecula Pkwy,Temecula,CA,92592,9513033102,33.4843093,-117.07987969999999,,False,active,Returned by Kroger official Locations API on 2026-09-01,Kroger official Locations API,2026-09-01T20:17:21.472587+00:00,28
70300053,Ralphs - Temple City,RALPHS,9470 Las Tunas Dr,Temple City,CA,91780,6262860898,34.1052403,-118.0639288,,False,active,Returned by Kroger official Locations API on 2026-09-01,Kroger official Locations API,2026-09-01T20:17:21.472587+00:00,18
70300620,Ralphs - Thousand Oaks,RALPHS,1500 N Moorpark Rd,Thousand Oaks,CA,91360,8053793100,34.1980804,-118.8672439,,False,active,Returned by Kroger official Locations API on 2026-09-01,Kroger official Locations API,2026-09-01T20:17:21.472587+00:00,31
70300132,Ralphs - Carson Abalone,RALPHS,1770 W Carson St,Torrance,CA,90501,3107878786,33.8300205,-118.31106679999999,,False,active,Returned by Kroger official Locations API on 2026-09-01,Kroger official Locations API,2026-09-01T20:17:21.472587+00:00,27
70300088,Ralphs - Plaza Mayor,RALPHS,5035 Pacific Coast Hwy,Torrance,CA,90505,3103780295,33.8136539,-118.3676329,,False,active,Returned by Kroger official Locations API on 2026-09-01,Kroger official Locations API,2026-09-01T20:17:21.472587+00:00,25
70300110,Ralphs - Torrance,RALPHS,3455 Sepulveda Blvd,Torrance,CA,90505,3105421639,33.8280928,-118.34561479999999,,False,active,Returned by Kroger official Locations API on 2026-09-01,Kroger official Locations API,2026-09-01T20:17:21.472587+00:00,25
70300728,Ralphs Fresh Fare - Country Hills S C,RALPHS,2909 Rolling Hills Rd,Torrance,CA,90505,3103250611,33.7894169,-118.3403516,,False,active,Returned by Kroger official Locations API on 2026-09-01,Kroger official Locations API,2026-09-01T20:17:21.472587+00:00,21
70300139,Ralphs Fresh Fare - Tustin Village Center,RALPHS,13321 Jamboree Rd,Tustin,CA,92782,7145440491,33.729392,-117.790173,,False,active,Returned by Kroger official Locations API on 2026-09-01,Kroger official Locations API,2026-09-01T20:17:21.472587+00:00,33
70300727,Ralphs Fresh Fare - Granary Square,RALPHS,25930 Mcbean Pkwy,Valencia,CA,91355,6612543440,34.4048237,-118.5514523,,False,active,Returned by Kroger official Locations API on 2026-09-01,Kroger official Locations API,2026-09-01T20:17:21.472587+00:00,26
70300147,Ralphs Fresh Fare - Northpark Village Square,RALPHS,27760 Mcbean Pkwy,Valencia,CA,91354,6612637690,34.4458384,-118.5520028,,False,active,Returned by Kroger official Locations API on 2026-09-01,Kroger official Locations API,2026-09-01T20:17:21.472587+00:00,31
70300063,Ralphs - Magnolia Mall,RALPHS,12921 Magnolia Blvd,Van Nuys,CA,91423,8189862293,34.1656338,-118.4144431,,False,active,Returned by Kroger official Locations API on 2026-09-01,Kroger official Locations API,2026-09-01T20:17:21.472587+00:00,23
70300189,Ralphs - Saticoy Plaza,RALPHS,17250 Saticoy St,Van Nuys,CA,91406,8186098425,34.2069463,-118.50882,,False,active,Returned by Kroger official Locations API on 2026-09-01,Kroger official Locations API,2026-09-01T20:17:21.472587+00:00,27
70300047,Ralphs - Sherman Way,RALPHS,7221 Woodman Ave,Van Nuys,CA,91405,8187853162,34.2019488,-118.4321526,,False,active,Returned by Kroger official Locations API on 2026-09-01,Kroger official Locations API,2026-09-01T20:17:21.472587+00:00,21
70300281,Ralphs - Venice,RALPHS,910 Lincoln Blvd,Venice,CA,90291,3103924854,33.9991682,-118.4612747,,False,active,Returned by Kroger official Locations API on 2026-09-01,Kroger official Locations API,2026-09-01T20:17:21.472587+00:00,24
70300664,Ralphs - Montalvo Square,RALPHS,1776 S Victoria Ave,Ventura,CA,93003,8056500239,34.2580299,-119.2089538,,False,active,Returned by Kroger official Locations API on 2026-09-01,Kroger official Locations API,2026-09-01T20:17:21.472587+00:00,29
70300068,Ralphs Fresh Fare - Villa Park,RALPHS,17801 Santiago Blvd,Villa Park,CA,92861,7149980041,33.8154847,-117.8216077,,False,active,Returned by Kroger official Locations API on 2026-09-01,Kroger official Locations API,2026-09-01T20:17:21.472587+00:00,22
70300213,Ralphs - Fallbrook,RALPHS,22915 Victory Blvd,West Hills,CA,91307,8187168199,34.1870704,-118.6263604,,False,active,Returned by Kroger official Locations API on 2026-09-01,Kroger official Locations API,2026-09-01T20:17:21.472587+00:00,25
70300293,Ralphs - La Brea Marketplace,RALPHS,1233 N La Brea Ave,West Hollywood,CA,90038,3238768790,34.0934601,-118.3446077,,False,active,Returned by Kroger official Locations API on 2026-09-01,Kroger official Locations API,2026-09-01T20:17:21.472587+00:00,25
70300724,Ralphs Fresh Fare - Beverly Doheny,RALPHS,9040 Beverly Blvd,West Hollywood,CA,90048,3102781351,34.0766346,-118.3891212,,False,active,Returned by Kroger official Locations API on 2026-09-01,Kroger official Locations API,2026-09-01T20:17:21.472587+00:00,22
70300009,Ralphs Fresh Fare - North Ranch Mall,RALPHS,3963 E Thousand Oaks Blvd,Westlake Village,CA,91362,8054962469,34.1635059,-118.8235181,,False,active,Returned by Kroger official Locations API on 2026-09-01,Kroger official Locations API,2026-09-01T20:17:21.472587+00:00,24
70300245,Ralphs - W Whittier,RALPHS,11825 Whittier Blvd,Whittier,CA,90601,5626924565,33.982098,-118.04957329999999,,False,active,Returned by Kroger official Locations API on 2026-09-01,Kroger official Locations API,2026-09-01T20:17:21.472587+00:00,21
70300064,Ralphs - Whittier,RALPHS,14919 Whittier Blvd,Whittier,CA,90605,5629453779,33.9499773,-118.0072833,,False,active,Returned by Kroger official Locations API on 2026-09-01,Kroger official Locations API,2026-09-01T20:17:21.472587+00:00,20
70300081,Ralphs Fresh Fare - Gateway Plaza SC,RALPHS,21909 Ventura Blvd,Woodland Hills,CA,91364,8188831907,34.169725,-118.6039859,,False,active,Returned by Kroger official Locations API on 2026-09-01,Kroger official Locations API,2026-09-01T20:17:21.472587+00:00,29
70300070,Ralphs Fresh Fare - Ralphs Shopping Center,RALPHS,20060 Ventura Blvd,Woodland Hills,CA,91364,8188837552,34.170048,-118.5702003,,False,active,Returned by Kroger official Locations API on 2026-09-01,Kroger official Locations API,2026-09-01T20:17:21.472587+00:00,28
09000290,Ruler - Ruler,RULER,2002 W Springfield Ave,Champaign,IL,61821,2173731450,40.1138976,-88.2802593,,False,active,Returned by Kroger official Locations API on 2026-09-01,Kroger official Locations API,2026-09-01T20:17:21.472587+00:00,11
09000251,Ruler - Ruler,RULER,612 W Lincoln Ave,Charleston,IL,61920,2173452224,39.4828625,-88.1892748,,False,active,Returned by Kroger official Locations API on 2026-09-01,Kroger official Locations API,2026-09-01T20:17:21.472587+00:00,8
09000274,Ruler - Ruler - The Orchards,RULER,1984 Vandalia St,Collinsville,IL,62234,6183444412,38.6948565,-89.9663562,,False,active,Returned by Kroger official Locations API on 2026-09-01,Kroger official Locations API,2026-09-01T20:17:21.472587+00:00,10
09000246,Ruler - Ruler,RULER,102 N Griffin St,Danville,IL,61832,2174314900,40.1309799,-87.6032667,,False,active,Returned by Kroger official Locations API on 2026-09-01,Kroger official Locations API,2026-09-01T20:17:21.472587+00:00,9
09000277,Ruler - Ruler - Crossroads Centre,RULER,10850 Lincoln Trl Unit 12B,Fairview Heights,IL,62208,6183983178,38.589757,-89.989609,,False,active,Returned by Kroger official Locations API on 2026-09-01,Kroger official Locations API,2026-09-01T20:17:21.472587+00:00,10
09000278,Ruler - Ruler - Monticello Plaza,RULER,5771 Godfrey Rd,Godfrey,IL,62035,6184660402,38.9501312,-90.1893036,,False,active,Returned by Kroger official Locations API on 2026-09-01,Kroger official Locations API,2026-09-01T20:17:21.472587+00:00,9
09000279,Ruler - Granite City,RULER,3801 Nameoki Rd Ste 22,Granite City,IL,62040,6184518150,38.7227256,-90.1242933,,False,active,Returned by Kroger official Locations API on 2026-09-01,Kroger official Locations API,2026-09-01T20:17:21.472587+00:00,8
09000320,Ruler - Ruler,RULER,2675 Northtown Way,Highland,IL,62249,6186510514,38.7514723,-89.6826671,,False,active,Returned by Kroger official Locations API on 2026-09-01,Kroger official Locations API,2026-09-01T20:17:21.472587+00:00,8
09000291,Ruler - Ruler,RULER,535 N West St,Olney,IL,62450,6183920815,38.7400838,-88.0956274,,False,active,Returned by Kroger official Locations API on 2026-09-01,Kroger official Locations API,2026-09-01T20:17:21.472587+00:00,9
09000292,Ruler - Ruler,RULER,1404 E Main St,Robinson,IL,62454,6185449486,39.00751,-87.72222,,False,active,Returned by Kroger official Locations API on 2026-09-01,Kroger official Locations API,2026-09-01T20:17:21.472587+00:00,7
09000258,Ruler - Ruler,RULER,2711 E Sangamon Ave,Springfield,IL,62702,2177534290,39.8324633,-89.614973,,False,active,Returned by Kroger official Locations API on 2026-09-01,Kroger official Locations API,2026-09-01T20:17:21.472587+00:00,11
09000222,Ruler - Bloomfield,RULER,360 E Main St,Bloomfield,IN,47424,8123843220,39.0275118,-86.9335715,,False,active,Returned by Kroger official Locations API on 2026-09-01,Kroger official Locations API,2026-09-01T20:17:21.472587+00:00,11
09000227,Ruler - Evansville,RULER,2040 E Morgan Ave,Evansville,IN,47711,8124719970,37.9926033,-87.52714,,False,active,Returned by Kroger official Locations API on 2026-09-01,Kroger official Locations API,2026-09-01T20:17:21.472587+00:00,8
09000235,Ruler - Evansville,RULER,4624 N 1st Ave,Evansville,IN,47710,8124235751,38.0211098,-87.5754218,,False,active,Returned by Kroger official Locations API on 2026-09-01,Kroger official Locations API,2026-09-01T20:17:21.472587+00:00,9
09000233,Ruler - Washington Lawndale SC,RULER,730 S Green River Rd,Evansville,IN,47715,8124760716,37.9667372,-87.4904064,,False,active,Returned by Kroger official Locations API on 2026-09-01,Kroger official Locations API,2026-09-01T20:17:21.472587+00:00,8
09000267,Ruler - Frankfort IN,RULER,1451 E Wabash St,Frankfort,IN,46041,7656590238,40.276477,-86.495923,,False,active,Returned by Kroger official Locations API on 2026-09-01,Kroger official Locations API,2026-09-01T20:17:21.472587+00:00,10
09000261,Ruler - Ruler,RULER,155 E 30th St,Jasper,IN,47546,8124810030,38.4147607,-86.9369064,,False,active,Returned by Kroger official Locations API on 2026-09-01,Kroger official Locations API,2026-09-01T20:17:21.472587+00:00,8
09000325,Ruler - Ruler,RULER,3047 E Market St,Logansport,IN,46947,5747320978,40.7571557,-86.3289966,,False,active,Returned by Kroger official Locations API on 2026-09-01,Kroger official Locations API,2026-09-01T20:17:21.472587+00:00,8
09000215,Ruler - Loogootee,RULER,600 W Broadway St,Loogootee,IN,47553,8122953030,38.6705262,-86.915536,,False,active,Returned by Kroger official Locations API on 2026-09-01,Kroger official Locations API,2026-09-01T20:17:21.472587+00:00,11
09000239,Ruler - Marion,RULER,1129 N Baldwin Ave,Marion,IN,46952,7656629660,40.5737028,-85.6771008,,False,active,Returned by Kroger official Locations API on 2026-09-01,Kroger official Locations API,2026-09-01T20:17:21.472587+00:00,9
09000345,Ruler - Ruler,RULER,6110 Broadway,Merrillville,IN,46410,2198840150,41.5067204,-87.3401607,,False,active,Returned by Kroger official Locations API on 2026-09-01,Kroger official Locations API,2026-09-01T20:17:21.472587+00:00,9
09000376,Ruler - Mitchell,RULER,1240 W Main St,Mitchell,IN,47446,8129925141,38.73129,-86.4819379,,False,active,Returned by Kroger official Locations API on 2026-09-01,Kroger official Locations API,2026-09-01T20:17:21.472587+00:00,2
09000263,Ruler - Ruler,RULER,3500 N Morrison Rd,Muncie,IN,47304,7652843617,40.220792,-85.441446,,False,active,Returned by Kroger official Locations API on 2026-09-01,Kroger official Locations API,2026-09-01T20:17:21.472587+00:00,10
09000236,Ruler - Newburgh,RULER,7844 W State Route 66,Newburgh,IN,47630,8128538547,37.9779886,-87.3935213,,False,active,Returned by Kroger official Locations API on 2026-09-01,Kroger official Locations API,2026-09-01T20:17:21.472587+00:00,10
09000232,Ruler - Ruler,RULER,1503 W Broadway St,Princeton,IN,47670,8123866533,38.3536372,-87.5848383,,False,active,Returned by Kroger official Locations API on 2026-09-01,Kroger official Locations API,2026-09-01T20:17:21.472587+00:00,10
09000205,Ruler - Salem,RULER,805 S Main St,Salem,IN,47167,8128838092,38.5966047,-86.1019856,,False,active,Returned by Kroger official Locations API on 2026-09-01,Kroger official Locations API,2026-09-01T20:17:21.472587+00:00,11
09000351,Ruler - Ruler,RULER,111 Riverside Dr Ste 1,Cynthiana,KY,41031,8592346154,38.3778392,-84.3081479,,False,active,Returned by Kroger official Locations API on 2026-09-01,Kroger official Locations API,2026-09-01T20:17:21.472587+00:00,8
09000284,Ruler - Ruler,RULER,374 N L Rogers Wells Blvd,Glasgow,KY,42141,2706590262,37.0075345,-85.925389,,False,active,Returned by Kroger official Locations API on 2026-09-01,Kroger official Locations API,2026-09-01T20:17:21.472587+00:00,9
09000234,Ruler - Henderson,RULER,2480 US Highway 41 N Ste B,Henderson,KY,42420,2708448081,37.8713286,-87.5678687,,False,active,Returned by Kroger official Locations API on 2026-09-01,Kroger official Locations API,2026-09-01T20:17:21.472587+00:00,10
09000282,Ruler - Ruler,RULER,1107 Paris Rd,Mayfield,KY,42066,2702473705,36.7244986,-88.6295224,,False,active,Returned by Kroger official Locations API on 2026-09-01,Kroger official Locations API,2026-09-01T20:17:21.472587+00:00,10
09000322,Ruler - Ruler,RULER,500 US Highway 62 W,Princeton,KY,42445,2703653753,37.1128555,-87.9038057,,False,active,Returned by Kroger official Locations API on 2026-09-01,Kroger official Locations API,2026-09-01T20:17:21.472587+00:00,10
09000363,Ruler - Russellville KY,RULER,1112 W 9th St,Russellville,KY,42276,2707253835,36.8321292,-86.9058909,,False,active,Returned by Kroger official Locations API on 2026-09-01,Kroger official Locations API,2026-09-01T20:17:21.472587+00:00,8
09000360,Ruler - Ruler,RULER,1418 N Main St,Williamstown,KY,41097,8598230467,38.6627766,-84.5749233,,False,active,Returned by Kroger official Locations API on 2026-09-01,Kroger official Locations API,2026-09-01T20:17:21.472587+00:00,8
09000295,Ruler - Ruler,RULER,2103 William St,Cape Girardeau,MO,63703,5733320960,37.3025613,-89.5476897,,False,active,Returned by Kroger official Locations API on 2026-09-01,Kroger official Locations API,2026-09-01T20:17:21.472587+00:00,10
09000404,Ruler - Ruler,RULER,11050 Saint Charles Rock Rd,Saint Ann,MO,63074,3147380151,38.7343223,-90.3947938,,False,active,Returned by Kroger official Locations API on 2026-09-01,Kroger official Locations API,2026-09-01T20:17:21.472587+00:00,10
09000411,Ruler - Ruler,RULER,2458 W Clay St,Saint Charles,MO,63301,6369258553,38.7850937,-90.5118462,,False,active,Returned by Kroger official Locations API on 2026-09-01,Kroger official Locations API,2026-09-01T20:17:21.472587+00:00,8
09000408,Ruler - Bellefontaine Neighbors,RULER,10009 Bellefontaine Rd,Saint Louis,MO,63137,3148697884,38.7499412,-90.2252979,,False,active,Returned by Kroger official Locations API on 2026-09-01,Kroger official Locations API,2026-09-01T20:17:21.472587+00:00,8
09000296,Ruler - Ruler,RULER,1102 S Main St,Sikeston,MO,63801,5734810022,36.865291,-89.579792,,False,active,Returned by Kroger official Locations API on 2026-09-01,Kroger official Locations API,2026-09-01T20:17:21.472587+00:00,9
09000242,Ruler - Celina,RULER,1955 Havemann Rd,Celina,OH,45822,4192680284,40.5590945,-84.5394629,,False,active,Returned by Kroger official Locations API on 2026-09-01,Kroger official Locations API,2026-09-01T20:17:21.472587+00:00,9
09000335,Ruler - Lima W Elm,RULER,515 W Elm St,Lima,OH,45801,4192216076,40.7373597,-84.1113959,,False,active,Returned by Kroger official Locations API on 2026-09-01,Kroger official Locations API,2026-09-01T20:17:21.472587+00:00,9
09000238,Ruler - Ruler,RULER,2154 Elida Rd Ste 4,Lima,OH,45805,4192220181,40.762541,-84.144785,,False,active,Returned by Kroger official Locations API on 2026-09-01,Kroger official Locations API,2026-09-01T20:17:21.472587+00:00,11
09000243,Ruler - Van Wert,RULER,1118 S Shannon St,Van Wert,OH,45891,4192323243,40.857448,-84.5962029,,False,active,Returned by Kroger official Locations API on 2026-09-01,Kroger official Locations API,2026-09-01T20:17:21.472587+00:00,11
09000341,Ruler - Martin TN,RULER,144 University Plz,Martin,TN,38237,7315870620,36.3479268,-88.8783007,,False,active,Returned by Kroger official Locations API on 2026-09-01,Kroger official Locations API,2026-09-01T20:17:21.472587+00:00,9
09000348,Ruler - Milan TN,RULER,5024 S 1st St,Milan,TN,38358,7316861716,35.91084,-88.7515516,,False,active,Returned by Kroger official Locations API on 2026-09-01,Kroger official Locations API,2026-09-01T20:17:21.472587+00:00,9
70600191,Smith's - BULLHEAD CITY,SMITHS,1775 Lakeside Dr,Bullhead City,AZ,86442,9287638686,35.1064778,-114.6136766,,False,active,Returned by Kroger official Locations API on 2026-09-01,Kroger official Locations API,2026-09-01T20:17:21.472587+00:00,34
70600473,Smith's - 4747 S HWY 95 FORT MOHAVE AZ,SMITHS,4747 S Highway 95,Fort Mohave,AZ,86426,9282517040,35.0194839,-114.5998555,,False,active,Returned by Kroger official Locations API on 2026-09-01,Kroger official Locations API,2026-09-01T20:17:21.472587+00:00,38
70600190,Smith's - 3490 STOCKTON HILL RD KINGMAN AZ,SMITHS,3490 N Stockton Hill Rd,Kingman,AZ,86409,9287572544,35.2242618,-114.0342014,,False,active,Returned by Kroger official Locations API on 2026-09-01,Kroger official Locations API,2026-09-01T20:17:21.472587+00:00,41
70600188,Smith's - 80 ACOMA BLVD N LAKE HAVASU CITY AZ,SMITHS,80 Acoma Blvd N,Lake Havasu City,AZ,86403,9286807277,34.47731,-114.322037,,False,active,Returned by Kroger official Locations API on 2026-09-01,Kroger official Locations API,2026-09-01T20:17:21.472587+00:00,42
70600123,Smith's - 937 E MAIN STREET BURLEY ID,SMITHS,937 E Main St,Burley,ID,83318,2086782253,42.5367256,-113.7818161,,False,active,Returned by Kroger official Locations API on 2026-09-01,Kroger official Locations API,2026-09-01T20:17:21.472587+00:00,38
70600061,Smith's - 4845 YELLOWSTONE AVE CHUBBUCK ID,SMITHS,4845 Yellowstone Ave,Chubbuck,ID,83202,2082372900,42.92168,-112.4679123,,False,active,Returned by Kroger official Locations API on 2026-09-01,Kroger official Locations API,2026-09-01T20:17:21.472587+00:00,30
70600035,Smith's - 1913 ADDISON AVE E TWIN FALLS ID 83301,SMITHS,1913 Addison Ave E,Twin Falls,ID,83301,2087338728,42.564093,-114.4465246,,False,active,Returned by Kroger official Locations API on 2026-09-01,Kroger official Locations API,2026-09-01T20:17:21.472587+00:00,31
70600170,Smith's - Bridger Peaks,SMITHS,1400 N 19Th Ave,Bozeman,MT,59718,4065860080,45.6944818,-111.0599448,,False,active,Returned by Kroger official Locations API on 2026-09-01,Kroger official Locations API,2026-09-01T20:17:21.472587+00:00,38
70600168,Smith's - 419 NUCLEUS AVE COLUMBIA FALLS MT,SMITHS,419 Nucleus Ave,Columbia Falls,MT,59912,4068929080,48.374602,-114.180273,,False,active,Returned by Kroger official Locations API on 2026-09-01,Kroger official Locations API,2026-09-01T20:17:21.472587+00:00,31
70600166,Smith's - Great Falls Marketplace,SMITHS,1601 Market Place Dr,Great Falls,MT,59404,4067710423,47.4847247,-111.3411345,,False,active,Returned by Kroger official Locations API on 2026-09-01,Kroger official Locations API,2026-09-01T20:17:21.472587+00:00,35
70600172,Smith's - 195 3RD AVE EAST N KALLISPELL MT,SMITHS,195 3Rd Avenue East N,Kalispell,MT,59901,4067525037,48.2017405,-114.3094,,False,active,Returned by Kroger official Locations API on 2026-09-01,Kroger official Locations API,2026-09-01T20:17:21.472587+00:00,41
70600498,Smith's - 111 COORS BLVD NW ALBUQUERQUE NM,SMITHS,111 Coors Blvd Nw,Albuquerque,NM,87121,5058315545,35.0806071,-106.7132405,,False,active,Returned by Kroger official Locations API on 2026-09-01,Kroger official Locations API,2026-09-01T20:17:21.472587+00:00,35
70600443,Smith's - 320 YALE BLVD SE ALBUQUERQUE NM,SMITHS,320 Yale Blvd Se,Albuquerque,NM,87106,5052660201,35.076141,-106.6217149,,False,active,Returned by Kroger official Locations API on 2026-09-01,Kroger official Locations API,2026-09-01T20:17:21.472587+00:00,28
70600496,Smith's - 3701 CONSTITUTION AVE NE ALBUQUERQUE NM,SMITHS,3701 Constitution Ave Ne,Albuquerque,NM,87110,5052569423,35.095678,-106.6029809,,False,active,Returned by Kroger official Locations API on 2026-09-01,Kroger official Locations API,2026-09-01T20:17:21.472587+00:00,41
70600485,Smith's - 4016 LOUISIANA BLVD NE ALBUQUERQUE NM,SMITHS,4016 Louisiana Blvd Ne,Albuquerque,NM,87110,5058841860,35.1293234,-106.5674173,,False,active,Returned by Kroger official Locations API on 2026-09-01,Kroger official Locations API,2026-09-01T20:17:21.472587+00:00,32
70600463,Smith's - 4800 MCMAHON BLVD ALBUQUERQUE NM,SMITHS,4800 Mcmahon Blvd Nw,Albuquerque,NM,87114,5059224300,35.205061,-106.67731,,False,active,Returned by Kroger official Locations API on 2026-09-01,Kroger official Locations API,2026-09-01T20:17:21.472587+00:00,45
70600494,Smith's - EUBANK ALBUQUERQUE,SMITHS,5850 Eubank Blvd Ne,Albuquerque,NM,87111,5052990848,35.1466933,-106.5276099,,False,active,Returned by Kroger official Locations API on 2026-09-01,Kroger official Locations API,2026-09-01T20:17:21.472587+00:00,31
70600446,Smith's - Fair Plaza Shopping Center,SMITHS,6001 Lomas Blvd Ne,Albuquerque,NM,87110,5052667401,35.0881112,-106.5791873,,False,active,Returned by Kroger official Locations API on 2026-09-01,Kroger official Locations API,2026-09-01T20:17:21.472587+00:00,33
70600448,Smith's - GOLF COURSE RD ALBUQUERQUE,SMITHS,8301 Golf Course Rd Nw,Albuquerque,NM,87120,5058973411,35.17885,-106.689853,,False,active,Returned by Kroger official Locations API on 2026-09-01,Kroger official Locations API,2026-09-01T20:17:21.472587+00:00,39
70600423,Smith's - Guadalupe Plaza,SMITHS,6125 4Th St Nw,Albuquerque,NM,87107,5053442363,35.14676,-106.64047,,False,active,Returned by Kroger official Locations API on 2026-09-01,Kroger official Locations API,2026-09-01T20:17:21.472587+00:00,42
70600459,Smith's - La Cueva Town Center,SMITHS,8100 Wyoming Blvd Ne,Albuquerque,NM,87113,5058579728,35.175941,-106.557674,,False,active,Returned by Kroger official Locations API on 2026-09-01,Kroger official Locations API,2026-09-01T20:17:21.472587+00:00,40
70600571,Smith's - Smiths Price Rite,SMITHS,1601 Arenal Rd Sw,Albuquerque,NM,87105,5058774183,35.0542048,-106.679308,,False,active,Returned by Kroger official Locations API on 2026-09-01,Kroger official Locations API,2026-09-01T20:17:21.472587+00:00,26
70600450,Smith's - Sycamore Retail Plaza,SMITHS,8040 Academy Rd Ne,Albuquerque,NM,87111,5058239500,35.1458417,-106.5492129,,False,active,Returned by Kroger official Locations API on 2026-09-01,Kroger official Locations API,2026-09-01T20:17:21.472587+00:00,34
70600427,Smith's - Tramway Central,SMITHS,200 Tramway Blvd Se,Albuquerque,NM,87123,5052961544,35.0669314,-106.4961468,,False,active,Returned by Kroger official Locations API on 2026-09-01,Kroger official Locations API,2026-09-01T20:17:21.472587+00:00,41
70600439,Smith's - Tramway Montgomery,SMITHS,4700 Tramway Blvd Ne,Albuquerque,NM,87111,5052925484,35.132974,-106.4967846,,False,active,Returned by Kroger official Locations API on 2026-09-01,Kroger official Locations API,2026-09-01T20:17:21.472587+00:00,41
70600424,Smith's - 2B STATE ROAD 344 EDGEWOOD NM,SMITHS,2 NM-344,Edgewood,NM,87015,5052866691,35.0615912,-106.1895759,,False,active,Returned by Kroger official Locations API on 2026-09-01,Kroger official Locations API,2026-09-01T20:17:21.472587+00:00,37
70600409,Smith's - 600 E 20TH ST FARMINGTON NM,SMITHS,600 E 20Th St,Farmington,NM,87401,5053277326,36.7494541,-108.1985719,,False,active,Returned by Kroger official Locations API on 2026-09-01,Kroger official Locations API,2026-09-01T20:17:21.472587+00:00,45
70600415,Smith's - Lobo Canyon Shopping Center,SMITHS,700 E Roosevelt Ave,Grants,NM,87020,5052856336,35.1626181,-107.8324963,,False,active,Returned by Kroger official Locations API on 2026-09-01,Kroger official Locations API,2026-09-01T20:17:21.472587+00:00,18
70600467,Smith's Marketplace - Los Alamos Marketplace,SMITHS,751 Trinity Dr,Los Alamos,NM,87544,5056612757,35.8788996,-106.2932031,,False,active,Returned by Kroger official Locations API on 2026-09-01,Kroger official Locations API,2026-09-01T20:17:21.472587+00:00,51
70600414,Smith's - Valencia Y Shopping Center,SMITHS,2580 Main St Ne,Los Lunas,NM,87031,5058653339,34.8089516,-106.7023818,,False,active,Returned by Kroger official Locations API on 2026-09-01,Kroger official Locations API,2026-09-01T20:17:21.472587+00:00,35
70600413,Smith's - Mesa Shopping Center,SMITHS,1000 Rio Rancho Dr Se,Rio Rancho,NM,87124,5058921791,35.23968,-106.65476,,False,active,Returned by Kroger official Locations API on 2026-09-01,Kroger official Locations API,2026-09-01T20:17:21.472587+00:00,39
70600491,Smith's - Plaza Del Sol,SMITHS,2110 S Pacheco St,Santa Fe,NM,87505,5054735560,35.657437,-105.959747,,False,active,Returned by Kroger official Locations API on 2026-09-01,Kroger official Locations API,2026-09-01T20:17:21.472587+00:00,40
70600426,Smith's - 224 PASEO DEL PUEBLO SUR TAOS NM,SMITHS,224 Paseo Del Pueblo Sur,Taos,NM,87571,5757583711,36.404048,-105.575503,,False,active,Returned by Kroger official Locations API on 2026-09-01,Kroger official Locations API,2026-09-01T20:17:21.472587+00:00,37
70600432,Smith's - 31 SHERWOOD BLVD WHITE ROCK NM,SMITHS,31 Sherwood Blvd,White Rock,NM,87547,5056723811,35.8260729,-106.2107247,,False,active,Returned by Kroger official Locations API on 2026-09-01,Kroger official Locations API,2026-09-01T20:17:21.472587+00:00,28
70600356,Smith's - 599 E WILLIAM ST CARSON CITY NV,SMITHS,599 E William St,Carson City,NV,89701,7758859922,39.1690097,-119.76272230000001,,False,active,Returned by Kroger official Locations API on 2026-09-01,Kroger official Locations API,2026-09-01T20:17:21.472587+00:00,37
70600392,Smith's - 2200 US HWY 50 E DAYTON NV,SMITHS,2200 Us Highway 50 E,Dayton,NV,89403,7752460242,39.2640085,-119.5825816,,False,active,Returned by Kroger official Locations API on 2026-09-01,Kroger official Locations API,2026-09-01T20:17:21.472587+00:00,36
70600388,Smith's - 1740 MOUNTAIN CITY HWY ELKO NV,SMITHS,1740 Mountain City Hwy,Elko,NV,89801,7757771333,40.8349607,-115.7847216,,False,active,Returned by Kroger official Locations API on 2026-09-01,Kroger official Locations API,2026-09-01T20:17:21.472587+00:00,33
70600389,Smith's - GARDNERVILLE NV,SMITHS,1341 Us Highway 395 N,Gardnerville,NV,89410,7757820155,38.9375457,-119.7386016,,False,active,Returned by Kroger official Locations API on 2026-09-01,Kroger official Locations API,2026-09-01T20:17:21.472587+00:00,33
70600303,Smith's - Galleria Commons Smiths,SMITHS,560 N Stephanie St,Henderson,NV,89014,7027285100,36.060495,-115.043851,,False,active,Returned by Kroger official Locations API on 2026-09-01,Kroger official Locations API,2026-09-01T20:17:21.472587+00:00,47
70600348,Smith's - Green Valley Pebble Marketplace,SMITHS,1000 N Green Valley Pkwy,Henderson,NV,89074,7022600060,36.0276138,-115.084006,,False,active,Returned by Kroger official Locations API on 2026-09-01,Kroger official Locations API,2026-09-01T20:17:21.472587+00:00,40
70600381,Smith's - Henderson Shopping Village,SMITHS,830 S Boulder Hwy,Henderson,NV,89015,7025659666,36.0270278,-114.9658283,,False,active,Returned by Kroger official Locations API on 2026-09-01,Kroger official Locations API,2026-09-01T20:17:21.472587+00:00,40
70600346,Smith's - Horizon Marketplace,SMITHS,10616 S Eastern Ave,Henderson,NV,89052,7026148670,35.9995518,-115.1025467,,False,active,Returned by Kroger official Locations API on 2026-09-01,Kroger official Locations API,2026-09-01T20:17:21.472587+00:00,40
70600366,Smith's - Paseo Verde,SMITHS,55 S Valle Verde Dr,Henderson,NV,89012,7028376112,36.0258806,-115.0639951,,False,active,Returned by Kroger official Locations API on 2026-09-01,Kroger official Locations API,2026-09-01T20:17:21.472587+00:00,37
70600350,Smith's - Sunset Mountain Plaza,SMITHS,4600 E Sunset Rd,Henderson,NV,89014,7024510466,36.0725467,-115.0735019,,False,active,Returned by Kroger official Locations API on 2026-09-01,Kroger official Locations API,2026-09-01T20:17:21.472587+00:00,39
70600331,Smith's Marketplace - Cadence Marketplace,SMITHS,845 E Lake Mead Pkwy,Henderson,NV,89011,7022682735,36.0533073,-114.97222,,False,active,Returned by Kroger official Locations API on 2026-09-01,Kroger official Locations API,2026-09-01T20:17:21.472587+00:00,30
70600385,Smith's - 2211 N RAMPART BLVD LAS VEGAS NV,SMITHS,2211 N Rampart Blvd,Las Vegas,NV,89128,7022565200,36.2016645,-115.2838091,,False,active,Returned by Kroger official Locations API on 2026-09-01,Kroger official Locations API,2026-09-01T20:17:21.472587+00:00,39
70600376,Smith's - 2385 E WINDMILL LANE LAS VEGAS NV,SMITHS,2385 E Windmill Ln,Las Vegas,NV,89123,7028370813,36.0405268,-115.1191272,,False,active,Returned by Kroger official Locations API on 2026-09-01,Kroger official Locations API,2026-09-01T20:17:21.472587+00:00,39
70600371,Smith's - 8555 W SAHARA AVE LAS VEGAS NV,SMITHS,8555 W Sahara Ave,Las Vegas,NV,89117,7023417474,36.1426549,-115.2775834,,False,active,Returned by Kroger official Locations API on 2026-09-01,Kroger official Locations API,2026-09-01T20:17:21.472587+00:00,42
70600396,Smith's - 9350 W FLAMINGO RD LAS VEGAS NV,SMITHS,9350 W Flamingo Rd,Las Vegas,NV,89147,7022402260,36.1161817,-115.2952898,,False,active,Returned by Kroger official Locations API on 2026-09-01,Kroger official Locations API,2026-09-01T20:17:21.472587+00:00,30
70600399,Smith's - Desert Crossing,SMITHS,4840 W Desert Inn Rd,Las Vegas,NV,89102,7022481365,36.1314449,-115.2064237,,False,active,Returned by Kroger official Locations API on 2026-09-01,Kroger official Locations API,2026-09-01T20:17:21.472587+00:00,35
70600305,Smith's - E Bonanza Rd and N Pecos Rd,SMITHS,3602 E Bonanza Rd,Las Vegas,NV,89110,7024384787,36.1744412,-115.09582209999999,,False,active,Returned by Kroger official Locations API on 2026-09-01,Kroger official Locations API,2026-09-01T20:17:21.472587+00:00,28
70600347,Smith's - Hualapai Commons,SMITHS,9851 W Charleston Blvd,Las Vegas,NV,89117,7029461200,36.157856,-115.312424,,False,active,Returned by Kroger official Locations API on 2026-09-01,Kroger official Locations API,2026-09-01T20:17:21.472587+00:00,38
70600332,Smith's - Montecito Marketplace,SMITHS,7130 N Durango Dr,Las Vegas,NV,89149,7026473566,36.2907187,-115.2856461,,False,active,Returned by Kroger official Locations API on 2026-09-01,Kroger official Locations API,2026-09-01T20:17:21.472587+00:00,42
70600354,Smith's - Paradise Marketplace,SMITHS,3850 E Flamingo Rd,Las Vegas,NV,89121,7024512246,36.1164013,-115.0898536,,False,active,Returned by Kroger official Locations API on 2026-09-01,Kroger official Locations API,2026-09-01T20:17:21.472587+00:00,45
70600370,Smith's - Rainbow Bridge Shopping Center,SMITHS,3160 N Rainbow Blvd,Las Vegas,NV,89108,7026586880,36.2171704,-115.240754,,False,active,Returned by Kroger official Locations API on 2026-09-01,Kroger official Locations API,2026-09-01T20:17:21.472587+00:00,33
70600377,Smith's - Rancho Towne Country,SMITHS,850 S Rancho Dr,Las Vegas,NV,89106,7028708494,36.1613364,-115.1745174,,False,active,Returned by Kroger official Locations API on 2026-09-01,Kroger official Locations API,2026-09-01T20:17:21.472587+00:00,35
70600304,Smith's - S Decatur Blvd and W Flamingo Rd,SMITHS,4001 S Decatur Blvd,Las Vegas,NV,89103,7022484400,36.1182657,-115.2096255,,False,active,Returned by Kroger official Locations API on 2026-09-01,Kroger official Locations API,2026-09-01T20:17:21.472587+00:00,26
70600319,Smith's - S Las Vegas Blvd and E Windmill Ln,SMITHS,8180 Las Vegas Blvd S,Las Vegas,NV,89123,7024921943,36.0401912,-115.1706842,,False,active,Returned by Kroger official Locations API on 2026-09-01,Kroger official Locations API,2026-09-01T20:17:21.472587+00:00,29
70600318,Smith's - S Nellis Blvd and E Sahara Ave,SMITHS,4965 E Sahara Ave,Las Vegas,NV,89104,7024319973,36.1429234,-115.0670568,,False,active,Returned by Kroger official Locations API on 2026-09-01,Kroger official Locations API,2026-09-01T20:17:21.472587+00:00,25
70600355,Smith's - SUNRISE MARKETPLACE,SMITHS,450 N Nellis Blvd,Las Vegas,NV,89110,7024524718,36.167504,-115.060291,,False,active,Returned by Kroger official Locations API on 2026-09-01,Kroger official Locations API,2026-09-01T20:17:21.472587+00:00,38
70600358,Smith's - Sahara Towne Square,SMITHS,2540 S Maryland Pkwy,Las Vegas,NV,89109,7027358928,36.1433781,-115.1349038,,False,active,Returned by Kroger official Locations API on 2026-09-01,Kroger official Locations API,2026-09-01T20:17:21.472587+00:00,34
70600372,Smith's - Santa Fe Plaza,SMITHS,1421 N Jones Blvd,Las Vegas,NV,89108,7026311932,36.1865786,-115.2250464,,False,active,Returned by Kroger official Locations API on 2026-09-01,Kroger official Locations API,2026-09-01T20:17:21.472587+00:00,33
70600349,Smith's - Siena Town Center,SMITHS,10100 W Tropicana Ave,Las Vegas,NV,89147,7022207763,36.101571,-115.313164,,False,active,Returned by Kroger official Locations API on 2026-09-01,Kroger official Locations API,2026-09-01T20:17:21.472587+00:00,44
70600394,Smith's - Silverado Ranch,SMITHS,9750 S Maryland Pkwy,Las Vegas,NV,89183,7026171070,36.01205,-115.13416649999999,,False,active,Returned by Kroger official Locations API on 2026-09-01,Kroger official Locations API,2026-09-01T20:17:21.472587+00:00,38
70600364,Smith's - Southern Highlands Marketplace,SMITHS,10600 Southern Highlands Pkwy,Las Vegas,NV,89141,7022540102,35.9969319,-115.2054314,,False,active,Returned by Kroger official Locations API on 2026-09-01,Kroger official Locations API,2026-09-01T20:17:21.472587+00:00,37
70600311,Smith's - Southwest Marketplace Shopping Center,SMITHS,8050 S Rainbow Blvd,Las Vegas,NV,89139,7022947201,36.0424108,-115.2417723,,False,active,Returned by Kroger official Locations API on 2026-09-01,Kroger official Locations API,2026-09-01T20:17:21.472587+00:00,43
70600351,Smith's - Tropicana Marketplace,SMITHS,6130 W Tropicana Ave,Las Vegas,NV,89103,7028710904,36.1015027,-115.2263864,,False,active,Returned by Kroger official Locations API on 2026-09-01,Kroger official Locations API,2026-09-01T20:17:21.472587+00:00,40
70600315,Smith's - W Warm Springs Rd and S Durango Dr,SMITHS,8525 W Warm Springs Rd,Las Vegas,NV,89113,7025054941,36.054115,-115.277431,,False,active,Returned by Kroger official Locations API on 2026-09-01,Kroger official Locations API,2026-09-01T20:17:21.472587+00:00,40
70600367,Smith's Marketplace - Skye Canyon Marketplace,SMITHS,9710 W Skye Canyon Park Dr,Las Vegas,NV,89166,7023580427,36.316374,-115.308071,,False,active,Returned by Kroger official Locations API on 2026-09-01,Kroger official Locations API,2026-09-01T20:17:21.472587+00:00,47
70600342,Smith's - 350 N SANDHILL BLVD MESQUITE NV,SMITHS,350 N Sandhill Blvd,Mesquite,NV,89027,7028037935,36.8083678,-114.0626908,,False,active,Returned by Kroger official Locations API on 2026-09-01,Kroger official Locations API,2026-09-01T20:17:21.472587+00:00,39
70600338,Smith's - 6855 ALIANTE PKWY NO LAS VEGAS NV,SMITHS,6855 Aliante Pkwy,North Las Vegas,NV,89084,7026423350,36.2850238,-115.1790264,,False,active,Returned by Kroger official Locations API on 2026-09-01,Kroger official Locations API,2026-09-01T20:17:21.472587+00:00,40
70600361,Smith's - Decatur Crossing,SMITHS,4700 W Ann Rd,North Las Vegas,NV,89031,7023954199,36.2629501,-115.2058224,,False,active,Returned by Kroger official Locations API on 2026-09-01,Kroger official Locations API,2026-09-01T20:17:21.472587+00:00,39
70600345,Smith's - El Dorado Village,SMITHS,5564 Camino Al Norte,North Las Vegas,NV,89031,7023990730,36.2611326,-115.1537663,,False,active,Returned by Kroger official Locations API on 2026-09-01,Kroger official Locations API,2026-09-01T20:17:21.472587+00:00,40
70600306,Smith's - N Las Vegas Blvd and Civic Center Dr,SMITHS,2255 Las Vegas Blvd N,North Las Vegas,NV,89030,7026421000,36.20247,-115.1221815,,False,active,Returned by Kroger official Locations API on 2026-09-01,Kroger official Locations API,2026-09-01T20:17:21.472587+00:00,27
70600334,Smith's - Shadowcreek,SMITHS,2255 E Centennial Pkwy,North Las Vegas,NV,89081,7026337222,36.2751999,-115.11928879999999,,False,active,Returned by Kroger official Locations API on 2026-09-01,Kroger official Locations API,2026-09-01T20:17:21.472587+00:00,44
70600301,Smith's - W Craig Rd and Simmons St,SMITHS,3013 W Craig Rd,North Las Vegas,NV,89032,7026484822,36.2379846,-115.1813713,,False,active,Returned by Kroger official Locations API on 2026-09-01,Kroger official Locations API,2026-09-01T20:17:21.472587+00:00,25
70600341,Smith's - 601 S HIGHWAY 160 PAHRUMP NV,SMITHS,601 S Nevada Highway 160,Pahrump,NV,89048,7757272400,36.2118853,-115.9861901,,False,active,Returned by Kroger official Locations API on 2026-09-01,Kroger official Locations API,2026-09-01T20:17:21.472587+00:00,38
70600344,Smith's - 175 LEMMON DR RENO NV,SMITHS,175 Lemmon Dr,Reno,NV,89506,7759713310,39.613743,-119.85220290000001,,False,active,Returned by Kroger official Locations API on 2026-09-01,Kroger official Locations API,2026-09-01T20:17:21.472587+00:00,39
70600378,Smith's - 750 S MEADOWS PKWY RENO NV,SMITHS,750 S Meadows Pkwy,Reno,NV,89521,7758518050,39.4373756,-119.7567463,,False,active,Returned by Kroger official Locations API on 2026-09-01,Kroger official Locations API,2026-09-01T20:17:21.472587+00:00,43
70600357,Smith's - Baring Village Shopping Center,SMITHS,1255 Baring Blvd,Sparks,NV,89434,7753596800,39.5546929,-119.7221863,,False,active,Returned by Kroger official Locations API on 2026-09-01,Kroger official Locations API,2026-09-01T20:17:21.472587+00:00,37
70600390,Smith's - 1855 W WENDOVER BLVD WENDOVER NV,SMITHS,1855 Wendover Blvd,West Wendover,NV,89883,7759817050,40.7396328,-114.0780147,,False,active,Returned by Kroger official Locations API on 2026-09-01,Kroger official Locations API,2026-09-01T20:17:21.472587+00:00,35
70600212,Smith's - Smiths Bluffdale,SMITHS,13893 S Redwood Rd,Bluffdale,UT,84065,3853429820,40.4992134,-111.9364301,,False,active,Returned by Kroger official Locations API on 2026-09-01,Kroger official Locations API,2026-09-01T20:17:21.472587+00:00,38
70600444,Smith's Marketplace - 555 S 200 W BOUNTIFUL UT,SMITHS,555 S 200 W,Bountiful,UT,84010,8013977800,40.881816,-111.88385,,False,active,Returned by Kroger official Locations API on 2026-09-01,Kroger official Locations API,2026-09-01T20:17:21.472587+00:00,54
70600178,Smith's - 156 S MAIN ST BRIGHAM CITY UT,SMITHS,156 S Main St,Brigham City,UT,84302,4357342500,41.5066131,-112.016649,,False,active,Returned by Kroger official Locations API on 2026-09-01,Kroger official Locations API,2026-09-01T20:17:21.472587+00:00,40
70600042,Smith's - 633 MAIN STREET CEDAR CITY UT,SMITHS,633 S Main St,Cedar City,UT,84720,4355861203,37.6662364,-113.0620525,,False,active,Returned by Kroger official Locations API on 2026-09-01,Kroger official Locations API,2026-09-01T20:17:21.472587+00:00,34
70600132,Smith's - 212 E 12300 S DRAPER UT,SMITHS,212 E 12300 S,Draper,UT,84020,8015712052,40.5252947,-111.884865,,False,active,Returned by Kroger official Locations API on 2026-09-01,Kroger official Locations API,2026-09-01T20:17:21.472587+00:00,34
70600135,Smith's - FOXGLOVE,SMITHS,1316 N Highway 89,Farmington,UT,84025,8014510581,41.0023627,-111.9066631,,False,active,Returned by Kroger official Locations API on 2026-09-01,Kroger official Locations API,2026-09-01T20:17:21.472587+00:00,42
70600214,Smith's - Heber Smiths Marketplace,SMITHS,744 North Main St,Heber City,UT,84032,4356541250,40.5173052,-111.40887000000001,,False,active,Returned by Kroger official Locations API on 2026-09-01,Kroger official Locations API,2026-09-01T20:17:21.472587+00:00,21
70600108,Smith's - 5560 W 13400 SO HERRIMAN UT,SMITHS,5560 W 13400 S,Herriman,UT,84096,8012548208,40.5093006,-112.023583,,False,active,Returned by Kroger official Locations API on 2026-09-01,Kroger official Locations API,2026-09-01T20:17:21.472587+00:00,41
70600277,Smith's Marketplace - Kaysville Marketplace,SMITHS,1370 W 200 N,Kaysville,UT,84037,3858885310,41.040342,-111.966644,,False,active,Returned by Kroger official Locations API on 2026-09-01,Kroger official Locations API,2026-09-01T20:17:21.472587+00:00,49
70600149,Smith's - LaytonUt,SMITHS,1170 E Gentile St,Layton,UT,84040,8015463429,41.0604112,-111.943516,,False,active,Returned by Kroger official Locations API on 2026-09-01,Kroger official Locations API,2026-09-01T20:17:21.472587+00:00,39
70600119,Smith's Marketplace - Center Pointe At Lehi,SMITHS,1550 E 3500 N,Lehi,UT,84043,8013416500,40.4296792,-111.8248596,,False,active,Returned by Kroger official Locations API on 2026-09-01,Kroger official Locations API,2026-09-01T20:17:21.472587+00:00,55
70600210,Smith's Marketplace - Lehi Marketplace,SMITHS,3808 W Hardman Way,Lehi,UT,84048,3853382840,40.4104122,-111.9066128,,False,active,Returned by Kroger official Locations API on 2026-09-01,Kroger official Locations API,2026-09-01T20:17:21.472587+00:00,45
70600087,Smith's - 442 NO 175 E LOGAN UT,SMITHS,442 N 175 E,Logan,UT,84321,4357536840,41.7397586,-111.8301733,,False,active,Returned by Kroger official Locations API on 2026-09-01,Kroger official Locations API,2026-09-01T20:17:21.472587+00:00,40
70600477,Smith's Marketplace - Logan Marketplace,SMITHS,750 N Main St,Logan,UT,84321,4357531004,41.7456333,-111.8327584,,False,active,Returned by Kroger official Locations API on 2026-09-01,Kroger official Locations API,2026-09-01T20:17:21.472587+00:00,44
70600065,Smith's - West Bench Plaza,SMITHS,8055 W 3500 S,Magna,UT,84044,8012506400,40.6951992,-112.0838735,,False,active,Returned by Kroger official Locations API on 2026-09-01,Kroger official Locations API,2026-09-01T20:17:21.472587+00:00,37
70600085,Smith's - Family Center At Fort Union,SMITHS,980 E Fort Union Blvd,Midvale,UT,84047,8012560439,40.6214511,-111.8633651,,False,active,Returned by Kroger official Locations API on 2026-09-01,Kroger official Locations API,2026-09-01T20:17:21.472587+00:00,35
70600083,Smith's - Riverview Properties,SMITHS,665 W 5300 S,Murray,UT,84123,8012690056,40.652621,-111.909176,,False,active,Returned by Kroger official Locations API on 2026-09-01,Kroger official Locations API,2026-09-01T20:17:21.472587+00:00,33
70600279,Smith's Marketplace - North Ogden Marketplace,SMITHS,2434 N 400 E,North Ogden,UT,84414,8019171977,41.30288,-111.966315,,False,active,Returned by Kroger official Locations API on 2026-09-01,Kroger official Locations API,2026-09-01T20:17:21.472587+00:00,50
70600131,Smith's - 1485 HARRISON BLVD OGDEN UT,SMITHS,1485 Harrison Blvd,Ogden,UT,84404,8016210234,41.2409032,-111.946684,,False,active,Returned by Kroger official Locations API on 2026-09-01,Kroger official Locations API,2026-09-01T20:17:21.472587+00:00,35
70600030,Smith's - Country Hills Plaza,SMITHS,4275 Harrison Blvd,Ogden,UT,84403,8014790703,41.1853856,-111.9507229,,False,active,Returned by Kroger official Locations API on 2026-09-01,Kroger official Locations API,2026-09-01T20:17:21.472587+00:00,41
70600144,Smith's - Park Place,SMITHS,45 S State St,Orem,UT,84058,8012246111,40.296467,-111.691714,,False,active,Returned by Kroger official Locations API on 2026-09-01,Kroger official Locations API,2026-09-01T20:17:21.472587+00:00,42
70600072,Smith's - 1725 UNITA WAY PARK CITY UT,SMITHS,1725 Uinta Way,Park City,UT,84098,4356497278,40.7237735,-111.5428991,,False,active,Returned by Kroger official Locations API on 2026-09-01,Kroger official Locations API,2026-09-01T20:17:21.472587+00:00,42
70600075,Smith's - 632 S 100 W PAYSON UT,SMITHS,632 S 100 W,Payson,UT,84651,8014659213,40.0343051,-111.7349825,,False,active,Returned by Kroger official Locations API on 2026-09-01,Kroger official Locations API,2026-09-01T20:17:21.472587+00:00,29
70600073,Smith's - 210 E 700 S PLEASANT GROVE UT,SMITHS,210 E 700 S,Pleasant Grove,UT,84062,8017859466,40.3536804,-111.7371705,,False,active,Returned by Kroger official Locations API on 2026-09-01,Kroger official Locations API,2026-09-01T20:17:21.472587+00:00,35
70600048,Smith's - Castle Rock Square,SMITHS,1075 E Main St,Price,UT,84501,4356376200,39.6003929,-110.7935349,,False,active,Returned by Kroger official Locations API on 2026-09-01,Kroger official Locations API,2026-09-01T20:17:21.472587+00:00,26
70600136,Smith's - 350 NO FREEDOM BLVD PROVO UT,SMITHS,350 N Freedom Blvd,Provo,UT,84601,8013779050,40.2386833,-111.6613853,,False,active,Returned by Kroger official Locations API on 2026-09-01,Kroger official Locations API,2026-09-01T20:17:21.472587+00:00,35
70600189,Smith's - 20 N BLUFF ST ST GEORGE UT,SMITHS,20 N Bluff St,Saint George,UT,84770,4356738880,37.1088259,-113.5914717,,False,active,Returned by Kroger official Locations API on 2026-09-01,Kroger official Locations API,2026-09-01T20:17:21.472587+00:00,42
70600278,Smith's Marketplace - Dinosaur Crossing,SMITHS,565 S Mall Dr,Saint George,UT,84790,4357057410,37.10001,-113.53392,,False,active,Returned by Kroger official Locations API on 2026-09-01,Kroger official Locations API,2026-09-01T20:17:21.472587+00:00,52
70600069,Smith's - 1174 W 600 N SLC UT,SMITHS,1174 W 600 N,Salt Lake City,UT,84116,8013631037,40.783525,-111.92475,,False,active,Returned by Kroger official Locations API on 2026-09-01,Kroger official Locations API,2026-09-01T20:17:21.472587+00:00,35
70600077,Smith's - 402 6TH AVE SLC UT,SMITHS,402 E 6th Ave,Salt Lake City,UT,84103,8013281683,40.7754968,-111.8767899,,False,active,Returned by Kroger official Locations API on 2026-09-01,Kroger official Locations API,2026-09-01T20:17:21.472587+00:00,35
70600080,Smith's - 828 S 900 W SLC UT,SMITHS,828 S 900 W,Salt Lake City,UT,84104,8013642548,40.7513485,-111.9182308,,False,active,Returned by Kroger official Locations API on 2026-09-01,Kroger official Locations API,2026-09-01T20:17:21.472587+00:00,27
70600133,Smith's - 845 E 4500 SO SLC UT,SMITHS,845 E 4500 S,Salt Lake City,UT,84107,8012613399,40.6755182,-111.8672391,,False,active,Returned by Kroger official Locations API on 2026-09-01,Kroger official Locations API,2026-09-01T20:17:21.472587+00:00,39
70600044,Smith's - 876 E 800 SO SLC UT,SMITHS,876 E 800 S,Salt Lake City,UT,84102,8013552801,40.7506102,-111.8661356,,False,active,Returned by Kroger official Locations API on 2026-09-01,Kroger official Locations API,2026-09-01T20:17:21.472587+00:00,39
70600028,Smith's - 922 E 2100 SO SLC UT 84106,SMITHS,922 E 2100 S,Salt Lake City,UT,84106,8014864333,40.7242957,-111.8647051,,False,active,Returned by Kroger official Locations API on 2026-09-01,Kroger official Locations API,2026-09-01T20:17:21.472587+00:00,41
70600081,Smith's - BRIGHTON POINT,SMITHS,3470 E Bengal Blvd,Salt Lake City,UT,84121,8019430050,40.6080952,-111.7969075,,False,active,Returned by Kroger official Locations API on 2026-09-01,Kroger official Locations API,2026-09-01T20:17:21.472587+00:00,40
70600066,Smith's - SMITHS 4065 S REDWOOD RDL SLC UT,SMITHS,4065 S Redwood Rd,Salt Lake City,UT,84123,8019722294,40.6833445,-111.9375174,,False,active,Returned by Kroger official Locations API on 2026-09-01,Kroger official Locations API,2026-09-01T20:17:21.472587+00:00,36
70600094,Smith's Marketplace - 455 S 500 E SLC UT,SMITHS,455 S 500 E,Salt Lake City,UT,84102,8013286000,40.7593708,-111.8753724,,False,active,Returned by Kroger official Locations API on 2026-09-01,Kroger official Locations API,2026-09-01T20:17:21.472587+00:00,49
70600475,Smith's Marketplace - Canyon Rim Marketplace,SMITHS,3215 S Valley St,Salt Lake City,UT,84109,8014867514,40.701098,-111.79889299999999,,False,active,Returned by Kroger official Locations API on 2026-09-01,Kroger official Locations API,2026-09-01T20:17:21.472587+00:00,53
70600153,Smith's - 10305 S 1300 ESandy,SMITHS,10305 S 1300 E,Sandy,UT,84094,8015721396,40.563806,-111.851292,,False,active,Returned by Kroger official Locations API on 2026-09-01,Kroger official Locations API,2026-09-01T20:17:21.472587+00:00,35
70600047,Smith's - 2039 E 9400 SO SANDY UT,SMITHS,2039 E 9400 S,Sandy,UT,84093,8019422332,40.5820197,-111.8327382,,False,active,Returned by Kroger official Locations API on 2026-09-01,Kroger official Locations API,2026-09-01T20:17:21.472587+00:00,44
70600207,Smith's Marketplace - Saratoga Springs Marketplace,SMITHS,689 N Redwood Rd,Saratoga Springs,UT,84045,3853745470,40.374687,-111.91951399999999,,False,active,Returned by Kroger official Locations API on 2026-09-01,Kroger official Locations API,2026-09-01T20:17:21.472587+00:00,51
70600138,Smith's - 1634 W SO JORDAN PKWY SO JORDAN UT,SMITHS,1634 W South Jordan Pkwy,South Jordan,UT,84095,8012544560,40.5642318,-111.9373314,,False,active,Returned by Kroger official Locations API on 2026-09-01,Kroger official Locations API,2026-09-01T20:17:21.472587+00:00,35
70600276,Smith's Marketplace - Daybreak Marketplace,SMITHS,5448 W Daybreak Pkwy,South Jordan,UT,84009,8015017170,40.539528,-112.0211482,,False,active,Returned by Kroger official Locations API on 2026-09-01,Kroger official Locations API,2026-09-01T20:17:21.472587+00:00,50
70600271,Smith's Marketplace - Springville Marketplace,SMITHS,1117 W 400 S,Springville,UT,84663,3856857000,40.158999,-111.630137,,False,active,Returned by Kroger official Locations API on 2026-09-01,Kroger official Locations API,2026-09-01T20:17:21.472587+00:00,51
70600280,Smith's - Sunriver Smiths Marketplace,SMITHS,4582 S Pioneer Rd,St George,UT,84790,4352151100,37.032789,-113.609409,,False,active,Returned by Kroger official Locations API on 2026-09-01,Kroger official Locations API,2026-09-01T20:17:21.472587+00:00,48
70600140,Smith's - 2353 N MAIN ST SUNSET UT,SMITHS,2353 N Main St,Sunset,UT,84015,8018252279,41.1479392,-112.0285688,,False,active,Returned by Kroger official Locations API on 2026-09-01,Kroger official Locations API,2026-09-01T20:17:21.472587+00:00,34
70600142,Smith's - 951 W 1700 S SYRACUSE UT,SMITHS,951 W 1700 S,Syracuse,UT,84075,8017735133,41.0878341,-112.0440803,,False,active,Returned by Kroger official Locations API on 2026-09-01,Kroger official Locations API,2026-09-01T20:17:21.472587+00:00,39
70600290,Smith's - Tooele Smiths Marketplace,SMITHS,2483 N Main St,Tooele,UT,84074,4352415140,40.5737657,-112.29845,,False,active,Returned by Kroger official Locations API on 2026-09-01,Kroger official Locations API,2026-09-01T20:17:21.472587+00:00,50
70600082,Smith's - 1080 W HWY 40 VERNAL UT,SMITHS,1080 W Highway 40,Vernal,UT,84078,4357897135,40.4536583,-109.5481482,,False,active,Returned by Kroger official Locations API on 2026-09-01,Kroger official Locations API,2026-09-01T20:17:21.472587+00:00,33
70600158,Smith's - 4080 W 9000 S WEST JORDAN UT,SMITHS,4080 W 9000 S,West Jordan,UT,84088,8012803844,40.5889411,-111.9876884,,False,active,Returned by Kroger official Locations API on 2026-09-01,Kroger official Locations API,2026-09-01T20:17:21.472587+00:00,41
70600139,Smith's - Park Village Plaza,SMITHS,7061 S Redwood Rd,West Jordan,UT,84084,8015666641,40.62294,-111.936814,,False,active,Returned by Kroger official Locations API on 2026-09-01,Kroger official Locations API,2026-09-01T20:17:21.472587+00:00,38
70600495,Smith's Marketplace - Redwood and 90th Marketplace,SMITHS,1820 W 9000 S,West Jordan,UT,84088,8015624960,40.5895572,-111.9409525,,False,active,Returned by Kroger official Locations API on 2026-09-01,Kroger official Locations API,2026-09-01T20:17:21.472587+00:00,55
70600274,Smith's Marketplace - West Jordan Marketplace,SMITHS,5710 W 7800 S,West Jordan,UT,84081,8015453470,40.611603,-112.0272,,False,active,Returned by Kroger official Locations API on 2026-09-01,Kroger official Locations API,2026-09-01T20:17:21.472587+00:00,53
70600272,Smith's Marketplace - West Point Marketplace,SMITHS,217 N 2000 W,West Point,UT,84015,3853833030,41.116848,-112.06741,,False,active,Returned by Kroger official Locations API on 2026-09-01,Kroger official Locations API,2026-09-01T20:17:21.472587+00:00,52
70600137,Smith's - 4643 SO 4000 W WEST VALLEY CITY UT,SMITHS,4643 S 4000 W,West Valley City,UT,84120,8019681962,40.6687277,-111.984895,,False,active,Returned by Kroger official Locations API on 2026-09-01,Kroger official Locations API,2026-09-01T20:17:21.472587+00:00,35
70600147,Smith's - Legacy Shopping Center,SMITHS,5620 W 4100 S,West Valley City,UT,84128,8019661441,40.6839945,-112.025747,,False,active,Returned by Kroger official Locations API on 2026-09-01,Kroger official Locations API,2026-09-01T20:17:21.472587+00:00,34
70600093,Smith's - Woods Cross Smiths,SMITHS,614 W 2600 S,Woods Cross,UT,84010,8012982122,40.863615,-111.897952,,False,active,Returned by Kroger official Locations API on 2026-09-01,Kroger official Locations API,2026-09-01T20:17:21.472587+00:00,42
70600185,Smith's - 2405 CY AVE CASPER WY,SMITHS,2405 Cy Ave,Casper,WY,82604,3072666242,42.8279296,-106.3530667,,False,active,Returned by Kroger official Locations API on 2026-09-01,Kroger official Locations API,2026-09-01T20:17:21.472587+00:00,33
70600086,Smith's - Evanston Wy,SMITHS,70 Yellow Creek Rd,Evanston,WY,82930,3077890532,41.2557878,-110.9695,,False,active,Returned by Kroger official Locations API on 2026-09-01,Kroger official Locations API,2026-09-01T20:17:21.472587+00:00,29
70600180,Smith's - 906 Camel Gillette,SMITHS,906 Camel Dr,Gillette,WY,82716,3076821103,44.280897,-105.490318,,False,active,Returned by Kroger official Locations API on 2026-09-01,Kroger official Locations API,2026-09-01T20:17:21.472587+00:00,28
70600187,Smith's - 905 BRIDGER DR GREEN RIVER WY,SMITHS,905 Bridger Dr,Green River,WY,82935,3078756900,41.5044202,-109.4582419,,False,active,Returned by Kroger official Locations API on 2026-09-01,Kroger official Locations API,2026-09-01T20:17:21.472587+00:00,31
70600184,Smith's - JACKSON HOLE,SMITHS,1425 S Hwy 89,Jackson,WY,83001,3077338908,43.4587962,-110.7956985,,False,active,Returned by Kroger official Locations API on 2026-09-01,Kroger official Locations API,2026-09-01T20:17:21.472587+00:00,36
70600183,Smith's - 1200 W MAIN ST RIVERTON WY,SMITHS,1200 W Main St,Riverton,WY,82501,3078564931,43.0255124,-108.4090145,,False,active,Returned by Kroger official Locations API on 2026-09-01,Kroger official Locations API,2026-09-01T20:17:21.472587+00:00,32
70600182,Smith's - 2531 FOOTHILL BLVD ROCK SPRINGS WY,SMITHS,2531 Foothill Blvd,Rock Springs,WY,82901,3073621722,41.582958,-109.260703,,False,active,Returned by Kroger official Locations API on 2026-09-01,Kroger official Locations API,2026-09-01T20:17:21.472587+00:00,34
